episode,score,total_reward,max_tile,moves,epsilon,seed,strategy,game_reward,strategy_reward,training_reward,corner_occupancy,snake_score,empty_cells
1,444,613.7776669416127,32,73,0.9993065,42,True,444,169.7776669416126,613.7776669416127,100.0,0.783724369853451,6.191780821917808
2,884,1058.0662847376425,128,94,0.9984135,42,True,884,174.0662847376425,1058.0662847376425,96.80851063829788,0.7939909563473406,6.8936170212765955
3,692,687.8885388713443,64,91,0.997549,42,True,692,-4.111461128655506,687.8885388713443,50.54945054945055,0.756612800797682,4.131868131868132
4,1232,1224.7506414108054,128,124,0.996371,42,True,1232,-7.2493585891946974,1224.7506414108054,30.64516129032258,0.7116276132549757,3.870967741935484
5,444,613.3766167201029,32,68,0.995725,42,True,444,169.37661672010296,613.3766167201029,91.17647058823529,0.7813824216140757,5.735294117647059
6,1344,1338.559706192424,128,140,0.994395,42,True,1344,-5.440293807574914,1338.559706192424,52.857142857142854,0.722636561282077,4.642857142857143
7,656,603.3378639317492,64,84,0.993597,42,True,656,-52.66213606825067,603.3378639317492,7.142857142857143,0.6433413892826497,6.571428571428571
8,1420,1411.7479546517059,128,148,0.992191,42,True,1420,-8.252045348293603,1411.7479546517059,31.08108108108108,0.722193547093848,3.2094594594594597
9,604,803.2281673941802,64,81,0.9914215,42,True,604,199.22816739418022,803.2281673941802,66.66666666666667,0.7007911404126652,6.7407407407407405
10,1400,1350.5487473987323,128,143,0.990063,42,True,1400,-49.451252601267356,1350.5487473987323,72.72727272727273,0.7878303440911997,4.027972027972028
11,476,649.2497105045495,32,73,0.9893695,42,True,476,173.24971050454923,649.2497105045495,89.04109589041096,0.7817802186571569,6.027397260273973
12,844,835.7265818636653,64,102,0.9884005,42,True,844,-8.27341813633408,835.7265818636653,72.54901960784314,0.8004379533614016,4.852941176470588
13,2060,2293.7656870173932,128,191,0.986586,42,True,2060,233.76568701739194,2293.7656870173932,98.95287958115183,0.8247177035330191,3.816753926701571
14,604,805.0977362391252,64,84,0.985788,42,True,604,201.0977362391248,805.0977362391252,100.0,0.8338994578865588,5.464285714285714
15,384,383.28703764320784,32,66,0.985161,42,True,384,-0.7129623567921435,383.28703764320784,0.0,0.6559237750676761,6.0606060606060606
16,656,648.4322787176249,64,88,0.984325,42,True,656,-7.567721282375061,648.4322787176249,44.31818181818182,0.7148977560959744,5.136363636363637
17,556,672.5025954764551,32,84,0.983527,42,True,556,116.5025954764553,672.5025954764551,97.61904761904762,0.7753566217794182,5.095238095238095
18,900,1099.9042692416526,64,111,0.9824725,42,True,900,199.9042692416525,1099.9042692416526,91.89189189189189,0.7580620163643597,5.576576576576577
19,712,711.9126314763787,64,95,0.98157,42,True,712,-0.08736852362108749,711.9126314763787,0.0,0.6863993060338512,4.105263157894737
20,732,734.0536672393289,64,90,0.980715,42,True,732,2.0536672393286626,734.0536672393289,0.0,0.6863663560713649,4.5
21,784,783.5710120829176,64,95,0.9798125,42,True,784,-0.42898791708236317,783.5710120829176,0.0,0.6644556409811359,5.4526315789473685
22,2584,2583.5753224138866,256,215,0.97777,42,True,2584,-0.4246775861130754,2583.5753224138866,0.0,0.6883408837615947,3.7069767441860466
23,1256,1252.633000265189,128,133,0.9765065,42,True,1256,-3.366999734811383,1252.633000265189,27.81954887218045,0.7297604881689098,4.43609022556391
24,376,325.91418933164664,32,62,0.9759175,42,True,376,-50.08581066835334,325.91418933164664,32.25806451612903,0.7617968734737955,5.709677419354839
25,1164,1163.2395375550952,128,118,0.9747965,42,True,1164,-0.7604624449047801,1163.2395375550952,0.0,0.6713873622895912,5.093220338983051
26,628,618.9172855375544,64,83,0.974008,42,True,628,-9.082714462446102,618.9172855375544,56.626506024096386,0.7699787677383495,7.891566265060241
27,732,721.6811970742585,64,97,0.9730865,42,True,732,-10.318802925741421,721.6811970742585,53.608247422680414,0.7261551985771401,4.134020618556701
28,1336,1337.6958711830648,128,139,0.971766,42,True,1336,1.6958711830648525,1337.6958711830648,0.0,0.6890487273565542,4.115107913669065
29,948,937.6775950523579,128,104,0.970778,42,True,948,-10.322404947642134,937.6775950523579,5.769230769230769,0.7189169693568568,4.163461538461538
30,1132,1133.0222734254992,128,121,0.9696285,42,True,1132,1.0222734254992325,1133.0222734254992,0.0,0.6606676365850732,5.297520661157025
31,628,813.6852546403022,64,87,0.968802,42,True,628,185.6852546403021,813.6852546403022,97.70114942528735,0.7902020409829607,6.0
32,864,856.878019916639,64,113,0.9677285,42,True,864,-7.121980083360871,856.878019916639,81.41592920353982,0.7767819344371739,4.1415929203539825
33,892,1093.3153473401248,64,109,0.966693,42,True,892,201.31534734012453,1093.3153473401248,97.24770642201835,0.7864004371251946,4.889908256880734
34,816,1016.8377280643832,64,101,0.9657335,42,True,816,200.83772806438316,1016.8377280643832,98.01980198019803,0.7790119825276669,6.089108910891089
35,788,987.0172193987424,64,98,0.9648025,42,True,788,199.01721939874236,987.0172193987424,82.65306122448979,0.7796896105077239,5.724489795918367
36,632,617.0218016026528,64,83,0.964014,42,True,632,-14.978198397347334,617.0218016026528,81.92771084337349,0.7581568857783475,5.445783132530121
37,520,690.2939649241846,32,79,0.9632635,42,True,520,170.2939649241846,690.2939649241846,100.0,0.7619472861141102,6.075949367088608
38,564,716.0456066608431,32,86,0.9624465,42,True,564,152.04560666084328,716.0456066608431,90.69767441860465,0.7722504450338046,4.6976744186046515
39,1468,1459.5026444410153,128,155,0.960974,42,True,1468,-8.497355558985461,1459.5026444410153,15.483870967741936,0.7131630092961508,3.7806451612903227
40,2156,2390.366134100296,128,203,0.9590455,42,True,2156,234.36613410029648,2390.366134100296,100.0,0.7897183686006691,4.945812807881773
41,736,719.821280122402,64,91,0.958181,42,True,736,-16.17871987759785,719.821280122402,45.05494505494506,0.7704148386530588,6.428571428571429
42,904,903.6161138813504,64,112,0.957117,42,True,904,-0.38388611864942845,903.6161138813504,0.0,0.6967194191836653,4.696428571428571
43,564,558.1954996119412,64,79,0.9563665,42,True,564,-5.804500388058731,558.1954996119412,30.379746835443036,0.7418622767581847,4.734177215189874
44,724,722.3686686345097,64,94,0.9554735,42,True,724,-1.6313313654899417,722.3686686345097,0.0,0.6988124128343188,5.808510638297872
45,1996,1987.9887297275895,256,163,0.953925,42,True,1996,-8.011270272409806,1987.9887297275895,3.067484662576687,0.7338195808266431,3.423312883435583
46,1140,1332.9340880160028,64,133,0.9526615,42,True,1140,192.93408801600293,1332.9340880160028,85.71428571428571,0.7975274958396245,4.285714285714286
47,888,1082.399332337567,64,105,0.951664,42,True,888,194.39933233756702,1082.399332337567,16.19047619047619,0.7212343044566814,4.123809523809523
48,240,378.14643218989727,16,50,0.951189,42,True,240,138.14643218989727,378.14643218989727,100.0,0.7404792463510814,6.3
49,1980,2213.889460840387,128,185,0.9494315,42,True,1980,233.88946084038741,2213.889460840387,62.16216216216216,0.7503751358314248,3.108108108108108
50,2296,2243.758894078723,256,188,0.9476455,42,True,2296,-52.24110592127672,2243.758894078723,67.02127659574468,0.7558355564804964,3.797872340425532
51,272,256.11877857685204,32,51,0.947161,42,True,272,-15.881221423147975,256.11877857685204,78.43137254901961,0.8039314914150868,5.450980392156863
52,956,1152.391990649719,64,113,0.9460875,42,True,956,196.39199064971868,1152.391990649719,97.34513274336283,0.7855484183794075,5.831858407079646
53,1164,1149.4788684860398,128,128,0.9448715,42,True,1164,-14.521131513959968,1149.4788684860398,14.84375,0.6827925972155217,5.1484375
54,1040,1033.8522271122506,128,114,0.9437885,42,True,1040,-6.1477728877496745,1033.8522271122506,65.78947368421052,0.7779414081708134,4.701754385964913
55,812,1017.6678856382979,64,105,0.942791,42,True,812,205.6678856382979,1017.6678856382979,98.0952380952381,0.8301695360153524,5.133333333333334
56,1528,1514.7211082811596,128,155,0.9413185,42,True,1528,-13.278891718840374,1514.7211082811596,72.25806451612904,0.7722449405260334,4.180645161290323
57,972,1176.4076992899413,64,116,0.9402165,42,True,972,204.4076992899407,1176.4076992899413,99.13793103448276,0.7958536885228031,5.448275862068965
58,404,397.43867943137445,32,67,0.93958,42,True,404,-6.5613205686256215,397.43867943137445,49.25373134328358,0.7481832529770486,5.776119402985074
59,868,1065.190852186302,64,103,0.9386015,42,True,868,197.19085218630207,1065.190852186302,98.05825242718447,0.8096490541582376,5.41747572815534
60,2108,2336.8532050963427,128,200,0.9367015,42,True,2108,228.85320509634343,2336.8532050963427,98.5,0.8032658409368314,4.17
61,1396,1382.1950146627555,128,140,0.9353715,42,True,1396,-13.804985337243405,1382.1950146627555,62.857142857142854,0.7622198815333354,3.807142857142857
62,1496,1722.713815233914,128,158,0.9338705,42,True,1496,226.71381523391318,1722.713815233914,99.36708860759494,0.8100631856032491,4.272151898734177
63,708,650.8615622773045,64,94,0.9329775,42,True,708,-57.138437722695684,650.8615622773045,45.744680851063826,0.7561500920037861,5.808510638297872
64,812,1010.6937038851183,64,96,0.9320655,42,True,812,198.69370388511805,1010.6937038851183,100.0,0.7737819617658791,5.708333333333333
65,1608,1560.253443766346,128,164,0.9305075,42,True,1608,-47.746556233652996,1560.253443766346,83.53658536585365,0.7910228287740803,4.774390243902439
66,1116,1114.7449616272531,128,116,0.9294055,42,True,1116,-1.255038372745993,1114.7449616272531,0.0,0.6963982807645124,3.439655172413793
67,1476,1474.5700010718094,128,154,0.9279425,42,True,1476,-1.4299989281904626,1474.5700010718094,0.0,0.7057033537339966,3.292207792207792
68,2116,2105.3567807351073,256,183,0.926204,42,True,2116,-10.643219264892279,2105.3567807351073,19.672131147540984,0.6953838003780823,3.797814207650273
69,972,971.7283161001383,64,117,0.9250925,42,True,972,-0.2716838998617206,971.7283161001383,0.0,0.6694611457073263,4.427350427350428
70,960,950.619742701633,64,114,0.9240095,42,True,960,-9.380257298367138,950.619742701633,36.8421052631579,0.7377104234962837,3.7719298245614037
71,1256,1247.1820541494524,128,131,0.9227650000000001,42,True,1256,-8.817945850547098,1247.1820541494524,54.19847328244275,0.7616195134658137,4.908396946564886
72,804,954.8668103260629,64,102,0.9217960000000001,42,True,804,150.8668103260633,954.8668103260629,79.41176470588235,0.7642369715790215,6.186274509803922
73,1296,1478.3787773451986,128,134,0.920523,42,True,1296,182.37877734519836,1478.3787773451986,99.25373134328358,0.8056788903925549,5.895522388059701
74,256,246.85091140842692,32,52,0.920029,42,True,256,-9.149088591573149,246.85091140842692,36.53846153846154,0.7533737577942377,6.884615384615385
75,2700,2693.7817922835816,256,227,0.9178725,42,True,2700,-6.218207716418304,2693.7817922835816,6.607929515418502,0.708710500910943,3.497797356828194
76,720,701.232651906263,64,95,0.91697,42,True,720,-18.767348093736658,701.232651906263,11.578947368421053,0.7063393296840111,5.578947368421052
77,1012,1010.5855281296704,128,109,0.9159345,42,True,1012,-1.4144718703292565,1010.5855281296704,0.0,0.7052539546144972,4.862385321100917
78,1604,1604.9434333417591,128,160,0.9144145,42,True,1604,0.9434333417591887,1604.9434333417591,0.0,0.6888076215257707,3.7875
79,1000,1156.5081925243217,64,120,0.9132745,42,True,1000,156.50819252432157,1156.5081925243217,100.0,0.815644878197043,5.475
80,480,484.253303932276,32,77,0.912543,42,True,480,4.253303932276184,484.253303932276,0.0,0.6897382016823485,5.1688311688311686
81,512,666.1066003922368,32,81,0.9117735,42,True,512,154.10660039223643,666.1066003922368,76.54320987654322,0.7742327852891383,4.246913580246914
82,1520,1755.3235850171334,128,153,0.91032,42,True,1520,235.3235850171334,1755.3235850171334,92.81045751633987,0.8009156234884064,4.333333333333333
83,1116,1117.194709677419,128,118,0.909199,42,True,1116,1.194709677419354,1117.194709677419,0.0,0.6796509796430138,5.677966101694915
84,888,1093.5851231252477,64,105,0.9082015,42,True,888,205.5851231252479,1093.5851231252477,94.28571428571429,0.7624646897480778,4.79047619047619
85,820,813.9899831138131,64,106,0.9071945,42,True,820,-6.010016886187087,813.9899831138131,78.30188679245283,0.7923257743326123,4.264150943396227
86,1284,1263.5202150537632,128,129,0.905969,42,True,1284,-20.47978494623655,1263.5202150537632,42.63565891472868,0.7177465435069869,4.186046511627907
87,356,474.88263830078427,32,61,0.9053895,42,True,356,118.88263830078441,474.88263830078427,70.49180327868852,0.7665703204399192,7.655737704918033
88,1220,1221.5338598094245,128,128,0.9041735,42,True,1220,1.5338598094243565,1221.5338598094245,0.0,0.6796547960386095,4.5078125
89,1392,1622.9961962611312,128,149,0.902758,42,True,1392,230.9961962611311,1622.9961962611312,99.32885906040268,0.7914689703813631,5.630872483221476
90,968,958.3785397685295,64,115,0.9016655,42,True,968,-9.621460231470062,958.3785397685295,56.52173913043478,0.7859938993504806,4.6347826086956525
91,484,485.04702689211956,32,75,0.900953,42,True,484,1.0470268921195505,485.04702689211956,0.0,0.7131071806249524,5.44
92,936,918.7280607859354,128,101,0.8999935,42,True,936,-17.271939214064474,918.7280607859354,68.31683168316832,0.7645876915678849,5.188118811881188
93,564,724.7665426665081,32,81,0.899224,42,True,564,160.76654266650806,724.7665426665081,96.29629629629629,0.7907277954189255,5.444444444444445
94,820,769.7387096774195,128,82,0.898445,42,True,820,-50.26129032258064,769.7387096774195,28.048780487804876,0.7006784112804628,6.463414634146342
95,1140,1341.987278407439,64,130,0.89721,42,True,1140,201.98727840743967,1341.987278407439,100.0,0.7906605304233214,5.038461538461538
96,964,1147.5774514524148,64,114,0.896127,42,True,964,183.57745145241532,1147.5774514524148,58.771929824561404,0.7392706650181606,4.350877192982456
97,1392,1307.2447252153625,128,142,0.894778,42,True,1392,-84.75527478463754,1307.2447252153625,1.408450704225352,0.7095105872401781,3.7746478873239435
98,828,822.6612566718206,64,106,0.893771,42,True,828,-5.338743328179637,822.6612566718206,15.09433962264151,0.7064295113124563,4.6415094339622645
99,2096,2316.4493469161284,128,197,0.8918995,42,True,2096,220.44934691612752,2316.4493469161284,96.95431472081218,0.801340587552332,4.786802030456853
100,2728,2718.219273671762,256,217,0.889838,42,True,2728,-9.780726328239151,2718.219273671762,51.1520737327189,0.7639082562688296,3.7096774193548385
101,432,549.6661078041467,32,67,0.8892015,42,True,432,117.66610780414685,549.6661078041467,97.01492537313433,0.783984721257183,6.746268656716418
102,652,644.495718868956,64,86,0.8883845,42,True,652,-7.504281131043882,644.495718868956,73.25581395348837,0.782711491499165,5.825581395348837
103,1368,1599.2506118000701,128,143,0.887026,42,True,1368,231.2506118000699,1599.2506118000701,24.475524475524477,0.7170206398439949,3.5174825174825175
104,572,742.404295623767,32,84,0.886228,42,True,572,170.404295623767,742.404295623767,79.76190476190476,0.7600423161367361,4.4523809523809526
105,1376,1372.1127030427817,128,140,0.884898,42,True,1376,-3.887296957218034,1372.1127030427817,75.71428571428571,0.7864646436640175,4.942857142857143
106,1032,1217.4839342188493,64,116,0.883796,42,True,1032,185.48393421884876,1217.4839342188493,81.03448275862068,0.8032953902901091,5.275862068965517
107,1436,1437.1523372240342,128,149,0.8823805,42,True,1436,1.152337224034893,1437.1523372240342,0.0,0.6967435491698873,4.785234899328859
108,984,983.5843488649941,64,118,0.8812595,42,True,984,-0.41565113500597306,983.5843488649941,0.0,0.7064780235024711,4.245762711864407
109,976,963.713572281959,128,103,0.880281,42,True,976,-12.286427718040622,963.713572281959,30.097087378640776,0.7196832077824331,4.106796116504855
110,748,680.8674347158217,64,101,0.8793215,42,True,748,-67.13256528417821,680.8674347158217,65.34653465346534,0.7517625652682451,4.772277227722772
111,700,701.828076906602,64,93,0.878438,42,True,700,1.8280769066020461,701.828076906602,0.0,0.6765333200638967,5.602150537634409
112,724,923.1408219832738,64,99,0.8774975,42,True,724,199.1408219832736,923.1408219832738,100.0,0.770655154971185,5.3232323232323235
113,1328,1322.7636961818466,128,137,0.876196,42,True,1328,-5.236303818152633,1322.7636961818466,80.2919708029197,0.7814314224863957,3.627737226277372
114,1044,1246.7236298468556,64,126,0.874999,42,True,1044,202.72362984685566,1246.7236298468556,96.82539682539682,0.8148715459165893,5.396825396825397
115,1440,1631.1722140812628,128,152,0.873555,42,True,1440,191.17221408126306,1631.1722140812628,100.0,0.8072845840064229,4.197368421052632
116,1132,1084.0449711578742,128,111,0.8725005,42,True,1132,-47.955028842125614,1084.0449711578742,26.126126126126128,0.7463970986768572,4.8558558558558556
117,1440,1347.3967418988286,128,150,0.8710755,42,True,1440,-92.60325810117158,1347.3967418988286,12.666666666666666,0.7106215252941965,4.28
118,1528,1761.6949491590321,128,155,0.869603,42,True,1528,233.69494915903294,1761.6949491590321,81.29032258064517,0.7759280500279445,3.9806451612903224
119,2668,2646.182289204098,256,207,0.8676365,42,True,2668,-21.817710795902265,2646.182289204098,53.14009661835749,0.7634216276263078,4.202898550724638
120,496,658.4682153242715,32,74,0.8669335,42,True,496,162.4682153242713,658.4682153242715,93.24324324324324,0.7955018760766375,6.445945945945946
121,1340,1573.846207565633,128,140,0.8656035,42,True,1340,233.84620756563265,1573.846207565633,99.28571428571429,0.7912435899748166,5.1571428571428575
122,1420,1420.9420313574792,128,145,0.864226,42,True,1420,0.9420313574800172,1420.9420313574792,0.0,0.6746807943214836,5.268965517241379
123,524,508.66581897931394,64,72,0.863542,42,True,524,-15.33418102068601,508.66581897931394,55.55555555555556,0.73361645579375,5.194444444444445
124,684,684.3729905288998,64,90,0.862687,42,True,684,0.3729905289000186,684.3729905288998,0.0,0.6937921037206086,5.177777777777778
125,1088,1244.2673833030628,64,126,0.86149,42,True,1088,156.26738330306327,1244.2673833030628,100.0,0.8230598964873916,4.9523809523809526
126,1864,2100.8365867107796,128,176,0.859818,42,True,1864,236.83658671078024,2100.8365867107796,88.06818181818181,0.8002709893846581,3.340909090909091
127,1884,2106.270992899871,128,177,0.8581365000000001,42,True,1884,222.27099289987143,2106.270992899871,27.683615819209038,0.7323641407983901,4.564971751412429
128,600,583.3599413355231,64,81,0.857367,42,True,600,-16.64005866447694,583.3599413355231,50.617283950617285,0.7703766037112565,5.679012345679013
129,884,877.0103391232424,64,114,0.856284,42,True,884,-6.989660876757654,877.0103391232424,44.73684210526316,0.7453260620267208,5.754385964912281
130,1060,1262.9679912023469,64,130,0.855049,42,True,1060,202.96799120234604,1262.9679912023469,94.61538461538461,0.7801208083009693,4.630769230769231
131,1328,1321.2397087144925,128,137,0.8537475,42,True,1328,-6.7602912855079555,1321.2397087144925,29.927007299270073,0.7528928175969797,3.9927007299270074
132,960,951.0944155135644,128,106,0.8527405,42,True,960,-8.905584486435544,951.0944155135644,42.45283018867924,0.7388516147855713,4.028301886792453
133,308,306.18051650377623,32,56,0.8522084999999999,42,True,308,-1.8194834962237412,306.18051650377623,0.0,0.6622913787598375,6.035714285714286
134,1996,1987.6346240857163,256,168,0.8506125,42,True,1996,-8.365375914282943,1987.6346240857163,16.666666666666668,0.6857727576220349,3.9047619047619047
135,268,437.83977523561805,32,53,0.850109,42,True,268,169.83977523561794,437.83977523561805,84.90566037735849,0.7989421986546036,6.867924528301887
136,1312,1514.4590918312751,64,148,0.848703,42,True,1312,202.45909183127685,1514.4590918312751,79.72972972972973,0.7580447926669305,3.635135135135135
137,1088,1087.9416828250778,128,115,0.8476105,42,True,1088,-0.05831717492214494,1087.9416828250778,0.0,0.6970856293804517,5.860869565217391
138,1004,1162.1638268471745,64,121,0.846461,42,True,1004,158.16382684717473,1162.1638268471745,100.0,0.8115689053981546,4.702479338842975
139,392,567.1320567375888,32,67,0.8458245,42,True,392,175.13205673758864,567.1320567375888,100.0,0.7988622024399676,5.895522388059701
140,1504,1496.794761300426,128,151,0.84439,42,True,1504,-7.205238699575075,1496.794761300426,55.629139072847686,0.7267824580584735,3.880794701986755
141,1312,1536.1110181796569,128,134,0.843117,42,True,1312,224.11101817965678,1536.1110181796569,86.56716417910448,0.7529529859225554,5.611940298507463
142,1288,1261.609887227905,128,133,0.8418535,42,True,1288,-26.390112772095474,1261.609887227905,18.045112781954888,0.693927142836122,5.345864661654136
143,792,984.5536439665468,64,97,0.840932,42,True,792,192.5536439665472,984.5536439665468,96.90721649484536,0.7756064153844764,4.917525773195877
144,1196,1189.3043010752685,128,122,0.839773,42,True,1196,-6.695698924731179,1189.3043010752685,89.34426229508196,0.7965700425194541,4.655737704918033
145,480,647.8154699167201,32,75,0.8390605,42,True,480,167.81546991671988,647.8154699167201,90.66666666666667,0.796765682593545,5.613333333333333
146,1144,1133.0145420644599,128,120,0.8379205,42,True,1144,-10.985457935539937,1133.0145420644599,20.833333333333332,0.7160244300071982,4.65
147,800,792.791285507944,64,95,0.837018,42,True,800,-7.208714492055837,792.791285507944,62.10526315789474,0.728226743416369,5.673684210526316
148,628,631.3660054951517,64,87,0.8361915,42,True,628,3.3660054951519474,631.3660054951517,0.0,0.6434708750460503,6.057471264367816
149,580,773.8440540921256,64,80,0.8354315,42,True,580,193.84405409212565,773.8440540921256,92.5,0.7752134579063883,6.1375
150,2428,2421.9150789028013,256,204,0.8334935,42,True,2428,-6.084921097198418,2421.9150789028013,34.80392156862745,0.7397396265338467,3.014705882352941
151,1516,1509.8654714793931,128,153,0.83204,42,True,1516,-6.1345285206059685,1509.8654714793931,31.372549019607842,0.7255603214051669,4.1568627450980395
152,688,682.0781826997135,64,91,0.8311755000000001,42,True,688,-5.921817300286772,682.0781826997135,46.15384615384615,0.7765585498512355,4.1208791208791204
153,1276,1270.1034008502124,128,133,0.829912,42,True,1276,-5.896599149787466,1270.1034008502124,39.097744360902254,0.7264450659660533,4.413533834586466
154,864,858.246546857155,64,103,0.8289335,42,True,864,-5.753453142844826,858.246546857155,39.80582524271845,0.7439951584774602,6.233009708737864
155,560,560.6918351705326,64,77,0.828202,42,True,560,0.6918351705326735,560.6918351705326,0.0,0.6576105322068345,5.454545454545454
156,2084,2074.523826979471,256,175,0.8265395,42,True,2084,-9.476173020527852,2074.523826979471,58.285714285714285,0.765214076966558,4.114285714285714
157,1160,1154.9435108584114,128,124,0.8253615000000001,42,True,1160,-5.056489141587704,1154.9435108584114,29.032258064516128,0.6957365407998072,5.032258064516129
158,1028,1028.1290885134615,128,106,0.8243545,42,True,1028,0.12908851346130668,1028.1290885134615,0.0,0.6706251209566301,5.716981132075472
159,428,419.6089923710531,32,70,0.8236895,42,True,428,-8.391007628946982,419.6089923710531,50.0,0.7579870545744013,5.042857142857143
160,2136,2052.7950088268344,256,176,0.8220175000000001,42,True,2136,-83.20499117316639,2052.7950088268344,74.43181818181819,0.758899140761222,5.556818181818182
161,980,1182.0920303605305,64,122,0.8208585,42,True,980,202.0920303605313,1182.0920303605305,100.0,0.7862187273977352,4.795081967213115
162,1272,1263.3694197394361,128,130,0.8196235000000001,42,True,1272,-8.630580260564393,1263.3694197394361,41.53846153846154,0.7364914168862046,3.9153846153846152
163,600,601.0938134570324,64,81,0.818854,42,True,600,1.0938134570326365,601.0938134570324,0.0,0.6704726254136097,5.308641975308642
164,1076,1058.0592507578278,64,123,0.8176855000000001,42,True,1076,-17.940749242172043,1058.0592507578278,55.28455284552845,0.7651198894386375,4.67479674796748
165,316,485.7233889105664,32,58,0.8171345,42,True,316,169.7233889105664,485.7233889105664,68.96551724137932,0.7667990812149235,5.793103448275862
166,452,623.1899872321442,32,74,0.8164315,42,True,452,171.18998723214423,623.1899872321442,85.13513513513513,0.7680146695066873,4.256756756756757
167,888,888.2884730228062,128,94,0.8155384999999999,42,True,888,0.28847302280620113,888.2884730228062,0.0,0.6822759573929201,5.159574468085107
168,1220,1217.2490940687424,128,128,0.8143225000000001,42,True,1220,-2.7509059312578366,1217.2490940687424,0.0,0.6932404597305187,4.5546875
169,1016,1017.2825759566953,128,108,0.8132965,42,True,1016,1.2825759566956272,1017.2825759566953,0.0,0.6690328158956921,4.722222222222222
170,308,480.55448791275825,32,59,0.812736,42,True,308,172.55448791275836,480.55448791275825,94.91525423728814,0.7727238741217339,6.338983050847458
171,884,1083.768166715734,64,106,0.811729,42,True,884,199.76816671573368,1083.768166715734,96.22641509433963,0.7575935182793455,5.19811320754717
172,476,638.5561529271204,32,75,0.8110165,42,True,476,162.55615292712065,638.5561529271204,32.0,0.7526648775913974,4.64
173,1464,1456.506233442418,128,154,0.8095535,42,True,1464,-7.493766557581409,1456.506233442418,42.857142857142854,0.7416976897958077,3.3636363636363638
174,656,858.1995180104047,64,93,0.80867,42,True,656,202.19951801040426,858.1995180104047,97.84946236559139,0.8010244426442674,6.516129032258065
175,1256,1255.924462271829,128,126,0.807473,42,True,1256,-0.0755377281711418,1255.924462271829,0.0,0.6692579955360353,4.73015873015873
176,388,386.9145964092834,32,64,0.8068649999999999,42,True,388,-1.0854035907166821,386.9145964092834,0.0,0.6761406858746399,5.765625
177,1328,1326.3496593614054,128,138,0.805554,42,True,1328,-1.6503406385947645,1326.3496593614054,0.0,0.6580641900412025,4.7101449275362315
178,1604,1607.786309907586,128,148,0.804148,42,True,1604,3.7863099075865048,1607.786309907586,0.0,0.6784786518929727,3.5337837837837838
179,556,724.2106043752318,32,84,0.80335,42,True,556,168.21060437523175,724.2106043752318,9.523809523809524,0.6836684341491742,4.833333333333333
180,1480,1472.5355830778933,128,149,0.8019345,42,True,1480,-7.464416922106013,1472.5355830778933,45.63758389261745,0.7596472133192145,3.5906040268456376
181,840,840.4950243457087,64,107,0.800918,42,True,840,0.4950243457090693,840.4950243457087,0.0,0.6422214359336228,4.88785046728972
182,832,823.8309518311137,64,102,0.799949,42,True,832,-8.169048168886127,823.8309518311137,7.8431372549019605,0.6766258099731115,4.176470588235294
183,1108,1056.476433412386,128,116,0.798847,42,True,1108,-51.523566587613914,1056.476433412386,42.241379310344826,0.7751886331602544,3.5948275862068964
184,392,559.7456575682384,32,65,0.7982295,42,True,392,167.74565756823822,559.7456575682384,100.0,0.8139607585353383,5.276923076923077
185,348,459.514118550646,32,64,0.7976215,42,True,348,111.51411855064607,459.514118550646,89.0625,0.7794370260726278,6.25
186,1344,1578.5580620496023,128,141,0.796282,42,True,1344,234.55806204960186,1578.5580620496023,100.0,0.8066467412012821,5.851063829787234
187,304,465.5495987673325,32,56,0.79575,42,True,304,161.5495987673324,465.5495987673325,98.21428571428571,0.7971339912898588,6.017857142857143
188,692,894.3129443218068,64,91,0.7948855,42,True,692,202.31294432180695,894.3129443218068,100.0,0.7740791474585755,5.835164835164835
189,1880,2106.962498471874,128,179,0.793185,42,True,1880,226.9624984718745,2106.962498471874,88.8268156424581,0.7589394164496163,4.078212290502793
190,516,676.2393574443755,32,79,0.7924345,42,True,516,160.23935744437549,676.2393574443755,92.40506329113924,0.8001645235200306,5.3924050632911396
191,1540,1764.797447405329,128,161,0.790905,42,True,1540,224.79744740532962,1764.797447405329,97.51552795031056,0.7854635284847346,5.285714285714286
192,1060,1288.9141196915393,128,118,0.789784,42,True,1060,228.91411969153904,1288.9141196915393,96.61016949152543,0.8076744911142645,6.47457627118644
193,1536,1538.5357780600593,128,154,0.788321,42,True,1536,2.5357780600584547,1538.5357780600593,0.0,0.6945129764233816,3.5194805194805197
194,2320,2312.9918889155556,256,193,0.7864875,42,True,2320,-7.008111084442822,2312.9918889155556,26.424870466321245,0.7587946238001436,3.1139896373056994
195,1588,1818.0572775875535,128,160,0.7849675,42,True,1588,230.0572775875533,1818.0572775875535,99.375,0.775350839484567,5.5875
196,1376,1368.0415395894422,128,144,0.7835995,42,True,1376,-7.9584604105571835,1368.0415395894422,49.30555555555556,0.7494051454930823,3.9652777777777777
197,2392,2374.9970506098257,256,207,0.781633,42,True,2392,-17.002949390174397,2374.9970506098257,53.6231884057971,0.7285134837882237,4.908212560386473
198,1172,1169.6380479567708,128,123,0.7804645,42,True,1172,-2.361952043228639,1169.6380479567708,0.0,0.70686612187146,3.7642276422764227
199,1464,1441.258536546339,128,145,0.779087,42,True,1464,-22.741463453661037,1441.258536546339,93.10344827586206,0.7789428414995582,4.544827586206897
200,680,683.502087346025,64,92,0.778213,42,True,680,3.502087346024636,683.502087346025,0.0,0.6917579435557468,6.163043478260869
201,1052,1189.754441952734,64,127,0.7770065,42,True,1052,137.7544419527342,1189.754441952734,97.63779527559055,0.8048107469774655,4.834645669291339
202,1360,1359.431243091147,128,142,0.7756575,42,True,1360,-0.5687569088533824,1359.431243091147,0.0,0.6735298800069278,4.640845070422535
203,712,701.1711408669776,64,89,0.7748120000000001,42,True,712,-10.828859133022256,701.1711408669776,13.48314606741573,0.6658697814486867,5.662921348314606
204,1608,1598.9632153214461,128,159,0.7733015,42,True,1608,-9.036784678553994,1598.9632153214461,14.465408805031446,0.7035090276785435,4.245283018867925
205,836,1028.7437257641457,64,106,0.7722945,42,True,836,192.74372576414527,1028.7437257641457,99.05660377358491,0.7920489161337103,5.481132075471698
206,328,498.5619268529506,32,55,0.771772,42,True,328,170.5619268529507,498.5619268529506,81.81818181818181,0.7300597744356403,7.0
207,1084,1060.269000786782,128,114,0.770689,42,True,1084,-23.730999213217917,1060.269000786782,47.36842105263158,0.7257579251428158,5.578947368421052
208,472,645.8338992581306,32,72,0.770005,42,True,472,173.83389925813066,645.8338992581306,97.22222222222223,0.7684739370314314,5.277777777777778
209,796,956.9960201089234,64,100,0.769055,42,True,796,160.99602010892332,956.9960201089234,100.0,0.7946380122434887,6.3
210,1408,1630.2644740794135,128,146,0.767668,42,True,1408,222.2644740794137,1630.2644740794135,99.31506849315069,0.7801493516045798,5.821917808219178
211,556,748.3871405723281,64,75,0.7669555,42,True,556,192.38714057232843,748.3871405723281,94.66666666666667,0.7935243813567942,6.08
212,632,572.9966612729743,64,87,0.7661290000000001,42,True,632,-59.003338727025564,572.9966612729743,70.11494252873563,0.7985707829179821,4.9655172413793105
213,1096,1094.0150211795376,128,113,0.7650555,42,True,1096,-1.9849788204626915,1094.0150211795376,0.0,0.6747736609852769,5.530973451327434
214,1260,1492.4959489379737,128,129,0.76383,42,True,1260,232.49594893797342,1492.4959489379737,100.0,0.7954230489513544,5.457364341085271
215,1292,1236.4202166953949,128,132,0.762576,42,True,1292,-55.57978330460483,1236.4202166953949,0.7575757575757576,0.712994792055234,5.151515151515151
216,1928,2159.2347517730486,128,184,0.7608280000000001,42,True,1928,231.23475177304965,2159.2347517730486,98.91304347826087,0.8126617639822713,5.065217391304348
217,1244,1465.566450411486,128,133,0.7595645,42,True,1244,221.56645041148556,1465.566450411486,99.24812030075188,0.7998165094042887,4.7669172932330826
218,1352,1354.7476967814353,128,142,0.7582154999999999,42,True,1352,2.7476967814353834,1354.7476967814353,0.0,0.6852035170274969,3.9225352112676055
219,2016,2249.8754917181645,128,185,0.7564580000000001,42,True,2016,233.8754917181639,2249.8754917181645,98.91891891891892,0.8101198749233474,3.4864864864864864
220,1124,1324.2046149086805,64,128,0.755242,42,True,1124,200.20461490868038,1324.2046149086805,99.21875,0.8252390396693653,5.4921875
221,1344,1338.7830364307501,128,141,0.7539025,42,True,1344,-5.216963569250536,1338.7830364307501,75.88652482269504,0.789891209886831,5.404255319148936
222,488,479.65450353929907,64,69,0.753247,42,True,488,-8.345496460700861,479.65450353929907,26.08695652173913,0.6740193317541312,6.115942028985507
223,932,1091.4330615181677,64,113,0.7521735,42,True,932,159.43306151816765,1091.4330615181677,100.0,0.8230354592547152,4.849557522123894
224,196,332.96919263835196,16,44,0.7517555,42,True,196,136.96919263835207,332.96919263835196,97.72727272727273,0.8176701694241534,6.659090909090909
225,1164,1154.9913151364763,128,125,0.750568,42,True,1164,-9.008684863523563,1154.9913151364763,23.2,0.7191138354152484,4.952
226,1320,1320.570186760361,128,138,0.7492570000000001,42,True,1320,0.5701867603605528,1320.570186760361,0.0,0.662541719659579,4.913043478260869
227,1308,1299.2640385378115,128,137,0.7479555,42,True,1308,-8.735961462189307,1299.2640385378115,56.2043795620438,0.7607256860471452,5.065693430656935
228,1428,1423.8272847748697,128,148,0.7465495,42,True,1428,-4.172715225130126,1423.8272847748697,27.7027027027027,0.7141975255672279,3.8986486486486487
229,1356,1352.0703036657828,128,134,0.7452765,42,True,1356,-3.929696334217402,1352.0703036657828,35.07462686567164,0.7277793050987843,3.843283582089552
230,464,632.4639709138464,32,76,0.7445545,42,True,464,168.46397091384657,632.4639709138464,92.10526315789474,0.7837023050390556,5.947368421052632
231,2148,2141.524256064017,256,184,0.7428064999999999,42,True,2148,-6.475743935983967,2141.524256064017,17.391304347826086,0.6861886261436444,4.809782608695652
232,416,364.88670969424874,32,70,0.7421415,42,True,416,-51.11329030575111,364.88670969424874,77.14285714285714,0.7707005631239148,4.742857142857143
233,2300,2294.789604059894,256,190,0.7403365,42,True,2300,-5.210395940106533,2294.789604059894,60.0,0.745513047334945,4.5
234,1144,1128.9133341783381,128,127,0.7391300000000001,42,True,1144,-15.086665821661699,1128.9133341783381,41.732283464566926,0.756721352965162,3.9921259842519685
235,1096,1325.1116483988826,128,113,0.7380565000000001,42,True,1096,229.11164839888244,1325.1116483988826,100.0,0.7926563063153393,6.407079646017699
236,1300,1293.762058371736,128,139,0.7367360000000001,42,True,1300,-6.237941628264199,1293.762058371736,41.007194244604314,0.7671979187317726,4.611510791366906
237,1076,1266.5056100981765,64,126,0.7355389999999999,42,True,1076,190.5056100981767,1266.5056100981765,98.41269841269842,0.7732705592791604,5.325396825396825
238,1448,1448.8906280218332,128,150,0.7341139999999999,42,True,1448,0.8906280218336953,1448.8906280218332,0.0,0.6895856377682196,3.566666666666667
239,564,756.3920847593389,64,77,0.7333825,42,True,564,192.39208475933881,756.3920847593389,88.31168831168831,0.7615100045883743,6.246753246753247
240,1044,1202.9127945343737,64,126,0.7321855,42,True,1044,158.91279453437366,1202.9127945343737,100.0,0.7560008164013715,5.182539682539683
241,1520,1752.2559068052253,128,146,0.7307985,42,True,1520,232.25590680522535,1752.2559068052253,35.61643835616438,0.7122576074347232,4.609589041095891
242,368,535.4000014073515,32,60,0.7302285,42,True,368,167.40000140735168,535.4000014073515,95.0,0.7451206009045671,6.1
243,1196,1189.9034077538272,128,122,0.7290695,42,True,1196,-6.09659224617196,1189.9034077538272,52.459016393442624,0.7292885881131062,4.483606557377049
244,632,789.2700255444124,32,89,0.728224,42,True,632,157.27002554441253,789.2700255444124,98.87640449438203,0.7320104312855686,5.269662921348314
245,680,664.0350096711801,64,89,0.7273784999999999,42,True,680,-15.964990328820102,664.0350096711801,68.53932584269663,0.7697729083060053,4.258426966292135
246,2492,2758.5395054120677,256,214,0.7253455,42,True,2492,266.53950541206734,2758.5395054120677,99.53271028037383,0.7751037919527399,4.677570093457944
247,1528,1475.426574500768,128,160,0.7238255,42,True,1528,-52.57342549923196,1475.426574500768,0.0,0.6712588211697863,4.5625
248,676,670.9186860112162,64,88,0.7229895,42,True,676,-5.081313988784279,670.9186860112162,95.45454545454545,0.799094091385852,4.965909090909091
249,692,874.4420635215306,64,93,0.722106,42,True,692,182.4420635215307,874.4420635215306,89.24731182795699,0.7133934677911583,5.666666666666667
250,1628,1619.0109178783455,128,164,0.720548,42,True,1628,-8.989082121654908,1619.0109178783455,11.585365853658537,0.7022763158657183,4.408536585365853
251,784,984.3285748469561,64,95,0.7196455,42,True,784,200.3285748469561,984.3285748469561,100.0,0.8028947604696123,4.957894736842105
252,236,398.24715367153476,32,47,0.7191989999999999,42,True,236,162.24715367153476,398.24715367153476,95.74468085106383,0.8069404650385302,7.23404255319149
253,1272,1263.9940514945247,128,139,0.7178785,42,True,1272,-8.005948505474967,1263.9940514945247,46.76258992805755,0.7522561576668694,4.345323741007194
254,628,622.6955427325131,64,87,0.717052,42,True,628,-5.304457267486843,622.6955427325131,10.344827586206897,0.7456875348427697,5.816091954022989
255,960,1163.0310708907266,64,110,0.7160070000000001,42,True,960,203.03107089072645,1163.0310708907266,97.27272727272727,0.7934835421980021,5.045454545454546
256,1412,1403.5628804687938,128,149,0.7145915,42,True,1412,-8.437119531205576,1403.5628804687938,75.83892617449665,0.7719539458668909,5.248322147651007
257,1708,1706.6467079098538,128,169,0.712986,42,True,1708,-1.353292090145823,1706.6467079098538,0.0,0.6938488512167778,4.272189349112426
258,1416,1408.0326806826088,128,147,0.7115895,42,True,1416,-7.9673193173915156,1408.0326806826088,27.891156462585034,0.7233334248198668,5.122448979591836
259,692,635.9129381590201,64,92,0.7107155000000001,42,True,692,-56.08706184098034,635.9129381590201,2.1739130434782608,0.6487130581837682,6.771739130434782
260,1444,1440.8918202764974,128,153,0.7092620000000001,42,True,1444,-3.108179723502296,1440.8918202764974,86.9281045751634,0.7670103586446906,4.235294117647059
261,1376,1365.8542258042146,128,144,0.707894,42,True,1376,-10.14577419578528,1365.8542258042146,52.77777777777778,0.788973460724592,4.3125
262,992,987.7589149180446,64,118,0.7067730000000001,42,True,992,-4.24108508195518,987.7589149180446,77.96610169491525,0.7629260031739235,3.8220338983050848
263,896,895.9014580742693,128,95,0.7058705000000001,42,True,896,-0.09854192573086706,895.9014580742693,0.0,0.6742741617608122,4.873684210526315
264,1416,1412.074234593304,128,144,0.7045025,42,True,1416,-3.9257654066957226,1412.074234593304,23.61111111111111,0.7107476694105563,4.506944444444445
265,424,592.0656287972776,32,69,0.703847,42,True,424,168.06562879727753,592.0656287972776,100.0,0.8082597327333795,5.869565217391305
266,992,1194.094008680003,64,118,0.702726,42,True,992,202.09400868000424,1194.094008680003,99.15254237288136,0.8108192461428568,5.211864406779661
267,860,1062.0921658986178,64,105,0.7017285,42,True,860,202.0921658986175,1062.0921658986178,100.0,0.7812413914727486,6.0285714285714285
268,680,671.4234547189651,64,89,0.700883,42,True,680,-8.576545281034809,671.4234547189651,25.84269662921348,0.7425575616078841,5.269662921348314
269,620,814.5348364007198,64,85,0.7000755000000001,42,True,620,194.5348364007196,814.5348364007198,90.58823529411765,0.7855187718759131,5.270588235294118
270,140,129.30189659305822,16,37,0.699724,42,True,140,-10.698103406941748,129.30189659305822,78.37837837837837,0.7710749984977296,5.5675675675675675
271,1044,1243.5510061634477,64,119,0.6985935000000001,42,True,1044,199.55100616344697,1243.5510061634477,100.0,0.7880648644670377,4.4033613445378155
272,840,1034.8487277034092,64,101,0.6976340000000001,42,True,840,194.84872770340894,1034.8487277034092,83.16831683168317,0.7630454875122098,5.782178217821782
273,1036,944.2355871441614,64,121,0.6964845,42,True,1036,-91.76441285583857,944.2355871441614,50.413223140495866,0.7462712696131523,4.6115702479338845
274,1004,1236.8986556522286,128,106,0.6954775,42,True,1004,232.89865565222857,1236.8986556522286,100.0,0.7979329621315083,5.471698113207547
275,904,1102.6709101040672,64,108,0.6944515,42,True,904,198.6709101040672,1102.6709101040672,100.0,0.8213402605496102,5.805555555555555
276,4804,4783.011820572249,512,341,0.6912119999999999,42,True,4804,-20.988179427750254,4783.011820572249,21.700879765395893,0.7102369504404236,3.4574780058651027
277,1152,1145.3868044222243,128,123,0.6900435,42,True,1152,-6.613195577775468,1145.3868044222243,60.97560975609756,0.762681107736335,4.333333333333333
278,616,815.6863377609111,64,85,0.689236,42,True,616,199.68633776091082,815.6863377609111,100.0,0.8137148376895786,5.011764705882353
279,2068,2302.3458013032455,128,195,0.6873835,42,True,2068,234.34580130324397,2302.3458013032455,100.0,0.7914147103758358,4.230769230769231
280,2436,2429.609068070664,256,207,0.6854169999999999,42,True,2436,-6.390931929336924,2429.609068070664,13.043478260869565,0.6810310150439712,4.570048309178744
281,1536,1529.9700293255135,128,151,0.6839824999999999,42,True,1536,-6.0299706744867905,1529.9700293255135,30.4635761589404,0.7355397860157998,4.3907284768211925
282,1280,1272.5144566854235,128,137,0.6826810000000001,42,True,1280,-7.485543314575567,1272.5144566854235,13.138686131386862,0.7109136063521508,4.255474452554744
283,1372,1364.9730496453903,128,143,0.6813225,42,True,1372,-7.026950354609909,1364.9730496453903,76.22377622377623,0.7664482499801859,4.06993006993007
284,896,900.5337871353081,64,109,0.6802870000000001,42,True,896,4.533787135308417,900.5337871353081,0.0,0.7124060222625888,4.963302752293578
285,1972,2165.443148607664,128,187,0.6785105,42,True,1972,193.4431486076647,2165.443148607664,100.0,0.7925450780590849,5.101604278074866
286,656,646.5303593617975,64,90,0.6776555,42,True,656,-9.469640638202693,646.5303593617975,14.444444444444445,0.7043550278414479,6.122222222222222
287,1468,1705.5700038474777,128,155,0.676183,42,True,1468,237.57000384747786,1705.5700038474777,100.0,0.7833891808285887,5.664516129032258
288,1160,1384.6130737832748,128,123,0.6750145000000001,42,True,1160,224.61307378327436,1384.6130737832748,97.5609756097561,0.8005750906619161,5.146341463414634
289,628,625.7284557761275,64,86,0.6741975,42,True,628,-2.271544223872537,625.7284557761275,0.0,0.6728821328909086,4.965116279069767
290,912,1112.865229548305,64,112,0.6731335,42,True,912,200.86522954830488,1112.865229548305,99.10714285714286,0.7947326156437751,4.553571428571429
291,1336,1331.083579539745,128,136,0.6718415,42,True,1336,-4.916420460255242,1331.083579539745,31.61764705882353,0.7143254434891579,5.507352941176471
292,716,717.2385717295135,64,96,0.6709295,42,True,716,1.2385717295133762,717.2385717295135,0.0,0.7243672205923314,5.645833333333333
293,1192,1425.9282827403842,128,121,0.66978,42,True,1192,233.92828274038297,1425.9282827403842,95.04132231404958,0.7994383832782642,6.603305785123967
294,2076,2269.251158259364,128,195,0.6679275,42,True,2076,193.2511582593635,2269.251158259364,100.0,0.800107466092224,5.266666666666667
295,752,738.1411516672276,64,101,0.666968,42,True,752,-13.858848332772837,738.1411516672276,66.33663366336634,0.7721694972631745,4.336633663366337
296,492,615.9929413449229,32,77,0.6662365000000001,42,True,492,123.99294134492307,615.9929413449229,100.0,0.8084974974934376,5.6103896103896105
297,1080,1284.4332730378856,64,129,0.665011,42,True,1080,204.43327303788564,1284.4332730378856,100.0,0.8040290208814493,5.271317829457364
298,1008,991.7095961074363,64,120,0.663871,42,True,1008,-16.29040389256415,991.7095961074363,65.83333333333333,0.7583947512444182,5.4
299,1752,1736.8436678672756,128,178,0.66218,42,True,1752,-15.156332132723877,1736.8436678672756,38.20224719101124,0.7559608109870007,3.741573033707865
300,964,1145.1120972729266,128,102,0.661211,42,True,964,181.11209727292672,1145.1120972729266,74.50980392156863,0.7849135540262875,5.480392156862745
301,1096,1088.3188535478864,128,115,0.6601185,42,True,1096,-7.681146452114195,1088.3188535478864,16.52173913043478,0.7055992599541397,4.6869565217391305
302,1420,1646.404548871342,128,148,0.6587125,42,True,1420,226.4045488713426,1646.404548871342,98.64864864864865,0.7868568232063079,4.587837837837838
303,840,831.7608510638298,128,87,0.657886,42,True,840,-8.23914893617024,831.7608510638298,8.045977011494253,0.7222579107066341,6.2298850574712645
304,2516,2781.1401419364984,256,214,0.655853,42,True,2516,265.1401419364987,2781.1401419364984,92.5233644859813,0.7803387022448515,4.070093457943925
305,796,996.0275883131425,64,103,0.6548745,42,True,796,200.02758831314262,996.0275883131425,98.05825242718447,0.7715679060107241,5.436893203883495
306,2972,2959.8309157354697,256,239,0.652604,42,True,2972,-12.169084264530177,2959.8309157354697,22.594142259414227,0.7461252191177962,3.1464435146443517
307,1864,1855.6428071686403,128,166,0.651027,42,True,1864,-8.357192831359374,1855.6428071686403,45.18072289156626,0.7346149280516556,4.843373493975903
308,976,1176.2250397727507,64,114,0.6499440000000001,42,True,976,200.22503977275062,1176.2250397727507,100.0,0.7794679356023022,6.0
309,1236,1468.4466560138487,128,127,0.6487375,42,True,1236,232.44665601384867,1468.4466560138487,46.45669291338583,0.7746289970189577,4.110236220472441
310,1284,1280.5838836928162,128,131,0.6474930000000001,42,True,1284,-3.416116307183307,1280.5838836928162,97.70992366412214,0.8045804910972385,4.366412213740458
311,808,788.8814830867027,64,106,0.646486,42,True,808,-19.118516913297427,788.8814830867027,83.01886792452831,0.7965134263509002,4.3584905660377355
312,1340,1331.0269813118268,128,137,0.6451845,42,True,1340,-8.973018688172935,1331.0269813118268,24.817518248175183,0.7386475727739332,3.8905109489051095
313,1288,1420.0420519810345,64,144,0.6438165,42,True,1288,132.0420519810343,1420.0420519810345,56.25,0.7391230094082256,4.486111111111111
314,336,506.2789034968828,32,61,0.6432370000000001,42,True,336,170.2789034968826,506.2789034968828,91.80327868852459,0.7955977570587867,6.491803278688525
315,1068,1219.48936231384,64,131,0.6419925,42,True,1068,151.48936231384047,1219.48936231384,92.36641221374046,0.7737852156845904,4.396946564885496
316,900,1100.0680355121676,64,111,0.640938,42,True,900,200.06803551216754,1100.0680355121676,100.0,0.8004177076568699,5.252252252252252
317,1316,1307.3504436788812,128,136,0.639646,42,True,1316,-8.64955632111911,1307.3504436788812,0.7352941176470589,0.7274486106133305,3.8455882352941178
318,2792,3050.0659579055146,256,228,0.63748,42,True,2792,258.0659579055165,3050.0659579055146,69.29824561403508,0.7904499363441068,3.9342105263157894
319,1248,1231.1493374362897,128,123,0.6363115,42,True,1248,-16.850662563710145,1231.1493374362897,41.46341463414634,0.7289606262824687,3.6178861788617884
320,1080,1062.8520847744403,128,114,0.6352285,42,True,1080,-17.147915225559608,1062.8520847744403,56.14035087719298,0.745351582957762,3.956140350877193
321,2056,2004.2716965199158,256,173,0.6335850000000001,42,True,2056,-51.72830348008368,2004.2716965199158,68.20809248554913,0.7576253897266009,3.9884393063583814
322,1112,1344.276214730375,128,123,0.6324165,42,True,1112,232.27621473037433,1344.276214730375,97.5609756097561,0.768598867348877,5.008130081300813
323,1348,1344.4370334998728,128,142,0.6310675000000001,42,True,1348,-3.5629665001275796,1344.4370334998728,87.32394366197182,0.7881149512791426,4.725352112676056
324,1616,1596.0960528472162,128,158,0.6295665,42,True,1616,-19.90394715278365,1596.0960528472162,84.81012658227849,0.7941190346098091,4.449367088607595
325,880,1081.11330084012,64,106,0.6285594999999999,42,True,880,201.11330084012056,1081.11330084012,91.50943396226415,0.7782754387509174,6.216981132075472
326,488,656.8132733928326,32,76,0.6278375,42,True,488,168.81327339283249,656.8132733928326,94.73684210526316,0.7916418469932754,5.223684210526316
327,1404,1628.460138248848,128,147,0.626441,42,True,1404,224.46013824884793,1628.460138248848,99.31972789115646,0.7995074745846154,5.5646258503401365
328,560,730.8386543778797,32,85,0.6256335000000001,42,True,560,170.83865437788015,730.8386543778797,95.29411764705883,0.7989878762933397,4.894117647058824
329,596,590.060060809836,64,80,0.6248735000000001,42,True,596,-5.9399391901639,590.060060809836,37.5,0.7423945177505085,4.9
330,1408,1402.6409321175274,128,151,0.6234390000000001,42,True,1408,-5.359067882472132,1402.6409321175274,84.76821192052981,0.7878306364889247,5.139072847682119
331,768,760.142806731104,64,101,0.6224795000000001,42,True,768,-7.857193268896289,760.142806731104,62.37623762376238,0.7719196811448128,5.02970297029703
332,1352,1567.9502573517352,128,139,0.621159,42,True,1352,215.9502573517359,1567.9502573517352,95.68345323741008,0.7878568141308353,5.431654676258993
333,1056,1260.3290993208054,64,126,0.619962,42,True,1056,204.3290993208051,1260.3290993208054,100.0,0.8110089433790184,5.412698412698413
334,924,1129.351820566161,64,111,0.6189074999999999,42,True,924,205.35182056616142,1129.351820566161,100.0,0.786482481056101,4.8558558558558556
335,1424,1657.5220975316324,128,146,0.6175204999999999,42,True,1424,233.52209753163183,1657.5220975316324,99.31506849315069,0.8089469940307489,5.068493150684931
336,3164,3154.162191035686,256,261,0.615041,42,True,3164,-9.837808964313723,3154.162191035686,17.24137931034483,0.6994713753060998,2.521072796934866
337,1404,1397.4842928941866,128,145,0.6136635,42,True,1404,-6.515707105813437,1397.4842928941866,2.7586206896551726,0.6575372099469845,5.248275862068965
338,1356,1349.7689088006643,128,141,0.6123240000000001,42,True,1356,-6.2310911993357685,1349.7689088006643,74.46808510638297,0.7624865155771976,5.191489361702128
339,1676,1650.8623963133653,128,157,0.6108325,42,True,1676,-25.137603686635934,1650.8623963133653,87.89808917197452,0.8008044746734455,3.929936305732484
340,1328,1523.8329470280914,64,151,0.609398,42,True,1328,195.83294702809067,1523.8329470280914,78.80794701986756,0.783589840205726,3.5099337748344372
341,2068,2303.13088702695,128,194,0.6075550000000001,42,True,2068,235.13088702694927,2303.13088702695,96.3917525773196,0.7757906426025121,4.608247422680412
342,1388,1619.8064251007831,128,147,0.6061585,42,True,1388,231.80642510078323,1619.8064251007831,51.70068027210884,0.7449960263680201,5.285714285714286
343,1616,1848.6604488078535,128,172,0.6045245,42,True,1616,232.66044880785415,1848.6604488078535,100.0,0.8263575596735535,4.296511627906977
344,2432,2427.4681085043994,256,205,0.602577,42,True,2432,-4.531891495601197,2427.4681085043994,12.195121951219512,0.7111569489503923,4.273170731707317
345,1432,1424.6411556545809,128,148,0.601171,42,True,1432,-7.358844345418483,1424.6411556545809,27.7027027027027,0.7131579282787818,3.891891891891892
346,1172,1365.509714768728,64,134,0.599898,42,True,1172,193.50971476872874,1365.509714768728,84.32835820895522,0.739527710234086,6.126865671641791
347,1312,1533.5610884716455,128,129,0.5986725,42,True,1312,221.56108847164566,1533.5610884716455,99.2248062015504,0.7766115921824143,6.224806201550388
348,1352,1349.1905609006224,128,140,0.5973425,42,True,1352,-2.8094390993774496,1349.1905609006224,0.7142857142857143,0.6674703304404193,4.25
349,996,991.4734252387292,128,110,0.5962975,42,True,996,-4.52657476127086,991.4734252387292,65.45454545454545,0.7534763075599625,5.545454545454546
350,1536,1770.253750281976,128,161,0.594768,42,True,1536,234.2537502819761,1770.253750281976,97.51552795031056,0.7995455062965645,5.3478260869565215
351,1148,1137.7999470610189,128,125,0.5935805000000001,42,True,1148,-10.200052938981308,1137.7999470610189,68.0,0.7180560298674288,5.392
352,520,500.67060805246507,64,71,0.5929059999999999,42,True,520,-19.329391947534692,500.67060805246507,90.14084507042253,0.7894617345547064,6.535211267605634
353,1256,1246.782605945604,128,132,0.5916520000000001,42,True,1256,-9.217394054395943,1246.782605945604,11.363636363636363,0.7036083970949676,5.378787878787879
354,748,949.3738808775289,64,100,0.5907020000000001,42,True,748,201.3738808775287,949.3738808775289,100.0,0.7891459714118961,5.64
355,700,884.0584789673624,64,92,0.589828,42,True,700,184.05847896736233,884.0584789673624,97.82608695652173,0.7834135764912398,5.467391304347826
356,2368,2593.5935550018753,128,220,0.587738,42,True,2368,225.59355500187417,2593.5935550018753,99.54545454545455,0.7959505493668675,4.540909090909091
357,1000,994.3575596718514,128,105,0.5867405,42,True,1000,-5.642440328148753,994.3575596718514,40.95238095238095,0.7186245467419738,4.190476190476191
358,648,641.8594500575824,64,88,0.5859045,42,True,648,-6.140549942417515,641.8594500575824,37.5,0.6912678005806419,5.488636363636363
359,692,690.1902524206315,64,90,0.5850495,42,True,692,-1.8097475793685156,690.1902524206315,0.0,0.7030478024612355,5.477777777777778
360,2304,2235.732291476824,256,191,0.5832350000000001,42,True,2304,-68.26770852317604,2235.732291476824,58.1151832460733,0.7597922489375716,4.0680628272251305
361,1112,1344.0308484337104,128,120,0.582095,42,True,1112,232.0308484337108,1344.0308484337104,100.0,0.8055911322706865,6.025
362,1620,1836.609451788919,128,161,0.5805655000000001,42,True,1620,216.6094517889186,1836.609451788919,78.26086956521739,0.7514044880281272,4.881987577639752
363,572,741.4966702409839,32,87,0.579739,42,True,572,169.49667024098426,741.4966702409839,98.85057471264368,0.7593056844510078,5.367816091954023
364,872,862.7051105250016,64,105,0.5787415,42,True,872,-9.294889474998637,862.7051105250016,69.52380952380952,0.7516679147844255,4.761904761904762
365,660,861.5500496610098,64,90,0.5778865,42,True,660,201.55004966100964,861.5500496610098,96.66666666666667,0.7847377543407583,5.466666666666667
366,312,312.3863652039665,32,57,0.577345,42,True,312,0.3863652039664771,312.3863652039665,0.0,0.671227660873668,5.508771929824562
367,1800,2033.7900745808663,128,170,0.5757300000000001,42,True,1800,233.79007458086713,2033.7900745808663,97.6470588235294,0.7576383052931277,5.1117647058823525
368,948,1149.9640795662758,64,115,0.5746375,42,True,948,201.9640795662753,1149.9640795662758,100.0,0.7898943622510214,4.6695652173913045
369,1748,1965.6210223220553,128,159,0.5731269999999999,42,True,1748,217.62102232205666,1965.6210223220553,72.32704402515724,0.7458751424941126,4.477987421383648
370,1752,1976.3997985117799,128,164,0.571569,42,True,1752,224.3997985117801,1976.3997985117799,54.8780487804878,0.7245908796173643,3.9939024390243905
371,1180,1414.950683737882,128,127,0.5703625000000001,42,True,1180,234.95068373788203,1414.950683737882,99.21259842519684,0.7920885768736121,5.645669291338582
372,1444,1668.6152774026211,128,149,0.5689470000000001,42,True,1444,224.61527740262056,1668.6152774026211,95.97315436241611,0.8050899052940584,5.12751677852349
373,2192,2423.4564185528493,128,209,0.5669615,42,True,2192,231.45641855284958,2423.4564185528493,99.52153110047847,0.7985770413440978,3.6220095693779903
374,1604,1594.5340917866934,128,159,0.565451,42,True,1604,-9.465908213306566,1594.5340917866934,98.74213836477988,0.7576296758108696,4.817610062893082
375,604,595.4103942652328,64,82,0.5646720000000001,42,True,604,-8.589605734767014,595.4103942652328,73.17073170731707,0.7535757669744327,5.414634146341464
376,1512,1735.3482656767253,128,152,0.5632280000000001,42,True,1512,223.34826567672386,1735.3482656767253,99.34210526315789,0.7979728325635064,4.552631578947368
377,2332,2313.528087324861,256,197,0.5613565,42,True,2332,-18.4719126751385,2313.528087324861,12.690355329949238,0.7068053591173704,3.8680203045685277
378,744,944.7536054444921,64,96,0.5604445,42,True,744,200.75360544449242,944.7536054444921,100.0,0.7612156220023428,5.9375
379,1268,1500.0138724320398,128,131,0.5591999999999999,42,True,1268,232.01387243203882,1500.0138724320398,100.0,0.8010143259564749,6.923664122137405
380,3108,3102.5815657698195,256,257,0.5567585,42,True,3108,-5.418434230177944,3102.5815657698195,21.40077821011673,0.7078574780378364,4.0778210116731515
381,928,1122.407319838826,64,112,0.5556945,42,True,928,194.4073198388259,1122.407319838826,98.21428571428571,0.8104918773014996,5.241071428571429
382,1080,1272.2614746543782,64,123,0.5545260000000001,42,True,1080,192.26147465437785,1272.2614746543782,76.42276422764228,0.7626535224305423,4.934959349593496
383,1388,1619.276304985337,128,147,0.5531295,42,True,1388,231.27630498533725,1619.276304985337,100.0,0.8015039542328676,5.816326530612245
384,1544,1538.2006735200289,128,159,0.5516190000000001,42,True,1544,-5.799326479971633,1538.2006735200289,76.1006289308176,0.7883598171407274,4.2578616352201255
385,1196,1186.7302919549224,128,122,0.55046,42,True,1196,-9.269708045076783,1186.7302919549224,58.19672131147541,0.726267287440863,4.565573770491803
386,1276,1268.7044420941293,128,131,0.5492155000000001,42,True,1276,-7.295557905869924,1268.7044420941293,84.73282442748092,0.7842192724597129,5.9541984732824424
387,2348,2600.333499209648,256,197,0.547344,42,True,2348,252.33349920964815,2600.333499209648,67.51269035532995,0.7736044028196268,3.7918781725888326
388,524,691.5636324766022,32,80,0.546584,42,True,524,167.5636324766022,691.5636324766022,100.0,0.7675909067993467,4.8625
389,1696,1697.988464676409,128,169,0.5449785,42,True,1696,1.9884646764086504,1697.988464676409,0.0,0.6901641059553955,4.159763313609467
390,808,1000.5390642550531,64,99,0.544038,42,True,808,192.53906425505306,1000.5390642550531,98.98989898989899,0.8300940574321118,4.898989898989899
391,1024,1224.0051401301816,64,124,0.54286,42,True,1024,200.00514013018193,1224.0051401301816,100.0,0.7550472500282601,5.120967741935484
392,1284,1275.7039133386552,128,132,0.541606,42,True,1284,-8.296086661344487,1275.7039133386552,6.0606060606060606,0.6882701659597465,4.962121212121212
393,1004,994.2398708938084,64,117,0.5404945,42,True,1004,-9.760129106191474,994.2398708938084,8.547008547008547,0.6925496263357633,4.52991452991453
394,2176,2156.9958207228015,256,187,0.538718,42,True,2176,-19.004179277198674,2156.9958207228015,28.342245989304814,0.7101139468451069,4.411764705882353
395,544,715.5924292297564,32,77,0.5379865,42,True,544,171.59242922975642,715.5924292297564,98.7012987012987,0.7706520173240504,5.5064935064935066
396,900,1095.0024113171153,64,110,0.5369415000000001,42,True,900,195.00241131711502,1095.0024113171153,97.27272727272727,0.7947052896050553,5.181818181818182
397,2020,2002.4381259819045,256,168,0.5353455,42,True,2020,-17.56187401809569,2002.4381259819045,22.61904761904762,0.7282844341692452,3.875
398,1916,2143.0121584988565,128,187,0.533569,42,True,1916,227.01215849885622,2143.0121584988565,97.86096256684492,0.7834942080867136,3.802139037433155
399,972,1175.6498418722326,64,119,0.5324385,42,True,972,203.6498418722328,1175.6498418722326,99.15966386554622,0.8079219546620969,4.4789915966386555
400,2328,2593.5656074487306,256,196,0.5305765,42,True,2328,265.56560744873,2593.5656074487306,74.48979591836735,0.772388379959441,5.688775510204081
401,1192,1374.4217572112598,128,131,0.529332,42,True,1192,182.42175721125966,1374.4217572112598,97.70992366412214,0.8257407942143976,5.282442748091603
402,1396,1395.3205376965984,128,143,0.5279735000000001,42,True,1396,-0.6794623034011824,1395.3205376965984,0.0,0.690450196929721,4.314685314685315
403,1044,1029.8759960376026,64,124,0.5267955,42,True,1044,-14.124003962397392,1029.8759960376026,11.290322580645162,0.7264636578122681,4.693548387096774
404,1100,1300.0349382121653,64,124,0.5256175000000001,42,True,1100,200.034938212165,1300.0349382121653,100.0,0.7865438813442216,4.991935483870968
405,732,734.7276549766982,64,97,0.524696,42,True,732,2.7276549766981706,734.7276549766982,0.0,0.7058485154272209,4.639175257731959
406,1980,1954.2973156622722,256,159,0.5231855000000001,42,True,1980,-25.702684337726605,1954.2973156622722,47.16981132075472,0.7568443464942279,4.591194968553459
407,1012,1007.213700720532,64,117,0.522074,42,True,1012,-4.786299279468153,1007.213700720532,54.7008547008547,0.7860088134629146,4.051282051282051
408,1288,1482.1682466785937,64,142,0.5207250000000001,42,True,1288,194.1682466785936,1482.1682466785937,86.61971830985915,0.7652034823035484,5.211267605633803
409,600,801.2202878622643,64,84,0.519927,42,True,600,201.22028786226443,801.2202878622643,85.71428571428571,0.7673608056100937,5.773809523809524
410,2152,2337.779841402336,128,200,0.518027,42,True,2152,185.77984140233724,2337.779841402336,100.0,0.7713399326732501,4.105
411,2296,2289.1437347759966,256,203,0.5160985,42,True,2296,-6.856265224003112,2289.1437347759966,53.20197044334975,0.7610238943369215,4.0344827586206895
412,1332,1316.1017224446623,128,138,0.5147875,42,True,1332,-15.898277555337351,1316.1017224446623,87.68115942028986,0.7788073809581182,4.6521739130434785
413,1272,1222.0868447263047,128,131,0.5135430000000001,42,True,1272,-49.91315527369558,1222.0868447263047,83.96946564885496,0.7557316924646341,4.755725190839694
414,892,893.3200277579172,64,108,0.512517,42,True,892,1.320027757917316,893.3200277579172,0.0,0.7093736173380445,5.064814814814815
415,1768,1761.812429149328,128,179,0.5108165,42,True,1768,-6.1875708506716975,1761.812429149328,23.463687150837988,0.7237562248504897,3.564245810055866
416,580,572.8890665079118,64,79,0.5100660000000001,42,True,580,-7.110933492088019,572.8890665079118,36.70886075949367,0.7217495028503126,5.025316455696203
417,600,799.6538407477684,64,81,0.5092965,42,True,600,199.65384074776864,799.6538407477684,97.53086419753086,0.8291960458621941,6.654320987654321
418,996,987.9432385578076,128,104,0.5083085,42,True,996,-8.056761442192673,987.9432385578076,18.26923076923077,0.6968783034277641,5.596153846153846
419,1124,1107.241773449243,128,125,0.5071210000000002,42,True,1124,-16.75822655075703,1107.241773449243,52.0,0.7758187427050703,4.328
420,2084,2337.9354201198526,256,179,0.5054205,42,True,2084,253.9354201198521,2337.9354201198526,98.88268156424581,0.8240463540614408,5.23463687150838
421,668,659.6708482676227,64,89,0.504575,42,True,668,-8.329151732377545,659.6708482676227,76.40449438202248,0.7541814004324688,4.764044943820225
422,2312,2534.885014507594,256,192,0.502751,42,True,2312,222.88501450759514,2534.885014507594,100.0,0.7925192670066159,5.755208333333333
423,1996,2231.927824979311,128,187,0.5009745,42,True,1996,235.92782497930966,2231.927824979311,98.93048128342247,0.7685623432393631,4.475935828877005
424,1348,1530.973000334178,128,138,0.49966350000000004,42,True,1348,182.97300033417864,1530.973000334178,99.27536231884058,0.7817827689923934,5.840579710144928
425,3292,3282.2053570172047,256,272,0.4970795,42,True,3292,-9.794642982794374,3282.2053570172047,84.19117647058823,0.7667352622822792,4.125
426,1352,1343.4138180067414,128,143,0.4957210000000001,42,True,1352,-8.586181993259514,1343.4138180067414,90.20979020979021,0.7983233719638959,4.7272727272727275
427,1520,1511.676687449174,128,158,0.49422,42,True,1520,-8.323312550826772,1511.676687449174,79.74683544303798,0.7943598566009937,4.5
428,1200,1435.8638226233973,128,120,0.4930800000000001,42,True,1200,235.8638226233971,1435.8638226233973,98.33333333333333,0.7762099141051662,6.216666666666667
429,988,1178.7325700483293,64,120,0.49193999999999993,42,True,988,190.73257004832945,1178.7325700483293,98.33333333333333,0.7390493011855742,5.916666666666667
430,1636,1627.9141880615446,128,165,0.4903725,42,True,1636,-8.085811938455901,1627.9141880615446,36.36363636363637,0.7803466146835099,4.327272727272727
431,992,1178.869671094244,64,117,0.48926100000000006,42,True,992,186.86967109424415,1178.869671094244,97.43589743589743,0.7926375268805423,5.128205128205129
432,440,608.6516002611822,32,72,0.48857700000000004,42,True,440,168.651600261182,608.6516002611822,98.61111111111111,0.8323520359289021,5.875
433,1192,1184.560805553893,128,130,0.48734200000000005,42,True,1192,-7.439194446106887,1184.560805553893,1.5384615384615385,0.6996558315882607,4.1
434,1696,1681.6156374807988,128,172,0.48570800000000003,42,True,1696,-14.384362519201218,1681.6156374807988,51.16279069767442,0.7578199596108679,3.802325581395349
435,1376,1558.7303709382566,128,145,0.4843305,42,True,1376,182.7303709382556,1558.7303709382566,99.3103448275862,0.7835943260230809,5.544827586206897
436,396,398.10940008757836,32,66,0.48370350000000006,42,True,396,2.1094000875784555,398.10940008757836,0.0,0.6763814106955267,5.681818181818182
437,1740,1965.7050659062313,128,163,0.482155,42,True,1740,225.70506590623128,1965.7050659062313,94.47852760736197,0.7854066448347974,5.478527607361963
438,1792,1982.850856086966,128,173,0.4805115,42,True,1792,190.85085608696508,1982.850856086966,100.0,0.8075206763037373,4.716763005780347
439,3072,3339.185909834845,256,249,0.47814599999999996,42,True,3072,267.18590983484603,3339.185909834845,99.19678714859438,0.7873641071131681,4.321285140562249
440,476,469.7633540281185,64,67,0.47750950000000003,42,True,476,-6.236645971881632,469.7633540281185,59.701492537313435,0.7754593064673543,4.582089552238806
441,1388,1336.5712650626901,128,144,0.4761415,42,True,1388,-51.428734937309855,1336.5712650626901,6.25,0.7011775111081375,4.291666666666667
442,1384,1616.4529765122852,128,140,0.47481149999999994,42,True,1384,232.45297651228452,1616.4529765122852,99.28571428571429,0.76335736803278,5.85
443,416,545.2660435376104,32,67,0.474175,42,True,416,129.26604353761047,545.2660435376104,100.0,0.7528229172369756,6.552238805970149
444,1300,1532.4911707452732,128,135,0.47289250000000005,42,True,1300,232.49117074527254,1532.4911707452732,100.0,0.7912560416457292,6.444444444444445
445,1044,1246.113446682971,64,126,0.47169550000000005,42,True,1044,202.1134466829704,1246.113446682971,93.65079365079364,0.7752804708290203,4.904761904761905
446,1080,1071.3944980397341,128,113,0.4706220000000001,42,True,1080,-8.605501960266045,1071.3944980397341,36.283185840707965,0.7290567197650669,4.761061946902655
447,960,1166.0810752688171,64,114,0.46953900000000004,42,True,960,206.08107526881722,1166.0810752688171,100.0,0.7742238717439697,5.885964912280702
448,1000,1193.420975097712,64,120,0.468399,42,True,1000,193.42097509771256,1193.420975097712,93.33333333333333,0.7894211379156545,4.833333333333333
449,996,1198.0291336779424,64,118,0.46727799999999997,42,True,996,202.0291336779428,1198.0291336779424,96.61016949152543,0.7736826909708179,4.805084745762712
450,1360,1582.9306262094285,128,142,0.46592900000000004,42,True,1360,222.93062620942806,1582.9306262094285,19.718309859154928,0.7607538405928114,4.612676056338028
451,1132,1362.6877450137167,128,121,0.4647795000000001,42,True,1132,230.68774501371624,1362.6877450137167,100.0,0.8054307996566247,4.950413223140496
452,1488,1706.6557427123605,128,156,0.46329750000000003,42,True,1488,218.65574271236122,1706.6557427123605,98.07692307692308,0.7797516073513527,5.423076923076923
453,1152,1308.6879491982995,128,122,0.4621385000000001,42,True,1152,156.68794919829898,1308.6879491982995,100.0,0.7823404074902696,5.745901639344262
454,1408,1393.273186456309,128,142,0.46078949999999996,42,True,1408,-14.726813543691122,1393.273186456309,20.422535211267604,0.7402059793684674,4.225352112676056
455,1428,1651.6034057098582,128,147,0.45939300000000005,42,True,1428,223.60340570985733,1651.6034057098582,97.27891156462584,0.7982455821830913,5.870748299319728
456,1568,1560.276703931274,128,157,0.4579015000000001,42,True,1568,-7.723296068726153,1560.276703931274,10.19108280254777,0.7090671983137858,4.057324840764331
457,1292,1284.461181141951,128,137,0.4566000000000001,42,True,1292,-7.538818858049147,1284.461181141951,8.02919708029197,0.7348610075232382,3.0145985401459856
458,1132,1315.807257472763,64,126,0.455403,42,True,1132,183.80725747276324,1315.807257472763,96.82539682539682,0.7818906673215581,5.246031746031746
459,708,690.152798168227,64,96,0.4544910000000001,42,True,708,-17.84720183177317,690.152798168227,92.70833333333333,0.7935756158204744,5.385416666666667
460,3040,3296.7995022749965,256,248,0.45213500000000006,42,True,3040,256.79950227499546,3296.7995022749965,98.38709677419355,0.780482083649807,4.915322580645161
461,996,998.290682653402,128,107,0.4511185,42,True,996,2.290682653402129,998.290682653402,0.0,0.7381989543958731,4.747663551401869
462,1384,1367.1964752771198,128,142,0.44976950000000004,42,True,1384,-16.80352472287956,1367.1964752771198,34.50704225352113,0.749869145098285,3.3732394366197185
463,652,601.6027766090834,64,86,0.4489525000000001,42,True,652,-50.39722339091685,601.6027766090834,80.23255813953489,0.7679497778750949,5.104651162790698
464,940,1135.1682392718842,64,114,0.44786950000000003,42,True,940,195.16823927188378,1135.1682392718842,98.24561403508773,0.7929099257070805,4.991228070175438
465,544,728.3014381128324,64,74,0.4471665,42,True,544,184.30143811283216,728.3014381128324,74.32432432432432,0.7659692316275306,6.662162162162162
466,1352,1336.5231322880138,128,140,0.44583649999999997,42,True,1352,-15.476867711986412,1336.5231322880138,44.285714285714285,0.7530113029716778,4.178571428571429
467,1200,1406.2912984239206,64,140,0.4445065,42,True,1200,206.29129842392103,1406.2912984239206,100.0,0.7767170285093787,4.642857142857143
468,1316,1550.6324045592858,128,135,0.44322399999999995,42,True,1316,234.63240455928448,1550.6324045592858,99.25925925925925,0.7985307743028541,6.392592592592592
469,1040,1242.5495039406464,64,125,0.44203650000000005,42,True,1040,202.54950394064664,1242.5495039406464,98.4,0.8230678144697116,5.264
470,2860,3125.3904284595014,256,232,0.43983250000000007,42,True,2860,265.3904284595031,3125.3904284595014,99.56896551724138,0.7829747782969987,4.487068965517241
471,1516,1465.3838635775778,128,159,0.438322,42,True,1516,-50.61613642242174,1465.3838635775778,81.13207547169812,0.7869321475007067,4.352201257861635
472,932,924.1296798865102,64,115,0.43722950000000005,42,True,932,-7.870320113489164,924.1296798865102,66.08695652173913,0.7865943204585332,4.834782608695652
473,1344,1326.9973938399855,128,139,0.4359090000000001,42,True,1344,-17.002606160014547,1326.9973938399855,31.654676258992804,0.7314418264035472,4.280575539568345
474,928,876.1381042288704,64,117,0.43479750000000006,42,True,928,-51.861895771129724,876.1381042288704,61.53846153846154,0.7788898269309923,4.162393162393163
475,1420,1613.5930875576041,128,144,0.4334295,42,True,1420,193.59308755760367,1613.5930875576041,100.0,0.797196006443126,5.020833333333333
476,1088,1269.8990163528874,128,120,0.4322895000000001,42,True,1088,181.89901635288697,1269.8990163528874,99.16666666666667,0.8068970430397325,5.5
477,1720,1945.4453499293595,128,164,0.43073149999999993,42,True,1720,225.44534992935903,1945.4453499293595,98.78048780487805,0.8149307783339937,5.164634146341464
478,1404,1635.1442045017682,128,141,0.4293920000000001,42,True,1404,231.14420450176817,1635.1442045017682,98.58156028368795,0.8162297556747312,5.780141843971631
479,980,1181.4878934224926,64,119,0.4282615000000001,42,True,980,201.4878934224919,1181.4878934224926,100.0,0.8113458060830937,5.689075630252101
480,1088,1071.4920884271219,128,118,0.42714050000000003,42,True,1088,-16.50791157287871,1071.4920884271219,27.11864406779661,0.7079023914759479,4.915254237288136
481,1532,1722.9134761839941,128,153,0.42568700000000004,42,True,1532,190.91347618399476,1722.9134761839941,100.0,0.7902254059253911,5.516339869281046
482,1776,2000.9777247260063,128,166,0.4241100000000001,42,True,1776,224.977724726007,2000.9777247260063,80.12048192771084,0.7783730411319384,4.144578313253012
483,972,1174.2437648637117,64,116,0.42300800000000005,42,True,972,202.2437648637112,1174.2437648637117,99.13793103448276,0.7570054225687604,5.913793103448276
484,1948,2182.3167834419887,128,187,0.4212315,42,True,1948,234.31678344198875,2182.3167834419887,97.86096256684492,0.7950031970401403,3.7433155080213902
485,1500,1734.9222240793363,128,158,0.4197305,42,True,1500,234.9222240793359,1734.9222240793363,99.36708860759494,0.797440358078708,4.1265822784810124
486,2040,2225.0316624450074,128,188,0.41794450000000005,42,True,2040,185.03166244500733,2225.0316624450074,100.0,0.7531921092880314,5.01063829787234
487,836,837.9822032213161,64,106,0.41693749999999996,42,True,836,1.9822032213163645,837.9822032213161,0.0,0.6999869026091544,4.2924528301886795
488,1072,1063.7792627472857,128,112,0.4158735,42,True,1072,-8.220737252714478,1063.7792627472857,73.21428571428571,0.7608076712672902,5.428571428571429
489,456,629.4942166364591,32,70,0.4152085000000001,42,True,456,173.4942166364593,629.4942166364591,77.14285714285714,0.7125963028625608,6.828571428571428
490,2752,2975.5931705899447,256,222,0.41309950000000006,42,True,2752,223.59317058994478,2975.5931705899447,100.0,0.7934922718271329,5.31981981981982
491,1652,1633.9645161290323,128,151,0.41166500000000006,42,True,1652,-18.03548387096774,1633.9645161290323,52.317880794701985,0.7283202423865598,4.139072847682119
492,544,538.9353974405444,64,75,0.41095250000000005,42,True,544,-5.064602559455762,538.9353974405444,34.666666666666664,0.7036606244197702,5.72
493,2304,2298.270530143155,256,191,0.4091380000000001,42,True,2304,-5.7294698568439735,2298.270530143155,7.853403141361256,0.6952907540856974,4.277486910994765
494,1300,1295.771056113775,128,134,0.40786500000000003,42,True,1300,-4.228943886225158,1295.771056113775,92.53731343283582,0.8286851537894805,6.664179104477612
495,1788,1738.1107913706671,128,184,0.40611699999999995,42,True,1788,-49.88920862933281,1738.1107913706671,72.82608695652173,0.776715698606649,4.092391304347826
496,3028,3290.3506923200016,256,242,0.403818,42,True,3028,262.35069232000154,3290.3506923200016,100.0,0.8165370731913093,4.7272727272727275
497,1080,1283.45643625192,64,126,0.402621,42,True,1080,203.45643625192014,1283.45643625192,99.2063492063492,0.7998863384309247,4.7063492063492065
498,756,956.8995972255096,64,92,0.4017470000000001,42,True,756,200.89959722550958,956.8995972255096,100.0,0.8073031411878978,5.510869565217392
499,2916,2907.6036927710315,256,241,0.3994575,42,True,2916,-8.396307228967867,2907.6036927710315,0.8298755186721992,0.7385257698223194,3.1867219917012446
500,1476,1707.6962223360083,128,157,0.39796600000000004,42,True,1476,231.69622233600728,1707.6962223360083,100.0,0.8007365661456886,5.140127388535032
501,828,1025.3797906272298,64,103,0.39698750000000005,42,True,828,197.3797906272293,1025.3797906272298,99.02912621359224,0.826067588597324,6.203883495145631
502,696,898.7159547172768,64,92,0.3961135000000001,42,True,696,202.7159547172768,898.7159547172768,98.91304347826087,0.8124444598104266,6.0978260869565215
503,1884,2117.9188269698743,128,179,0.394413,42,True,1884,233.91882696987452,2117.9188269698743,99.44134078212291,0.8459202194376827,5.4916201117318435
504,1112,1345.3560641463127,128,119,0.3932825,42,True,1112,233.35606414631278,1345.3560641463127,99.15966386554622,0.7929118189835441,5.899159663865547
505,744,736.464427062299,64,93,0.39239899999999994,42,True,744,-7.535572937700602,736.464427062299,23.655913978494624,0.7516536315680573,5.258064516129032
506,860,1052.9666626768008,64,112,0.391335,42,True,860,192.96666267680092,1052.9666626768008,66.07142857142857,0.7803625082724069,4.714285714285714
507,2268,2418.4375325698443,128,215,0.38929250000000004,42,True,2268,150.4375325698447,2418.4375325698443,99.53488372093024,0.8331956551126265,4.576744186046511
508,1168,1367.9823675523744,64,133,0.38802900000000007,42,True,1168,199.98236755237443,1367.9823675523744,97.74436090225564,0.7993494847210965,4.466165413533835
509,872,1073.2737541953206,64,105,0.3870315000000001,42,True,872,201.27375419532075,1073.2737541953206,99.04761904761905,0.7542140329538034,6.3238095238095235
510,1140,1130.4406975515979,128,123,0.38586299999999996,42,True,1140,-9.559302448401862,1130.4406975515979,54.47154471544715,0.7837073314994346,4.764227642276423
511,536,538.013420140025,64,74,0.38516000000000006,42,True,536,2.013420140024863,538.013420140025,0.0,0.7285082545296024,4.986486486486487
512,1008,1199.185068101534,128,107,0.38414349999999997,42,True,1008,191.18506810153417,1199.185068101534,100.0,0.7971337469940608,5.91588785046729
513,608,777.7530622959183,32,87,0.383317,42,True,608,169.75306229591848,777.7530622959183,98.85057471264368,0.7775198629479685,4.574712643678161
514,744,946.123327291852,64,100,0.382367,42,True,744,202.12332729185235,946.123327291852,97.0,0.7900015997431784,5.52
515,736,938.7577271072516,64,97,0.3814455000000001,42,True,736,202.7577271072516,938.7577271072516,98.96907216494846,0.8005730531686764,5.494845360824742
516,1164,1368.901365318975,64,132,0.3801915000000001,42,True,1164,204.90136531897505,1368.901365318975,100.0,0.8371310706597173,5.212121212121212
517,2096,2324.041270027318,128,197,0.3783200000000001,42,True,2096,228.0412700273173,2324.041270027318,99.49238578680203,0.7529817664059104,4.532994923857868
518,1000,1195.8865382936654,64,121,0.37717049999999996,42,True,1000,195.88653829366504,1195.8865382936654,100.0,0.7796014941252233,5.68595041322314
519,2364,2630.9069940562067,256,200,0.37527049999999995,42,True,2364,266.9069940562064,2630.9069940562067,99.0,0.8120431819541267,5.335
520,1356,1329.307821059038,128,141,0.373931,42,True,1356,-26.692178940961654,1329.307821059038,83.68794326241135,0.7586092549058188,5.4822695035460995
521,1128,1121.6571572580644,128,119,0.3728005000000001,42,True,1128,-6.3428427419354705,1121.6571572580644,57.142857142857146,0.7588860351897089,5.310924369747899
522,952,1148.8918740233205,64,119,0.37167000000000006,42,True,952,196.89187402332013,1148.8918740233205,96.63865546218487,0.8102970566154696,5.033613445378151
523,1288,1512.125410156428,128,132,0.3704160000000001,42,True,1288,224.12541015642753,1512.125410156428,99.24242424242425,0.8025329214796146,5.628787878787879
524,1632,1864.2958778174195,128,153,0.36896249999999997,42,True,1632,232.29587781741918,1864.2958778174195,100.0,0.8214808018499596,5.5359477124183005
525,2092,2349.1288076898863,256,179,0.3672620000000001,42,True,2092,257.12880768988606,2349.1288076898863,81.56424581005587,0.7757958141801873,4.134078212290503
526,2072,2338.17204788014,256,175,0.3655995000000001,42,True,2072,266.17204788013953,2338.17204788014,100.0,0.8083805501242968,4.88
527,992,936.9900000000001,64,123,0.36443100000000006,42,True,992,-55.010000000000005,936.9900000000001,77.23577235772358,0.7842772724042251,4.926829268292683
528,544,528.7458572202731,64,76,0.36370899999999995,42,True,544,-15.254142779726756,528.7458572202731,11.842105263157896,0.6671929141285814,6.052631578947368
529,880,868.6308803763442,64,106,0.3627020000000001,42,True,880,-11.3691196236559,868.6308803763442,83.9622641509434,0.7599257068284749,4.820754716981132
530,1580,1572.7868125637044,128,160,0.361182,42,True,1580,-7.213187436296154,1572.7868125637044,67.5,0.7616543625775438,4.7125
531,1200,1189.6088999970689,128,122,0.360023,42,True,1200,-10.391100002931125,1189.6088999970689,98.36065573770492,0.7988150306270835,4.934426229508197
532,1272,1499.4247453838236,128,131,0.3587785000000001,42,True,1272,227.4247453838238,1499.4247453838236,98.47328244274809,0.7829361727510367,4.900763358778626
533,1536,1771.1165141393478,128,146,0.3573915000000001,42,True,1536,235.1165141393469,1771.1165141393478,92.46575342465754,0.8086872492491017,5.068493150684931
534,2956,3214.4247418819878,256,244,0.35507350000000004,42,True,2956,258.42474188198787,3214.4247418819878,98.77049180327869,0.7972416947726533,4.64344262295082
535,1340,1333.56442442167,128,140,0.3537435,42,True,1340,-6.435575578329548,1333.56442442167,46.42857142857143,0.7713004806447552,4.085714285714285
536,1664,1887.7337520779422,128,155,0.352271,42,True,1664,223.7337520779412,1887.7337520779422,99.35483870967742,0.7933172697049469,5.709677419354839
537,912,1117.2824921479262,64,110,0.35122600000000004,42,True,912,205.2824921479263,1117.2824921479262,100.0,0.7964713938762173,4.636363636363637
538,1420,1411.42552411846,128,149,0.3498105,42,True,1420,-8.574475881540215,1411.42552411846,94.63087248322148,0.7697832110829689,4.818791946308725
539,688,882.7340064045292,64,83,0.34902200000000005,42,True,688,194.73400640452914,882.7340064045292,96.3855421686747,0.8151996355233554,6.253012048192771
540,996,1198.3596842995025,64,118,0.347901,42,True,996,202.35968429950265,1198.3596842995025,100.0,0.8096502110136272,4.9576271186440675
541,884,1087.1343159065627,64,107,0.34688450000000004,42,True,884,203.13431590656285,1087.1343159065627,99.06542056074767,0.805826106398225,6.280373831775701
542,1172,1165.0651150208028,128,126,0.34568750000000004,42,True,1172,-6.934884979197362,1165.0651150208028,57.142857142857146,0.7604504720846855,5.0396825396825395
543,584,742.9049216215006,64,80,0.34492750000000005,42,True,584,158.90492162150068,742.9049216215006,100.0,0.7675207753033108,6.4625
544,1572,1794.3512385077845,128,161,0.343398,42,True,1572,222.351238507785,1794.3512385077845,37.267080745341616,0.7380647793670976,3.6832298136645965
545,1324,1551.6378928785612,128,136,0.342106,42,True,1324,227.63789287856136,1551.6378928785612,90.44117647058823,0.7871501910825063,5.970588235294118
546,804,798.4933576911363,64,105,0.34110850000000004,42,True,804,-5.506642308863366,798.4933576911363,19.047619047619047,0.7057812005568733,5.3238095238095235
547,1300,1290.9593593567909,128,132,0.33985450000000006,42,True,1300,-9.040640643210317,1290.9593593567909,94.6969696969697,0.7968814990044597,4.7727272727272725
548,2140,2365.5257181832776,128,204,0.33791649999999995,42,True,2140,225.52571818327715,2365.5257181832776,95.09803921568627,0.7846128245826547,4.063725490196078
549,2096,2084.1221896745196,128,198,0.33603550000000004,42,True,2096,-11.877810325479695,2084.1221896745196,7.575757575757576,0.7016442964354124,3.4494949494949494
550,868,1069.0133429106265,64,104,0.33504750000000005,42,True,868,201.01334291062642,1069.0133429106265,100.0,0.7683129426313706,6.115384615384615
551,1668,1660.877043747239,128,170,0.3334325,42,True,1668,-7.122956252761824,1660.877043747239,74.11764705882354,0.7514288212160576,4.711764705882353
552,420,539.0355077882427,32,69,0.3327770000000001,42,True,420,119.03550778824278,539.0355077882427,98.55072463768116,0.7758539994420507,7.0
553,1736,1685.075944065508,128,175,0.3311145000000001,42,True,1736,-50.92405593449234,1685.075944065508,75.42857142857143,0.764297705339478,4.005714285714285
554,1416,1411.0964117689325,128,142,0.32976550000000004,42,True,1416,-4.9035882310677525,1411.0964117689325,4.225352112676056,0.7248695000586075,5.147887323943662
555,1120,1321.3677285028807,64,127,0.32855900000000005,42,True,1120,201.36772850288142,1321.3677285028807,99.21259842519684,0.7717878949957988,4.866141732283465
556,568,731.2657730592616,32,86,0.327742,42,True,568,163.26577305926156,731.2657730592616,98.83720930232558,0.7544412128944912,3.616279069767442
557,672,662.6419036794864,64,87,0.3269155,42,True,672,-9.35809632051336,662.6419036794864,64.36781609195403,0.7651326007353735,5.494252873563219
558,368,358.8578009848725,32,62,0.32632649999999996,42,True,368,-9.142199015127655,358.8578009848725,30.64516129032258,0.7427702216925304,5.274193548387097
559,1052,1284.7143710530809,128,117,0.32521500000000003,42,True,1052,232.71437105308073,1284.7143710530809,100.0,0.7804892593806995,5.384615384615385
560,1184,1374.1805356499751,64,135,0.32393250000000007,42,True,1184,190.18053564997535,1374.1805356499751,99.25925925925925,0.7946625818001282,4.62962962962963
561,1436,1617.7813754375359,128,148,0.32252649999999994,42,True,1436,181.78137543753618,1617.7813754375359,88.51351351351352,0.7886859314362642,5.52027027027027
562,1096,1087.238071171565,64,124,0.32134850000000004,42,True,1096,-8.76192882843533,1087.238071171565,52.41935483870968,0.740557918935223,4.830645161290323
563,1876,2067.846811856203,128,178,0.31965750000000004,42,True,1876,191.84681185620397,2067.846811856203,100.0,0.8087914951546633,6.219101123595506
564,2044,2234.3222506700326,128,193,0.317824,42,True,2044,190.32225067003364,2234.3222506700326,100.0,0.8044348673011227,4.124352331606218
565,1680,1669.5736462868626,128,171,0.31619949999999997,42,True,1680,-10.426353713136306,1669.5736462868626,68.42105263157895,0.7707186535201579,4.3391812865497075
566,1992,2225.571600058782,128,191,0.314385,42,True,1992,233.5716000587824,2225.571600058782,99.47643979057591,0.8089524951390286,4.785340314136126
567,752,909.4437002107669,64,101,0.3134255,42,True,752,157.443700210767,909.4437002107669,100.0,0.7674017887878748,6.207920792079208
568,1772,1994.9681465281578,128,165,0.3118580000000001,42,True,1772,222.96814652815746,1994.9681465281578,99.39393939393939,0.8124284018969067,5.7272727272727275
569,1784,2018.3709177443388,128,168,0.31026200000000004,42,True,1784,234.3709177443392,2018.3709177443388,100.0,0.772970332349549,4.982142857142857
570,724,713.7707530073106,64,89,0.3094165000000001,42,True,724,-10.229246992689436,713.7707530073106,94.38202247191012,0.7314165583642283,5.067415730337078
571,756,736.3038945599144,64,102,0.3084475000000001,42,True,756,-19.696105440085244,736.3038945599144,73.52941176470588,0.7756117382085596,5.166666666666667
572,704,685.6522558349752,64,94,0.30755449999999995,42,True,704,-18.347744165024807,685.6522558349752,22.340425531914892,0.7207125835773479,4.414893617021277
573,1888,2096.3603804797362,128,177,0.30587300000000006,42,True,1888,208.3603804797353,2096.3603804797362,68.36158192090396,0.7169094287875287,4.864406779661017
574,2104,2337.8843671001778,128,199,0.30398250000000004,42,True,2104,233.88436710017842,2337.8843671001778,99.49748743718592,0.7953592493871839,4.261306532663316
575,876,1072.0644077165273,64,105,0.30298500000000006,42,True,876,196.06440771652728,1072.0644077165273,97.14285714285714,0.8268727257504819,6.019047619047619
576,1392,1372.3658077336027,128,143,0.30162650000000013,42,True,1392,-19.634192266397456,1372.3658077336027,86.01398601398601,0.8170897416563883,5.230769230769231
577,688,892.4555007148873,64,91,0.300762,42,True,688,204.45550071488728,892.4555007148873,97.8021978021978,0.7718266171004574,6.857142857142857
578,952,1108.3182994024369,64,112,0.299698,42,True,952,156.31829940243682,1108.3182994024369,100.0,0.7618456188119119,5.321428571428571
579,3124,3392.114919165084,256,261,0.29721849999999994,42,True,3124,268.1149191650854,3392.114919165084,99.61685823754789,0.8115485068076149,4.394636015325671
580,1368,1597.9563440860218,128,142,0.2958695,42,True,1368,229.9563440860215,1597.9563440860218,99.29577464788733,0.778687383425187,5.352112676056338
581,1488,1711.1257037800656,128,147,0.2944730000000001,42,True,1488,223.12570378006586,1711.1257037800656,99.31972789115646,0.7396241294425266,5.8231292517006805
582,1436,1660.5649442755832,128,148,0.29306699999999997,42,True,1436,224.56494427558258,1660.5649442755832,97.97297297297297,0.7925360891566434,6.527027027027027
583,1012,1204.9161606578114,64,122,0.29190800000000006,42,True,1012,192.9161606578115,1204.9161606578114,99.18032786885246,0.7836390973490343,5.516393442622951
584,768,960.0258905839172,64,99,0.29096750000000005,42,True,768,192.0258905839174,960.0258905839172,97.97979797979798,0.7338868850219668,6.888888888888889
585,1432,1661.775650444731,128,148,0.2895615,42,True,1432,229.77565044473178,1661.775650444731,100.0,0.78596321527181,6.493243243243243
586,1720,1935.9269449715362,128,160,0.28804149999999995,42,True,1720,215.926944971537,1935.9269449715362,75.0,0.7412253018375201,5.61875
587,692,680.0551610385032,64,91,0.287177,42,True,692,-11.944838961496803,680.0551610385032,82.41758241758242,0.803237289639133,5.131868131868132
588,628,610.3487629247799,64,87,0.28635049999999995,42,True,628,-17.65123707522026,610.3487629247799,41.37931034482759,0.6847873932140279,6.620689655172414
589,1620,1843.3070500569502,128,163,0.2848020000000001,42,True,1620,223.3070500569487,1843.3070500569502,99.38650306748467,0.8019715699545059,5.294478527607362
590,1712,1945.5833862840427,128,159,0.28329150000000003,42,True,1712,233.5833862840424,1945.5833862840427,100.0,0.8117974900897538,4.987421383647798
591,2156,2388.2448125946908,128,203,0.28136300000000003,42,True,2156,232.24481259469073,2388.2448125946908,99.01477832512315,0.8146624439238783,4.389162561576355
592,1324,1315.231172689789,128,136,0.28007099999999996,42,True,1324,-8.768827310211021,1315.231172689789,57.35294117647059,0.7499134664065026,4.022058823529412
593,880,1056.5727595692028,64,105,0.2790735,42,True,880,176.57275956920262,1056.5727595692028,44.76190476190476,0.7157014341657547,5.190476190476191
594,1732,1721.4203618781435,128,174,0.27742050000000007,42,True,1732,-10.57963812185504,1721.4203618781435,56.89655172413793,0.8028917283470568,4.080459770114943
595,556,544.2807134436756,64,77,0.2766890000000001,42,True,556,-11.719286556324477,544.2807134436756,58.44155844155844,0.7681260831369499,4.740259740259741
596,1268,1502.8586579705036,128,129,0.2754635000000001,42,True,1268,234.85865797050357,1502.8586579705036,98.44961240310077,0.8049306661108121,4.162790697674419
597,2008,2241.592844592144,128,181,0.273744,42,True,2008,233.5928445921427,2241.592844592144,98.34254143646409,0.766598899191339,4.883977900552487
598,456,617.1667018801484,32,75,0.2730315000000001,42,True,456,161.1667018801484,617.1667018801484,96.0,0.7998754250201165,5.373333333333333
599,724,916.8508500282961,64,99,0.27209099999999997,42,True,724,192.85085002829655,916.8508500282961,73.73737373737374,0.7807087343012998,5.161616161616162
600,1596,1587.0507191112235,128,167,0.27050450000000004,42,True,1596,-8.949280888777086,1587.0507191112235,17.964071856287426,0.7098294458622232,3.856287425149701
601,1644,1874.9319593271919,128,168,0.2689085000000001,42,True,1644,230.93195932719158,1874.9319593271919,100.0,0.7987641578930375,5.625
602,1220,1422.1978162066287,64,142,0.26755950000000006,42,True,1220,202.197816206629,1422.1978162066287,98.59154929577464,0.7873207259960433,4.830985915492958
603,1444,1678.1976689427827,128,151,0.26612500000000006,42,True,1444,234.19766894278314,1678.1976689427827,99.33774834437087,0.8121044730946191,5.218543046357616
604,1660,1898.154472797129,128,168,0.264529,42,True,1660,238.1544727971293,1898.154472797129,100.0,0.7935882939137183,4.845238095238095
605,584,787.369170242927,64,80,0.26376900000000003,42,True,584,203.36917024292728,787.369170242927,100.0,0.8185696069744113,6.2125
606,2864,3086.221305547626,256,235,0.26153650000000006,42,True,2864,222.22130554762583,3086.221305547626,100.0,0.7941539311346179,5.327659574468085
607,532,693.8531882248285,32,80,0.2607765000000001,42,True,532,161.85318822482844,693.8531882248285,98.75,0.7951237256488423,4.725
608,1648,1633.0827080594606,128,165,0.259209,42,True,1648,-14.917291940540009,1633.0827080594606,73.33333333333333,0.7855516877241634,3.624242424242424
609,1764,1954.5025613232397,128,167,0.2576225000000001,42,True,1764,190.50256132323997,1954.5025613232397,100.0,0.8078367365677874,4.431137724550898
610,584,575.7273005093373,64,84,0.2568245,42,True,584,-8.272699490662141,575.7273005093373,83.33333333333333,0.8213824804801211,6.238095238095238
611,588,582.8633584281566,64,82,0.25604550000000004,42,True,588,-5.136641571843729,582.8633584281566,60.97560975609756,0.7647780341867024,5.390243902439025
612,1284,1279.6335062493174,128,132,0.25479150000000006,42,True,1284,-4.366493750681995,1279.6335062493174,9.090909090909092,0.7120570523972979,4.78030303030303
613,1180,1357.5850115843882,64,136,0.2534995000000001,42,True,1180,177.58501158438781,1357.5850115843882,89.70588235294117,0.8044825404925724,5.757352941176471
614,1484,1705.1711042840066,128,153,0.252046,42,True,1484,221.17110428400747,1705.1711042840066,87.58169934640523,0.7782156807901265,4.627450980392157
615,1336,1540.0168473427998,64,150,0.2506210000000001,42,True,1336,204.01684734280028,1540.0168473427998,98.66666666666667,0.775710847574107,4.746666666666667
616,1196,1186.7663504050684,128,126,0.24942399999999998,42,True,1196,-9.233649594931574,1186.7663504050684,0.7936507936507936,0.6797761746454039,5.214285714285714
617,1396,1620.2431532382318,128,144,0.24805600000000005,42,True,1396,224.2431532382325,1620.2431532382318,99.30555555555556,0.7990537816645504,5.1875
618,608,590.5783976831627,64,85,0.24724849999999998,42,True,608,-17.421602316837244,590.5783976831627,41.1764705882353,0.7260571219288385,5.670588235294118
619,880,1080.5645424514018,64,105,0.246251,42,True,880,200.56454245140233,1080.5645424514018,99.04761904761905,0.810045031580859,5.6
620,1404,1393.9067422667993,128,145,0.24487350000000008,42,True,1404,-10.093257733200794,1393.9067422667993,52.41379310344828,0.798566525734945,4.027586206896552
621,664,655.9375532891183,64,89,0.24402800000000002,42,True,664,-8.062446710881726,655.9375532891183,4.49438202247191,0.6808464834101203,5.269662921348314
622,840,1034.3994154846687,64,110,0.24298300000000006,42,True,840,194.39941548466894,1034.3994154846687,98.18181818181819,0.8239978344654479,5.509090909090909
623,1340,1532.0328644191127,128,140,0.24165300000000012,42,True,1340,192.0328644191123,1532.0328644191127,100.0,0.8421336790400584,4.071428571428571
624,2372,2595.287123438664,128,221,0.23955349999999997,42,True,2372,223.2871234386654,2595.287123438664,98.19004524886878,0.850656091349954,4.642533936651584
625,2372,2630.006354724723,256,201,0.23764400000000008,42,True,2372,258.00635472472356,2630.006354724723,99.0049751243781,0.81802076502125,4.432835820895522
626,1420,1364.3930937675466,128,145,0.23626650000000005,42,True,1420,-55.606906232453674,1364.3930937675466,90.34482758620689,0.8188932378459467,4.875862068965517
627,936,1135.9936307750806,64,112,0.23520249999999998,42,True,936,199.9936307750808,1135.9936307750806,98.21428571428571,0.7902964184478575,5.544642857142857
628,1712,1901.193759742146,128,169,0.23359700000000005,42,True,1712,189.19375974214685,1901.193759742146,100.0,0.8016030871755488,3.7633136094674557
629,1612,1593.6236233300747,128,149,0.23218150000000004,42,True,1612,-18.376376669925037,1593.6236233300747,84.56375838926175,0.7949470613681484,5.100671140939597
630,1768,1959.3432908426364,128,168,0.2305855,42,True,1768,191.3432908426364,1959.3432908426364,100.0,0.8003557222861329,5.5773809523809526
631,576,568.3262019055727,64,80,0.22982550000000002,42,True,576,-7.67379809442725,568.3262019055727,50.0,0.7291321208836508,5.2875
632,2472,2463.4596940941447,256,214,0.22779250000000006,42,True,2472,-8.54030590585688,2463.4596940941447,66.35514018691589,0.7653901300394622,3.8738317757009346
633,944,1148.7366806390864,64,117,0.22668100000000002,42,True,944,204.73668063908633,1148.7366806390864,100.0,0.821981467783197,5.6068376068376065
634,628,612.6731902234147,64,87,0.22585450000000007,42,True,628,-15.326809776585177,612.6731902234147,9.195402298850574,0.6702367163966265,7.160919540229885
635,772,763.842955364214,64,95,0.22495200000000004,42,True,772,-8.15704463578642,763.842955364214,65.26315789473684,0.7935093494181626,5.7368421052631575
636,476,646.3326886916536,32,72,0.22426800000000013,42,True,476,170.33268869165343,646.3326886916536,100.0,0.7943976646590353,5.194444444444445
637,2508,2500.579468250146,256,213,0.22224449999999996,42,True,2508,-7.420531749852874,2500.579468250146,84.50704225352112,0.7909186861804504,4.417840375586854
638,1112,1313.3039604951668,64,121,0.22109500000000004,42,True,1112,201.30396049516727,1313.3039604951668,97.52066115702479,0.826305989168105,5.793388429752066
639,760,759.4571395426124,64,93,0.22021150000000012,42,True,760,-0.5428604573872367,759.4571395426124,0.0,0.6929756352949321,5.301075268817204
640,724,665.4344744349353,64,96,0.21929949999999998,42,True,724,-58.565525565064746,665.4344744349353,55.208333333333336,0.75757991785362,4.364583333333333
641,1064,1261.1137458006722,64,126,0.2181025000000001,42,True,1064,197.11374580067186,1261.1137458006722,99.2063492063492,0.795643364360794,4.563492063492063
642,4200,4454.724954956802,256,323,0.21503400000000006,42,True,4200,254.72495495680448,4454.724954956802,99.38080495356037,0.8612649588584138,4.241486068111455
643,1904,2137.5601111286687,128,181,0.21331450000000007,42,True,1904,233.56011112866923,2137.5601111286687,99.4475138121547,0.8223158067140957,4.425414364640884
644,1756,1993.947181213065,128,179,0.21161400000000008,42,True,1756,237.94718121306593,1993.947181213065,100.0,0.8217724474654403,5.022346368715084
645,1004,1204.322339565123,64,120,0.21047400000000005,42,True,1004,200.32233956512275,1204.322339565123,100.0,0.785417792493806,5.858333333333333
646,2692,2951.9150816925026,256,232,0.20826999999999996,42,True,2692,259.9150816925011,2951.9150816925026,99.13793103448276,0.8445441599453803,4.991379310344827
647,1796,2012.1919734691085,128,166,0.20669300000000002,42,True,1796,216.19197346910786,2012.1919734691085,98.79518072289157,0.8424154943015568,5.114457831325301
648,916,911.2930484021566,64,113,0.20561950000000007,42,True,916,-4.7069515978434495,911.2930484021566,26.548672566371682,0.7465520037135882,4.300884955752212
649,1584,1804.2341859959183,128,159,0.2041090000000001,42,True,1584,220.23418599592003,1804.2341859959183,98.11320754716981,0.8498852325004665,5.0251572327044025
650,2456,2440.994557075801,256,206,0.202152,42,True,2456,-15.00544292419852,2440.994557075801,53.883495145631066,0.7834976274193229,4.08252427184466
651,1556,1789.048280014951,128,156,0.20067000000000002,42,True,1556,233.04828001495036,1789.048280014951,98.07692307692308,0.8112190205498135,4.032051282051282
652,844,1031.9039619545526,64,104,0.19968200000000003,42,True,844,187.90396195455256,1031.9039619545526,98.07692307692308,0.8176465703459037,5.144230769230769
653,1412,1403.5156836485828,128,144,0.1983140000000001,42,True,1412,-8.484316351416949,1403.5156836485828,31.944444444444443,0.7633908361389997,4.305555555555555
654,3124,3378.271104174205,256,259,0.19585350000000012,42,True,3124,254.2711041742058,3378.271104174205,99.22779922779922,0.8388916346968183,5.467181467181467
655,852,1032.8892473118278,64,103,0.19487500000000002,42,True,852,180.88924731182794,1032.8892473118278,98.05825242718447,0.8009781412513195,5.359223300970874
656,2248,2222.214664068895,256,191,0.19306050000000008,42,True,2248,-25.785335931104875,2222.214664068895,90.05235602094241,0.8111232450152962,5.020942408376963
657,620,606.7503391281757,64,85,0.192253,42,True,620,-13.249660871823957,606.7503391281757,50.588235294117645,0.7389641212684029,6.8
658,392,394.2601911265531,32,64,0.19164500000000007,42,True,392,2.2601911265531065,394.2601911265531,0.0,0.7354053892570359,4.90625
659,428,414.40403524415075,64,63,0.1910465,42,True,428,-13.595964755849243,414.40403524415075,20.634920634920636,0.7527470858368867,5.825396825396825
660,912,1104.102530044276,64,109,0.19001100000000004,42,True,912,192.1025300442758,1104.102530044276,81.65137614678899,0.8001395611423145,5.513761467889908
661,2604,2869.649498797129,256,230,0.18782600000000005,42,True,2604,265.64949879712884,2869.649498797129,93.04347826086956,0.7863246661276015,5.221739130434782
662,1412,1643.5853475802555,128,146,0.18643900000000002,42,True,1412,231.58534758025573,1643.5853475802555,100.0,0.8364514403099735,6.164383561643835
663,1852,2085.3086489871266,128,174,0.184786,42,True,1852,233.30864898712693,2085.3086489871266,99.42528735632185,0.8138274474762363,4.425287356321839
664,1308,1531.6568980414754,128,137,0.18348450000000005,42,True,1308,223.65689804147465,1531.6568980414754,98.54014598540147,0.7808317835550624,6.802919708029197
665,716,918.4504352278549,64,93,0.18260100000000012,42,True,716,202.4504352278546,918.4504352278549,96.7741935483871,0.7998865424141639,5.698924731182796
666,1172,1401.9868035190614,128,127,0.18139450000000013,42,True,1172,229.9868035190616,1401.9868035190614,100.0,0.7853391698324265,5.874015748031496
667,5184,5480.275504637209,512,360,0.17797450000000004,42,True,5184,296.2755046372068,5480.275504637209,99.44444444444444,0.8508225236627784,4.386111111111111
668,1080,1281.0367279779657,64,123,0.17680600000000013,42,True,1080,201.03672797796509,1281.0367279779657,99.1869918699187,0.7612277600850114,5.2439024390243905
669,3152,3365.625038793075,256,262,0.17431700000000006,42,True,3152,213.62503879307397,3365.625038793075,99.61832061068702,0.8067206868872432,4.805343511450381
670,704,694.4909356024913,64,94,0.17342400000000002,42,True,704,-9.50906439750852,694.4909356024913,61.702127659574465,0.781020825634393,6.074468085106383
671,1376,1598.9025693895278,128,142,0.17207499999999998,42,True,1376,222.9025693895274,1598.9025693895278,99.29577464788733,0.7950441243196168,5.788732394366197
672,612,804.873848736446,64,83,0.1712865,42,True,612,192.87384873644572,804.873848736446,92.7710843373494,0.8443366825054188,5.927710843373494
673,1264,1497.3651581179652,128,127,0.17008,42,True,1264,233.3651581179651,1497.3651581179652,88.97637795275591,0.8232253217190904,5.732283464566929
674,2420,2684.172313265483,256,206,0.16812300000000002,42,True,2420,264.17231326548216,2684.172313265483,100.0,0.8410778142784591,4.660194174757281
675,2384,2614.2488108104353,128,224,0.165995,42,True,2384,230.24881081043455,2614.2488108104353,97.32142857142857,0.7917708632464341,4.5
676,1860,2049.6188046401194,128,178,0.164304,42,True,1860,189.6188046401206,2049.6188046401194,100.0,0.8084991391564835,4.764044943820225
677,1356,1547.0619006873737,128,137,0.16300250000000005,42,True,1356,191.06190068737345,1547.0619006873737,100.0,0.8077893018850646,5.664233576642336
678,1088,1073.0247757150676,128,115,0.1619100000000001,42,True,1088,-14.975224284932334,1073.0247757150676,11.304347826086957,0.6965398714579216,4.930434782608696
679,872,865.9607451986038,64,105,0.1609125,42,True,872,-6.039254801396098,865.9607451986038,70.47619047619048,0.7591466772372005,4.685714285714286
680,680,880.1481602002505,64,82,0.16013350000000004,42,True,680,200.1481602002503,880.1481602002505,98.78048780487805,0.8304878203801037,6.085365853658536
681,840,1025.3386473831201,64,104,0.15914550000000005,42,True,840,185.33864738312033,1025.3386473831201,97.11538461538461,0.8257336857171048,6.375
682,572,576.6385710088755,64,84,0.15834749999999997,42,True,572,4.638571008875184,576.6385710088755,0.0,0.6895727135813757,5.023809523809524
683,1332,1566.1647183089462,128,139,0.15702700000000003,42,True,1332,234.16471830894645,1566.1647183089462,100.0,0.8162654657778231,5.172661870503597
684,1588,1570.9445501074276,128,159,0.15551650000000006,42,True,1588,-17.055449892572774,1570.9445501074276,85.53459119496856,0.8054019017786419,5.232704402515723
685,796,779.2793313069907,64,100,0.15456650000000005,42,True,796,-16.72066869300915,779.2793313069907,85.0,0.7762421076517521,3.72
686,1128,1318.0515232974913,64,134,0.15329350000000008,42,True,1128,190.05152329749103,1318.0515232974913,99.25373134328358,0.8087919069864918,4.880597014925373
687,1448,1671.6023978385683,128,151,0.15185900000000008,42,True,1448,223.60239783856807,1671.6023978385683,98.01324503311258,0.8083554184306803,5.324503311258278
688,1368,1541.291212932781,128,143,0.15050050000000004,42,True,1368,173.29121293277993,1541.291212932781,98.6013986013986,0.7933351199833469,6.174825174825175
689,900,1100.8852583586622,64,111,0.14944600000000008,42,True,900,200.8852583586626,1100.8852583586622,97.29729729729729,0.7914861864724033,6.576576576576577
690,1364,1596.96047888033,128,143,0.14808750000000004,42,True,1364,232.96047888033038,1596.96047888033,95.1048951048951,0.8103057057737835,4.503496503496503
691,2424,2415.17039985549,256,207,0.14612100000000006,42,True,2424,-8.829600144510543,2415.17039985549,53.14009661835749,0.7716757950047277,4.236714975845411
692,1096,1279.7737243510433,128,119,0.14499050000000002,42,True,1096,183.77372435104328,1279.7737243510433,99.15966386554622,0.8177692582333392,5.554621848739496
693,2032,2008.5584040747033,128,201,0.143081,42,True,2032,-23.441595925297143,2008.5584040747033,55.223880597014926,0.7818488160028064,3.9402985074626864
694,544,537.3588664924279,64,76,0.142359,42,True,544,-6.641133507572224,537.3588664924279,11.842105263157896,0.7083716321015183,5.0131578947368425
695,636,839.301341566985,64,87,0.14153250000000006,42,True,636,203.30134156698477,839.301341566985,100.0,0.7700353506584918,5.747126436781609
696,1692,1676.5687378979737,128,175,0.13987000000000005,42,True,1692,-15.431262102027171,1676.5687378979737,82.85714285714286,0.830382682785855,5.325714285714286
697,1712,1945.8874039938562,128,155,0.13839750000000006,42,True,1712,233.8874039938556,1945.8874039938562,100.0,0.7943656439175755,5.064516129032258
698,1628,1607.738164053632,128,163,0.136849,42,True,1628,-20.261835946368706,1607.738164053632,86.50306748466258,0.776737143885614,4.662576687116564
699,1704,1939.782561422478,128,163,0.13530050000000005,42,True,1704,235.78256142247855,1939.782561422478,99.38650306748467,0.826974055044898,4.355828220858895
700,744,935.8567437807546,64,99,0.13436000000000003,42,True,744,191.8567437807545,935.8567437807546,97.97979797979798,0.8019733939348416,6.171717171717172
701,1296,1280.521349718382,128,132,0.13310600000000006,42,True,1296,-15.47865028161802,1280.521349718382,84.0909090909091,0.7620134947007566,4.409090909090909
702,704,895.7230922278691,64,94,0.13221300000000002,42,True,704,191.72309222786876,895.7230922278691,98.93617021276596,0.7482930556448208,6.5
703,1128,1315.3582466115859,64,131,0.13096850000000004,42,True,1128,187.35824661158523,1315.3582466115859,97.70992366412214,0.7760490975847959,5.740458015267175
704,532,523.9839832187082,64,76,0.13024650000000004,42,True,532,-8.01601678129175,523.9839832187082,64.47368421052632,0.7304049879359652,4.855263157894737
705,2140,2356.2768788548515,128,196,0.1283845,42,True,2140,216.27687885485278,2356.2768788548515,98.9795918367347,0.8123892288502167,4.5
706,2340,2563.9662307901876,128,218,0.12631350000000008,42,True,2340,223.96623079018636,2563.9662307901876,96.3302752293578,0.7807376760942024,3.7110091743119265
707,2960,3215.294278513244,256,242,0.12401450000000003,42,True,2960,255.29427851324488,3215.294278513244,97.93388429752066,0.7672734060077477,4.330578512396694
708,760,751.2006645560595,64,93,0.1231310000000001,42,True,760,-8.79933544394056,751.2006645560595,49.46236559139785,0.7304139693705423,4.096774193548387
709,1308,1287.3110855723762,128,144,0.12176300000000007,42,True,1308,-20.688914427624113,1287.3110855723762,12.5,0.7278555489163216,2.9930555555555554
710,1800,2026.4219697759354,128,171,0.12013850000000004,42,True,1800,226.4219697759349,2026.4219697759354,98.83040935672514,0.7728469812287438,4.590643274853801
711,864,854.6820960513575,64,102,0.11916950000000004,42,True,864,-9.317903948642744,854.6820960513575,9.803921568627452,0.7051001982054004,5.470588235294118
712,1264,1250.6925119834175,128,127,0.11796300000000004,42,True,1264,-13.307488016582441,1250.6925119834175,92.1259842519685,0.7704092901961923,4.669291338582677
713,364,530.8251877583183,32,59,0.11740249999999997,42,True,364,166.82518775831844,530.8251877583183,100.0,0.7606956462181031,5.677966101694915
714,676,868.6144253288467,64,91,0.11653800000000003,42,True,676,192.61442532884658,868.6144253288467,91.20879120879121,0.7292017526665445,5.7032967032967035
715,3092,3332.9179580388964,256,255,0.11411550000000004,42,True,3092,240.91795803889622,3332.9179580388964,98.82352941176471,0.776421227391745,5.1647058823529415
716,1008,1202.4063829787237,64,121,0.11296600000000001,42,True,1008,194.40638297872343,1202.4063829787237,92.56198347107438,0.8088546702196174,5.776859504132231
717,1040,1239.9031390019716,64,125,0.11177850000000011,42,True,1040,199.90313900197148,1239.9031390019716,100.0,0.7856742027354017,5.208
718,908,1111.102855827909,64,109,0.11074300000000004,42,True,908,203.1028558279092,1111.102855827909,100.0,0.8158351872209695,5.8807339449541285
719,1200,1394.1851325293323,64,137,0.10944150000000008,42,True,1200,194.18513252933295,1394.1851325293323,64.96350364963503,0.7769059680586138,4.824817518248175
720,656,842.3331925264304,64,87,0.10861500000000002,42,True,656,186.33319252643005,842.3331925264304,97.70114942528735,0.7754995455457827,6.620689655172414
721,604,799.5718943170232,64,82,0.10783600000000004,42,True,604,195.57189431702326,799.5718943170232,97.5609756097561,0.7767394877296117,6.670731707317073
722,564,704.76153826113,64,77,0.10710450000000005,42,True,564,140.76153826113008,704.76153826113,97.40259740259741,0.7851715961344272,6.376623376623376
723,564,756.5290116835167,64,78,0.10636350000000006,42,True,564,192.52901168351633,756.5290116835167,97.43589743589743,0.8033164546358793,6.589743589743589
724,392,380.4371165063764,32,65,0.105746,42,True,392,-11.562883493623527,380.4371165063764,75.38461538461539,0.767234120802645,5.076923076923077
725,1380,1586.509698610286,64,160,0.10422600000000004,42,True,1380,206.50969861028514,1586.509698610286,100.0,0.839801560710711,4.6875
726,1500,1734.8347517730501,128,153,0.10277250000000004,42,True,1500,234.83475177304965,1734.8347517730501,100.0,0.8417746684963988,5.915032679738562
727,1244,1437.9724032146755,64,143,0.101414,42,True,1244,193.9724032146753,1437.9724032146755,95.1048951048951,0.8021557105234091,4.370629370629371
728,2448,2439.5081167953895,256,208,0.09943800000000003,42,True,2448,-8.491883204610257,2439.5081167953895,52.40384615384615,0.7988490733065101,3.331730769230769
729,1336,1284.5859908791174,128,136,0.09814599999999996,42,True,1336,-51.41400912088278,1284.5859908791174,44.11764705882353,0.7321849794469213,5.235294117647059
730,1132,1316.5288644329592,64,124,0.09696800000000005,42,True,1132,184.52886443295904,1316.5288644329592,96.7741935483871,0.8358305546152751,5.032258064516129
731,1072,1300.456960283842,128,115,0.09587550000000011,42,True,1072,228.456960283842,1300.456960283842,99.1304347826087,0.8189571553123921,5.956521739130435
732,2416,2365.4081666782567,256,212,0.09386150000000004,42,True,2416,-50.591833321742854,2365.4081666782567,34.905660377358494,0.7239404303268255,4.311320754716981
733,804,754.0555168393262,64,99,0.09292100000000003,42,True,804,-49.944483160673826,754.0555168393262,70.70707070707071,0.7686050430741437,5.292929292929293
734,1352,1335.6676496346122,128,139,0.09160050000000008,42,True,1352,-16.332350365387903,1335.6676496346122,37.410071942446045,0.745387645536302,4.712230215827338
735,756,957.1017511200507,64,102,0.09063149999999998,42,True,756,201.10175112005044,957.1017511200507,99.01960784313725,0.7762668001522126,5.5
736,1388,1622.495562948357,128,141,0.08929200000000004,42,True,1388,234.49556294835708,1622.495562948357,100.0,0.8099261518448809,4.702127659574468
737,828,1027.1983959104532,64,103,0.08831350000000004,42,True,828,199.198395910453,1027.1983959104532,99.02912621359224,0.7960217693066566,5.660194174757281
738,1540,1531.716443048816,128,159,0.08680300000000007,42,True,1540,-8.283556951184707,1531.716443048816,78.61635220125787,0.7816191368643728,4.666666666666667
739,1048,1238.2595307917886,64,126,0.08560599999999996,42,True,1048,190.25953079178885,1238.2595307917886,98.41269841269842,0.7761421918338811,5.079365079365079
740,2736,2992.719853668427,256,223,0.08348750000000005,42,True,2736,256.7198536684257,2992.719853668427,99.55156950672645,0.7668088544208723,4.982062780269058
741,1168,1399.6063134122098,128,125,0.08230000000000004,42,True,1168,231.60631341220886,1399.6063134122098,100.0,0.8129143481247462,6.304
742,2340,2609.7085138085868,256,195,0.08044750000000012,42,True,2340,269.7085138085859,2609.7085138085868,100.0,0.7656912771870608,5.297435897435897
743,1724,1906.4243545613517,128,163,0.07889900000000005,42,True,1724,182.42435456135283,1906.4243545613517,93.86503067484662,0.7896878821984876,5.6503067484662575
744,604,783.97297374951,64,84,0.07810100000000009,42,True,604,179.97297374951023,783.97297374951,95.23809523809524,0.7610889292234188,6.738095238095238
745,1364,1356.9355471941083,128,142,0.07675200000000004,42,True,1364,-7.064452805891847,1356.9355471941083,82.3943661971831,0.7376892631690636,5.852112676056338
746,1456,1446.2001624506847,128,153,0.07529850000000005,42,True,1456,-9.799837549315356,1446.2001624506847,79.73856209150327,0.8018764501349971,4.588235294117647
747,1132,1334.2566830332794,64,135,0.07401599999999997,42,True,1132,202.2566830332788,1334.2566830332794,99.25925925925925,0.7771661113167827,4.148148148148148
748,2172,2403.6279588441325,128,208,0.07203999999999999,42,True,2172,231.6279588441324,2403.6279588441325,100.0,0.785683122286427,4.360576923076923
749,1664,1894.2798920209304,128,169,0.07043450000000007,42,True,1664,230.27989202092962,1894.2798920209304,99.40828402366864,0.8278409571293132,5.023668639053255
750,660,847.5481103298828,64,90,0.06957950000000002,42,True,660,187.54811032988252,847.5481103298828,96.66666666666667,0.8002507814795198,6.2
751,1772,1997.2886524822695,128,167,0.06799299999999997,42,True,1772,225.28865248226953,1997.2886524822695,95.20958083832335,0.7746379100780534,5.413173652694611
752,2116,2340.50512547376,128,197,0.06612150000000006,42,True,2116,224.50512547375897,2340.50512547376,98.98477157360406,0.7800864060667773,5.152284263959391
753,616,604.2089460917422,64,86,0.06530449999999999,42,True,616,-11.791053908258196,604.2089460917422,89.53488372093024,0.7580371244375018,5.627906976744186
754,1428,1662.1510011451435,128,146,0.06391750000000007,42,True,1428,234.15100114514416,1662.1510011451435,99.31506849315069,0.7904932087642895,5.7534246575342465
755,2148,2368.8191779859562,256,182,0.06218850000000009,42,True,2148,220.81917798595566,2368.8191779859562,100.0,0.7831603910103834,5.961538461538462
756,1436,1666.1826487197343,128,148,0.06078249999999996,42,True,1436,230.1826487197339,1666.1826487197343,100.0,0.7744776541527814,5.75
757,1140,1366.30114264155,128,123,0.059614000000000056,42,True,1140,226.30114264155011,1366.30114264155,98.3739837398374,0.7896975628983415,6.504065040650406
758,1412,1593.6886453970465,128,142,0.05826500000000012,42,True,1412,181.68864539704646,1593.6886453970465,99.29577464788733,0.7801430333964653,4.985915492957746
759,760,960.9046884844698,64,101,0.05730550000000001,42,True,760,200.9046884844698,960.9046884844698,100.0,0.8085253984658961,6.217821782178218
760,2084,2274.0625586346237,128,197,0.05543399999999998,42,True,2084,190.06255863462508,2274.0625586346237,100.0,0.7789613130382892,4.406091370558376
761,1428,1653.948950146289,128,145,0.05405650000000006,42,True,1428,225.9489501462884,1653.948950146289,99.3103448275862,0.7807553229285698,5.1931034482758625
762,1360,1585.6482125627617,128,144,0.05268850000000003,42,True,1360,225.64821256276153,1585.6482125627617,99.30555555555556,0.7925497157615359,4.833333333333333
763,3936,4194.505852282744,256,298,0.050000000000000044,42,True,3936,258.5058522827428,4194.505852282744,95.63758389261746,0.7784066385463101,3.8993288590604025
764,3088,3338.831548792219,256,254,0.050000000000000044,42,True,3088,250.83154879221914,3338.831548792219,98.81889763779527,0.7950239213127396,4.25984251968504
765,1180,1405.4018108421642,128,119,0.050000000000000044,42,True,1180,225.40181084216385,1405.4018108421642,94.95798319327731,0.7709694084675763,6.8655462184873945
766,1044,1247.3382729435862,64,119,0.050000000000000044,42,True,1044,203.33827294358602,1247.3382729435862,99.15966386554622,0.7617382596475046,4.882352941176471
767,2764,3029.2598566308225,256,224,0.050000000000000044,42,True,2764,265.25985663082434,3029.2598566308225,100.0,0.8163321704440945,5.375
768,2756,3007.076358635587,256,222,0.050000000000000044,42,True,2756,251.07635863558656,3007.076358635587,75.22522522522523,0.7646140995872946,4.54054054054054
769,2040,2308.057671341677,256,172,0.050000000000000044,42,True,2040,268.057671341677,2308.057671341677,99.4186046511628,0.7914305824334265,6.122093023255814
770,1004,1203.578966937996,64,120,0.050000000000000044,42,True,1004,199.57896693799617,1203.578966937996,100.0,0.7747188128440303,5.575
771,1508,1490.6672692898508,128,150,0.050000000000000044,42,True,1508,-17.332730710150088,1490.6672692898508,76.0,0.7863207366577248,4.433333333333334
772,1292,1516.2493030700898,128,133,0.050000000000000044,42,True,1292,224.24930307008867,1516.2493030700898,99.24812030075188,0.8169997330393405,5.180451127819549
773,2056,2244.953567937439,128,191,0.050000000000000044,42,True,2056,188.95356793743892,2244.953567937439,100.0,0.8113482731293634,4.361256544502618
774,2464,2701.847476895866,256,213,0.050000000000000044,42,True,2464,237.847476895864,2701.847476895866,98.59154929577464,0.8323063247522449,4.244131455399061
775,2048,1995.688078021095,128,188,0.050000000000000044,42,True,2048,-52.31192197890495,1995.688078021095,37.765957446808514,0.7915265627741869,3.675531914893617
776,1472,1689.9112227510432,128,150,0.050000000000000044,42,True,1472,217.91122275104297,1689.9112227510432,98.66666666666667,0.8370984890902641,4.966666666666667
777,1468,1457.9561074130952,128,155,0.050000000000000044,42,True,1468,-10.043892586903336,1457.9561074130952,96.7741935483871,0.8328231021771875,3.903225806451613
778,1380,1615.2720657655912,128,145,0.050000000000000044,42,True,1380,235.2720657655915,1615.2720657655912,98.62068965517241,0.8571183076869291,5.489655172413793
779,816,1017.1778561178012,64,106,0.050000000000000044,42,True,816,201.1778561178012,1017.1778561178012,99.05660377358491,0.8232015273079535,5.264150943396227
780,1744,1969.0637445932623,128,166,0.050000000000000044,42,True,1744,225.0637445932621,1969.0637445932623,98.79518072289157,0.8231164819396664,5.813253012048193
781,1724,1915.1897143324907,128,160,0.050000000000000044,42,True,1724,191.18971433249203,1915.1897143324907,100.0,0.7927179606346944,4.9625
782,1784,2013.195821091665,128,171,0.050000000000000044,42,True,1784,229.19582109166512,2013.195821091665,95.32163742690058,0.8167662928861189,4.47953216374269
783,880,1081.070000587737,64,109,0.050000000000000044,42,True,880,201.07000058773718,1081.070000587737,100.0,0.8274373193915607,4.908256880733945
784,1176,1110.5570832028397,128,128,0.050000000000000044,42,True,1176,-65.44291679716046,1110.5570832028397,34.375,0.7694118541484499,4.9609375
785,728,928.2098641399011,64,86,0.050000000000000044,42,True,728,200.20986413990107,928.2098641399011,100.0,0.8440628125580262,5.709302325581396
786,2372,2607.0067654473405,128,224,0.050000000000000044,42,True,2372,235.0067654473427,2607.0067654473405,99.55357142857143,0.8451832577717464,4.473214285714286
787,672,671.2210753855037,64,90,0.050000000000000044,42,True,672,-0.7789246144959989,671.2210753855037,0.0,0.7218142657971877,5.466666666666667
788,1852,2086.5051926998244,128,172,0.050000000000000044,42,True,1852,234.50519269982397,2086.5051926998244,98.83720930232558,0.8477537553817696,5.156976744186046
789,700,684.2375231359068,64,91,0.050000000000000044,42,True,700,-15.762476864093049,684.2375231359068,67.03296703296704,0.8035504065485027,4.945054945054945
790,2944,3125.2799483385534,256,236,0.050000000000000044,42,True,2944,181.27994833855348,3125.2799483385534,99.57627118644068,0.8350036177289757,4.8559322033898304
791,1784,2009.036553304164,128,181,0.050000000000000044,42,True,1784,225.03655330416333,2009.036553304164,97.79005524861878,0.8550548973271735,4.204419889502763
792,888,871.9047927488828,64,108,0.050000000000000044,42,True,888,-16.095207251116946,871.9047927488828,62.03703703703704,0.7892066699908588,4.75
793,700,885.0238986291338,64,93,0.050000000000000044,42,True,700,185.02389862913398,885.0238986291338,97.84946236559139,0.832247739579243,6.344086021505376
794,416,616.6291539173133,64,59,0.050000000000000044,42,True,416,200.62915391731303,616.6291539173133,100.0,0.8101729126621583,7.661016949152542
795,1564,1550.2358869991924,128,164,0.050000000000000044,42,True,1564,-13.764113000807178,1550.2358869991924,43.90243902439025,0.8063856707731578,5.628048780487805
796,1284,1520.7923871195553,128,131,0.050000000000000044,42,True,1284,236.79238711955531,1520.7923871195553,100.0,0.8008407441252897,6.030534351145038
797,1952,2183.078328603696,128,182,0.050000000000000044,42,True,1952,231.0783286036949,2183.078328603696,100.0,0.8442126273253785,4.9010989010989015
798,800,991.7343174235359,64,101,0.050000000000000044,42,True,800,191.73431742353625,991.7343174235359,98.01980198019803,0.8383457745544978,5.732673267326732
799,1136,1367.2226615215047,128,122,0.050000000000000044,42,True,1136,231.22266152150428,1367.2226615215047,99.18032786885246,0.8442024314744796,5.508196721311475
800,2324,2547.7632382460215,128,223,0.050000000000000044,42,True,2324,223.76323824602076,2547.7632382460215,99.55156950672645,0.859740368808838,3.766816143497758
801,552,753.2662936142196,64,77,0.050000000000000044,42,True,552,201.26629361421988,753.2662936142196,100.0,0.8283656647427772,7.636363636363637
802,1724,1957.5885759160506,128,161,0.050000000000000044,42,True,1724,233.58857591604965,1957.5885759160506,100.0,0.8517130928159914,5.24223602484472
803,2036,2270.92432322933,128,187,0.050000000000000044,42,True,2036,234.92432322933044,2270.92432322933,100.0,0.8137255126876644,4.379679144385027
804,1124,1342.7036781857169,128,118,0.050000000000000044,42,True,1124,218.70367818571697,1342.7036781857169,98.30508474576271,0.8358383147637524,5.161016949152542
805,1604,1838.5292112290654,128,159,0.050000000000000044,42,True,1604,234.52921122906594,1838.5292112290654,99.37106918238993,0.8193105229469093,5.031446540880503
806,696,895.9494538748012,64,92,0.050000000000000044,42,True,696,199.94945387480087,895.9494538748012,98.91304347826087,0.8199206987737054,6.543478260869565
807,1012,1212.6472921267919,64,122,0.050000000000000044,42,True,1012,200.64729212679256,1212.6472921267919,98.36065573770492,0.820749072874378,4.622950819672131
808,2072,2304.5271646859082,128,195,0.050000000000000044,42,True,2072,232.5271646859083,2304.5271646859082,100.0,0.8407737735591215,4.8307692307692305
809,1668,1893.60375078772,128,169,0.050000000000000044,42,True,1668,225.60375078772,1893.60375078772,99.40828402366864,0.8170536044846464,5.195266272189349
810,2000,1992.354202326092,256,163,0.050000000000000044,42,True,2000,-7.645797673908273,1992.354202326092,70.5521472392638,0.8100884954653178,3.938650306748466
811,2400,2576.8791989332767,128,225,0.050000000000000044,42,True,2400,176.87919893327862,2576.8791989332767,99.11111111111111,0.8359200753897047,3.942222222222222
812,1492,1710.3422808969035,128,152,0.050000000000000044,42,True,1492,218.342280896903,1710.3422808969035,98.6842105263158,0.838431917503161,5.947368421052632
813,1308,1536.9688285928505,128,134,0.050000000000000044,42,True,1308,228.9688285928499,1536.9688285928505,99.25373134328358,0.8521832793287892,7.164179104477612
814,1128,1360.954866172338,128,120,0.050000000000000044,42,True,1128,232.9548661723388,1360.954866172338,100.0,0.8358113091355699,6.141666666666667
815,1496,1645.4249435645847,128,155,0.050000000000000044,42,True,1496,149.4249435645852,1645.4249435645847,98.70967741935483,0.8471385595341892,5.019354838709678
816,740,731.3682742316784,64,93,0.050000000000000044,42,True,740,-8.631725768321505,731.3682742316784,25.806451612903224,0.7598508230632173,6.172043010752688
817,1776,1767.2834101382493,128,171,0.050000000000000044,42,True,1776,-8.716589861751142,1767.2834101382493,76.60818713450293,0.811663176606473,4.654970760233918
818,3604,3871.3241018329486,256,294,0.050000000000000044,42,True,3604,267.3241018329467,3871.3241018329486,99.65986394557824,0.7773742837333698,4.408163265306122
819,1556,1773.8169937673495,128,161,0.050000000000000044,42,True,1556,217.8169937673496,1773.8169937673495,98.13664596273291,0.7959875916845396,4.590062111801243
820,2440,2695.835679374389,256,207,0.050000000000000044,42,True,2440,255.8356793743891,2695.835679374389,99.51690821256038,0.7823613462174985,5.531400966183575
821,1440,1673.6082646574057,128,150,0.050000000000000044,42,True,1440,233.60826465740524,1673.6082646574057,99.33333333333333,0.7863602075377986,5.053333333333334
822,2984,3252.83765210188,256,237,0.050000000000000044,42,True,2984,268.8376521018811,3252.83765210188,100.0,0.7871679410105377,5.080168776371308
823,2384,2648.79449388209,256,200,0.050000000000000044,42,True,2384,264.79449388209116,2648.79449388209,100.0,0.8001624626712686,5.925
824,1068,1225.61743444298,64,128,0.050000000000000044,42,True,1068,157.6174344429802,1225.61743444298,100.0,0.8148492649576702,4.984375
825,2372,2628.15869663813,256,198,0.050000000000000044,42,True,2372,256.15869663813146,2628.15869663813,98.48484848484848,0.7849802374447638,4.984848484848484
826,436,605.1774580614197,32,71,0.050000000000000044,42,True,436,169.1774580614196,605.1774580614197,100.0,0.7747161109801306,5.309859154929577
827,1204,1437.327751232635,128,123,0.050000000000000044,42,True,1204,233.32775123263454,1437.327751232635,98.3739837398374,0.8230040548004421,6.495934959349594
828,2108,2345.0369958295887,128,199,0.050000000000000044,42,True,2108,237.03699582958782,2345.0369958295887,100.0,0.8058095446859483,5.0201005025125625
829,1420,1656.2716816823954,128,145,0.050000000000000044,42,True,1420,236.27168168239552,1656.2716816823954,99.3103448275862,0.7906128562123629,6.075862068965518
830,1336,1571.122109324036,128,140,0.050000000000000044,42,True,1336,235.1221093240365,1571.122109324036,99.28571428571429,0.8297559138828003,5.15
831,900,1103.8519490457281,64,107,0.050000000000000044,42,True,900,203.85194904572822,1103.8519490457281,100.0,0.828731898529873,6.308411214953271
832,2152,2387.9747474747487,128,200,0.050000000000000044,42,True,2152,235.9747474747475,2387.9747474747487,100.0,0.8438993239327094,5.17
833,1196,1347.2059807040264,128,123,0.050000000000000044,42,True,1196,151.20598070402627,1347.2059807040264,82.11382113821138,0.807221391061192,6.585365853658536
834,2500,2734.649702747388,128,229,0.050000000000000044,42,True,2500,234.64970274738806,2734.649702747388,99.56331877729258,0.8408115278904433,3.925764192139738
835,1316,1508.379079477112,64,149,0.050000000000000044,42,True,1316,192.3790794771112,1508.379079477112,99.32885906040268,0.7965482483751888,4.275167785234899
836,1648,1828.9353155928234,128,154,0.050000000000000044,42,True,1648,180.93531559282394,1828.9353155928234,99.35064935064935,0.800130651438037,5.785714285714286
837,2056,2289.536962260436,128,192,0.050000000000000044,42,True,2056,233.53696226043678,2289.536962260436,99.47916666666667,0.7965812277510435,4.572916666666667
838,1224,1447.2019316655417,128,128,0.050000000000000044,42,True,1224,223.20193166554162,1447.2019316655417,99.21875,0.8000590559317299,6.359375
839,1212,1448.2029293454539,128,121,0.050000000000000044,42,True,1212,236.20292934545478,1448.2029293454539,99.17355371900827,0.8311916229002886,5.859504132231405
840,1752,1976.108131090106,128,165,0.050000000000000044,42,True,1752,224.1081310901062,1976.108131090106,55.15151515151515,0.7868788832066398,5.503030303030303
841,1660,1841.002191750028,128,172,0.050000000000000044,42,True,1660,181.0021917500281,1841.002191750028,99.4186046511628,0.8093691837929196,4.848837209302325
842,888,887.2366263440862,64,108,0.050000000000000044,42,True,888,-0.763373655913977,887.2366263440862,0.0,0.6671070992424782,4.416666666666667
843,1560,1784.3018695236428,128,152,0.050000000000000044,42,True,1560,224.30186952364227,1784.3018695236428,99.34210526315789,0.7672999036396999,5.375
844,932,1132.182972587614,64,114,0.050000000000000044,42,True,932,200.1829725876135,1132.182972587614,88.59649122807018,0.7571117461790188,5.342105263157895
845,3388,3648.053684529904,256,289,0.050000000000000044,42,True,3388,260.0536845299048,3648.053684529904,99.30795847750865,0.7964056401705764,4.726643598615917
846,1508,1710.18022376887,64,172,0.050000000000000044,42,True,1508,202.18022376886955,1710.18022376887,100.0,0.7667588850015086,5.186046511627907
847,988,1212.7590702765926,128,103,0.050000000000000044,42,True,988,224.75907027659218,1212.7590702765926,98.05825242718447,0.8115281351730717,6.854368932038835
848,552,752.0656397245376,64,77,0.050000000000000044,42,True,552,200.06563972453787,752.0656397245376,100.0,0.7918990910816472,5.7272727272727275
849,1756,1740.1929646621584,128,178,0.050000000000000044,42,True,1756,-15.807035337840283,1740.1929646621584,31.46067415730337,0.7064883768405565,4.707865168539326
850,356,525.3882775410834,32,60,0.050000000000000044,42,True,356,169.38827754108337,525.3882775410834,93.33333333333333,0.7891698033699763,6.9
851,908,1109.788936971591,64,108,0.050000000000000044,42,True,908,201.78893697159114,1109.788936971591,62.96296296296296,0.7668998928221652,4.666666666666667
852,924,1125.2935679212947,64,113,0.050000000000000044,42,True,924,201.29356792129494,1125.2935679212947,100.0,0.8124909822850238,6.0
853,1196,1414.1789133695947,128,130,0.050000000000000044,42,True,1196,218.1789133695952,1414.1789133695947,98.46153846153847,0.840011491105658,6.476923076923077
854,2560,2543.48107171421,256,220,0.050000000000000044,42,True,2560,-16.518928285790444,2543.48107171421,31.818181818181817,0.72547867638669,3.2045454545454546
855,888,1091.2748541504418,64,107,0.050000000000000044,42,True,888,203.27485415044126,1091.2748541504418,98.13084112149532,0.8025276923308995,5.5327102803738315
856,2332,2316.794705469844,256,196,0.050000000000000044,42,True,2332,-15.20529453015426,2316.794705469844,62.755102040816325,0.7615076881238052,3.9846938775510203
857,1344,1567.328637967585,128,138,0.050000000000000044,42,True,1344,223.3286379675846,1567.328637967585,61.594202898550726,0.7823967066668595,5.913043478260869
858,1820,2045.546770712105,128,169,0.050000000000000044,42,True,1820,225.5467707121045,2045.546770712105,98.22485207100591,0.8274878765359659,5.603550295857988
859,768,761.2856085694426,64,104,0.050000000000000044,42,True,768,-6.714391430557258,761.2856085694426,41.34615384615385,0.7310247068587349,3.9038461538461537
860,1428,1652.4753456221192,128,146,0.050000000000000044,42,True,1428,224.47534562211982,1652.4753456221192,99.31506849315069,0.8328329689787228,4.561643835616438
861,2288,2523.0421035664613,128,213,0.050000000000000044,42,True,2288,235.04210356645964,2523.0421035664613,91.07981220657277,0.7913738624654575,4.117370892018779
862,1908,2139.7391343880713,128,182,0.050000000000000044,42,True,1908,231.73913438807057,2139.7391343880713,100.0,0.8298690029782485,4.664835164835165
863,2472,2705.408971757812,128,216,0.050000000000000044,42,True,2472,233.40897175781024,2705.408971757812,99.53703703703704,0.819723106286659,4.657407407407407
864,1880,2116.288082437276,128,181,0.050000000000000044,42,True,1880,236.288082437276,2116.288082437276,100.0,0.8017194814864609,5.320441988950276
865,2820,3089.9992319508456,256,233,0.050000000000000044,42,True,2820,269.9992319508449,3089.9992319508456,100.0,0.8559909154224926,5.2703862660944205
866,1196,1186.047726574501,128,124,0.050000000000000044,42,True,1196,-9.952273425499232,1186.047726574501,54.03225806451613,0.7306039711446326,3.7661290322580645
867,2236,2470.8421111847474,128,204,0.050000000000000044,42,True,2236,234.84211118474795,2470.8421111847474,99.50980392156863,0.8211964599815174,3.25
868,1296,1474.3584872713905,128,133,0.050000000000000044,42,True,1296,178.3584872713905,1474.3584872713905,69.17293233082707,0.8109898306993067,5.917293233082707
869,1324,1472.4584084625553,128,137,0.050000000000000044,42,True,1324,148.4584084625556,1472.4584084625553,99.27007299270073,0.8013392584154728,5.45985401459854
870,888,1087.4389260157832,64,108,0.050000000000000044,42,True,888,199.43892601578307,1087.4389260157832,100.0,0.8121737041478718,5.851851851851852
871,1328,1554.91920709185,128,138,0.050000000000000044,42,True,1328,226.91920709184927,1554.91920709185,98.55072463768116,0.8060058533639839,5.420289855072464
872,2868,3044.435522105012,128,254,0.050000000000000044,42,True,2868,176.43552210501363,3044.435522105012,99.60629921259843,0.7749113362566453,4.019685039370079
873,608,802.0377615254013,64,85,0.050000000000000044,42,True,608,194.03776152540158,802.0377615254013,98.82352941176471,0.8264303630292797,6.129411764705883
874,696,895.8476654040679,64,92,0.050000000000000044,42,True,696,199.84766540406795,895.8476654040679,100.0,0.8207294569667313,5.608695652173913
875,3032,3298.126822883355,256,248,0.050000000000000044,42,True,3032,266.12682288335765,3298.126822883355,100.0,0.7890983321114365,5.342741935483871
876,1652,1837.5693828156507,128,167,0.050000000000000044,42,True,1652,185.56938281565147,1837.5693828156507,100.0,0.7840988656932817,5.892215568862276
877,1348,1581.2096105112626,128,142,0.050000000000000044,42,True,1348,233.20961051126147,1581.2096105112626,100.0,0.7821396552331734,6.359154929577465
878,3264,3526.8606602337413,256,268,0.050000000000000044,42,True,3264,262.8606602337429,3526.8606602337413,99.25373134328358,0.8009269846196826,4.7611940298507465
879,2016,2282.8194009887184,256,164,0.050000000000000044,42,True,2016,266.81940098871814,2282.8194009887184,96.95121951219512,0.779683362880821,5.445121951219512
880,1344,1532.3269033388879,128,138,0.050000000000000044,42,True,1344,188.32690333888763,1532.3269033388879,100.0,0.8051255919870709,6.297101449275362
881,1368,1601.3188240844493,128,143,0.050000000000000044,42,True,1368,233.31882408444892,1601.3188240844493,100.0,0.7751996088938988,5.258741258741258
882,2200,2435.052297413219,128,199,0.050000000000000044,42,True,2200,235.05229741322023,2435.052297413219,98.49246231155779,0.7915643546163597,4.115577889447236
883,596,793.3023159636066,64,80,0.050000000000000044,42,True,596,197.3023159636063,793.3023159636066,95.0,0.8149247756376159,5.975
884,2036,2254.1735710243343,128,191,0.050000000000000044,42,True,2036,218.17357102433502,2254.1735710243343,98.95287958115183,0.781068783740766,5.06282722513089
885,2084,2340.452934293609,256,177,0.050000000000000044,42,True,2084,256.4529342936109,2340.452934293609,99.43502824858757,0.827125685300138,5.5875706214689265
886,1040,1232.414781020143,64,125,0.050000000000000044,42,True,1040,192.41478102014324,1232.414781020143,98.4,0.7641407685515137,5.872
887,2240,2501.8342325128324,256,195,0.050000000000000044,42,True,2240,261.8342325128321,2501.8342325128324,99.48717948717949,0.8043821104387466,5.420512820512821
888,2836,3100.0034582821513,256,232,0.050000000000000044,42,True,2836,264.0034582821529,3100.0034582821513,100.0,0.8021060093633122,5.443965517241379
889,2412,2670.248653951811,256,205,0.050000000000000044,42,True,2412,258.24865395180916,2670.248653951811,97.5609756097561,0.7891016728411938,5.634146341463414
890,2944,3199.042954096817,256,245,0.050000000000000044,42,True,2944,255.04295409681595,3199.042954096817,95.91836734693878,0.8158242444892088,4.542857142857143
891,548,749.2109940750495,64,76,0.050000000000000044,42,True,548,201.21099407504937,749.2109940750495,97.36842105263158,0.7647882460435682,6.934210526315789
892,960,957.0109879032259,64,115,0.050000000000000044,42,True,960,-2.9890120967741822,957.0109879032259,10.434782608695652,0.7291715995176351,5.130434782608695
893,1564,1556.7789775522642,128,164,0.050000000000000044,42,True,1564,-7.221022447735734,1556.7789775522642,83.53658536585365,0.7676669567080432,4.646341463414634
894,964,1157.6442933603355,128,101,0.050000000000000044,42,True,964,193.64429336033558,1157.6442933603355,100.0,0.8041950910528274,6.178217821782178
895,1704,1928.4391621661073,128,172,0.050000000000000044,42,True,1704,224.43916216610714,1928.4391621661073,99.4186046511628,0.8014961727217706,5.5523255813953485
896,3356,3621.6423003072196,256,276,0.050000000000000044,42,True,3356,265.6423003072196,3621.6423003072196,99.6376811594203,0.802212070516965,4.293478260869565
897,1044,1236.481239990849,64,125,0.050000000000000044,42,True,1044,192.4812399908488,1236.481239990849,57.6,0.7619716610761198,4.672
898,4480,4777.512195812113,512,309,0.050000000000000044,42,True,4480,297.5121958121109,4777.512195812113,99.67637540453075,0.796827006729326,4.851132686084142
899,1532,1766.4972835314088,128,157,0.050000000000000044,42,True,1532,234.49728353140918,1766.4972835314088,100.0,0.7561233314658738,4.917197452229299
900,1164,1353.559641301881,128,128,0.050000000000000044,42,True,1164,189.55964130188016,1353.559641301881,100.0,0.8176159786468845,4.9765625
901,1508,1741.9927707253123,128,156,0.050000000000000044,42,True,1508,233.9927707253114,1741.9927707253123,98.71794871794872,0.8229718869034272,5.147435897435898
902,1332,1555.4237061003093,128,135,0.050000000000000044,42,True,1332,223.42370610030855,1555.4237061003093,93.33333333333333,0.7872775814620165,6.37037037037037
903,1984,2218.1680601485004,128,186,0.050000000000000044,42,True,1984,234.1680601484994,2218.1680601485004,100.0,0.8005564505967437,5.306451612903226
904,1192,1383.7221167570654,64,134,0.050000000000000044,42,True,1192,191.72211675706538,1383.7221167570654,99.25373134328358,0.7670275316096653,4.873134328358209
905,1300,1536.1799146351475,128,131,0.050000000000000044,42,True,1300,236.17991463514733,1536.1799146351475,100.0,0.8048659218712038,5.633587786259542
906,1316,1540.6164843176425,128,136,0.050000000000000044,42,True,1316,224.61648431764158,1540.6164843176425,55.14705882352941,0.7109029490709465,6.507352941176471
907,1484,1719.0462816268694,128,148,0.050000000000000044,42,True,1484,235.0462816268701,1719.0462816268694,99.32432432432432,0.7744664185527366,5.297297297297297
908,1196,1189.1809975464168,128,121,0.050000000000000044,42,True,1196,-6.81900245358332,1189.1809975464168,97.52066115702479,0.78903164085806,5.520661157024794
909,2112,2330.4412576358377,128,201,0.050000000000000044,42,True,2112,218.44125763583756,2330.4412576358377,27.36318407960199,0.707903021045378,4.189054726368159
910,2820,3082.673327947372,256,228,0.050000000000000044,42,True,2820,262.6733279473715,3082.673327947372,100.0,0.7511958454797869,4.991228070175438
911,1476,1700.8699064148198,128,153,0.050000000000000044,42,True,1476,224.86990641481955,1700.8699064148198,99.34640522875817,0.8058501523083955,6.568627450980392
912,2044,2270.9898529658403,128,189,0.050000000000000044,42,True,2044,226.9898529658411,2270.9898529658403,64.02116402116403,0.7611076684401692,4.507936507936508
913,2760,3017.7738078081056,256,224,0.050000000000000044,42,True,2760,257.7738078081062,3017.7738078081056,94.64285714285714,0.7880709288595994,4.727678571428571
914,396,565.4373327494768,32,66,0.050000000000000044,42,True,396,169.43733274947698,565.4373327494768,100.0,0.748060110971572,5.651515151515151
915,1436,1659.3156242428663,128,151,0.050000000000000044,42,True,1436,223.31562424286528,1659.3156242428663,99.33774834437087,0.7902843726466758,4.695364238410596
916,1324,1524.6789775833788,64,151,0.050000000000000044,42,True,1324,200.6789775833789,1524.6789775833788,100.0,0.7721446240795831,4.986754966887418
917,4340,4639.063227400466,512,294,0.050000000000000044,42,True,4340,299.0632274004692,4639.063227400466,100.0,0.7891554079967471,5.204081632653061
918,2836,2827.1025452436884,256,232,0.050000000000000044,42,True,2836,-8.8974547563097,2827.1025452436884,82.75862068965517,0.7322716592428831,4.823275862068965
919,5420,5710.112787192315,512,376,0.050000000000000044,42,True,5420,290.1127871923135,5710.112787192315,89.09574468085107,0.7656227366011894,4.26063829787234
920,396,570.0579552751619,32,68,0.050000000000000044,42,True,396,174.05795527516185,570.0579552751619,100.0,0.7991504140063049,5.911764705882353
921,1156,1149.7265010032418,128,122,0.050000000000000044,42,True,1156,-6.273498996758775,1149.7265010032418,32.78688524590164,0.6967329846019347,5.573770491803279
922,940,1142.553592345455,64,109,0.050000000000000044,42,True,940,202.5535923454548,1142.553592345455,99.08256880733946,0.7914603403978495,5.944954128440367
923,1340,1330.2616856281788,128,141,0.050000000000000044,42,True,1340,-9.738314371820923,1330.2616856281788,81.56028368794327,0.7646695631392637,5.056737588652482
924,2448,2673.415770609319,256,209,0.050000000000000044,42,True,2448,225.41577060931897,2673.415770609319,100.0,0.7495935512223263,5.588516746411483
925,1288,1513.1842042613973,128,135,0.050000000000000044,42,True,1288,225.18420426139744,1513.1842042613973,97.03703703703704,0.7713181464208738,4.881481481481481
926,564,547.0267844110351,64,71,0.050000000000000044,42,True,564,-16.973215588965118,547.0267844110351,85.91549295774648,0.7497074977090935,6.225352112676056
927,1384,1618.9399428001764,128,140,0.050000000000000044,42,True,1384,234.93994280017617,1618.9399428001764,99.28571428571429,0.7541352350871187,5.5
928,916,1118.214444225449,64,105,0.050000000000000044,42,True,916,202.21444422544877,1118.214444225449,99.04761904761905,0.7938786127259072,5.333333333333333
929,1300,1247.893548387097,128,137,0.050000000000000044,42,True,1300,-52.10645161290322,1247.893548387097,71.53284671532846,0.7515100604366406,6.343065693430657
930,1076,1070.0560424063858,128,115,0.050000000000000044,42,True,1076,-5.943957593613884,1070.0560424063858,22.608695652173914,0.6851315761892571,5.817391304347826
931,2416,2683.769070062715,256,206,0.050000000000000044,42,True,2416,267.76907006271404,2683.769070062715,99.51456310679612,0.794798140596617,5.019417475728155
932,2400,2623.123591471497,128,224,0.050000000000000044,42,True,2400,223.123591471498,2623.123591471497,95.98214285714286,0.7623776285362247,3.955357142857143
933,1208,1441.3143098835787,128,134,0.050000000000000044,42,True,1208,233.31430988357877,1441.3143098835787,100.0,0.789618685273372,6.097014925373134
934,2292,2556.736447143223,256,195,0.050000000000000044,42,True,2292,264.73644714322216,2556.736447143223,100.0,0.7861785807208799,5.158974358974359
935,2596,2854.5656918077134,256,224,0.050000000000000044,42,True,2596,258.56569180771254,2854.5656918077134,99.10714285714286,0.8001409234482495,4.553571428571429
936,1972,2188.6421483865465,128,187,0.050000000000000044,42,True,1972,216.64214838654522,2188.6421483865465,98.93048128342247,0.8021747893591162,5.144385026737968
937,652,644.4957314221348,64,88,0.050000000000000044,42,True,652,-7.50426857786532,644.4957314221348,5.681818181818182,0.6472158765166156,5.636363636363637
938,2152,2376.549221490514,128,207,0.050000000000000044,42,True,2152,224.54922149051515,2376.549221490514,99.51690821256038,0.7821812881868152,5.27536231884058
939,992,1193.417089539937,64,118,0.050000000000000044,42,True,992,201.417089539937,1193.417089539937,100.0,0.7652710083197146,5.4491525423728815
940,1900,2125.912296663909,128,180,0.050000000000000044,42,True,1900,225.9122966639096,2125.912296663909,80.55555555555556,0.7825254251441248,3.8666666666666667
941,1820,2037.5348473405986,128,171,0.050000000000000044,42,True,1820,217.5348473405977,2037.5348473405986,94.73684210526316,0.8381361281411607,5.011695906432749
942,2004,2239.1829349824498,128,190,0.050000000000000044,42,True,2004,235.1829349824503,2239.1829349824498,99.47368421052632,0.8221825998228934,5.247368421052632
943,1832,2066.0984660500776,128,175,0.050000000000000044,42,True,1832,234.09846605007897,2066.0984660500776,99.42857142857143,0.8211181995661858,4.708571428571428
944,2896,3145.0639351518857,256,247,0.050000000000000044,42,True,2896,249.06393515188404,3145.0639351518857,98.38056680161944,0.8234245391419045,4.9271255060728745
945,1432,1667.670222189415,128,148,0.050000000000000044,42,True,1432,235.67022218941463,1667.670222189415,100.0,0.8013437485151277,5.27027027027027
946,3088,3351.548483284456,256,252,0.050000000000000044,42,True,3088,263.54848328445746,3351.548483284456,100.0,0.810039160819116,4.912698412698413
947,680,670.1337460566386,64,89,0.050000000000000044,42,True,680,-9.866253943361459,670.1337460566386,19.10112359550562,0.6539847170774398,6.674157303370786
948,1496,1734.2682860923212,128,158,0.050000000000000044,42,True,1496,238.26828609232032,1734.2682860923212,100.0,0.8062062947417662,5.436708860759493
949,2372,2624.4504909884927,256,201,0.050000000000000044,42,True,2372,252.4504909884913,2624.4504909884927,98.50746268656717,0.7797938114175792,5.830845771144278
950,1448,1678.5425128449594,128,151,0.050000000000000044,42,True,1448,230.54251284496002,1678.5425128449594,99.33774834437087,0.8170218129802581,6.291390728476821
951,1612,1839.391669971098,128,170,0.050000000000000044,42,True,1612,227.39166997109814,1839.391669971098,99.41176470588235,0.8205864617718773,4.529411764705882
952,2472,2739.121474209131,256,204,0.050000000000000044,42,True,2472,267.121474209132,2739.121474209131,98.03921568627452,0.7842015944444367,5.5
953,1376,1612.156173766092,128,144,0.050000000000000044,42,True,1376,236.15617376609174,1612.156173766092,100.0,0.7855366014457682,5.277777777777778
954,1604,1596.672229619365,128,148,0.050000000000000044,42,True,1604,-7.327770380635778,1596.672229619365,60.13513513513514,0.7382830863204948,6.033783783783784
955,2760,3023.3795125957336,256,223,0.050000000000000044,42,True,2760,263.37951259573333,3023.3795125957336,100.0,0.8036547597450102,4.914798206278027
956,1372,1358.3111436950146,128,144,0.050000000000000044,42,True,1372,-13.688856304985334,1358.3111436950146,77.08333333333333,0.8004704599760873,4.520833333333333
957,2812,3070.514583999794,256,232,0.050000000000000044,42,True,2812,258.51458399979253,3070.514583999794,99.13793103448276,0.8329523211341129,4.599137931034483
958,2596,2844.4483520859876,256,219,0.050000000000000044,42,True,2596,248.44835208598641,2844.4483520859876,98.63013698630137,0.7880787675158318,4.9908675799086755
959,2492,2747.3511267091912,256,215,0.050000000000000044,42,True,2492,255.35112670919233,2747.3511267091912,99.53488372093024,0.798736796998565,5.874418604651162
960,1088,1289.0103622274287,64,124,0.050000000000000044,42,True,1088,201.01036222742837,1289.0103622274287,100.0,0.763672479785688,4.516129032258065
961,1588,1583.7649071358758,128,166,0.050000000000000044,42,True,1588,-4.235092864125132,1583.7649071358758,26.50602409638554,0.783909948806138,3.602409638554217
962,1444,1665.85348895522,128,150,0.050000000000000044,42,True,1444,221.8534889552207,1665.85348895522,98.66666666666667,0.7748960919460244,6.326666666666667
963,2024,2264.2152362069173,256,168,0.050000000000000044,42,True,2024,240.21523620691704,2264.2152362069173,97.02380952380952,0.778579295245529,5.440476190476191
964,1808,2039.19871389416,128,188,0.050000000000000044,42,True,1808,231.19871389415982,2039.19871389416,100.0,0.8064009085296441,4.76595744680851
965,1016,983.937144212524,64,123,0.050000000000000044,42,True,1016,-32.062855787476266,983.937144212524,49.59349593495935,0.7280186753245292,4.634146341463414
966,1428,1421.4274123725745,128,146,0.050000000000000044,42,True,1428,-6.5725876274263335,1421.4274123725745,45.205479452054796,0.7776959450231558,5.006849315068493
967,1340,1573.5911780786669,128,140,0.050000000000000044,42,True,1340,233.59117807866724,1573.5911780786669,100.0,0.8146206527755092,5.571428571428571
968,1496,1488.7818774604898,128,149,0.050000000000000044,42,True,1496,-7.2181225395099755,1488.7818774604898,97.31543624161074,0.7881449396795798,4.845637583892618
969,2484,2712.5805769681892,128,236,0.050000000000000044,42,True,2484,228.58057696818926,2712.5805769681892,99.57627118644068,0.7468407149980965,4.694915254237288
970,1524,1752.0207337038887,128,156,0.050000000000000044,42,True,1524,228.0207337038883,1752.0207337038887,95.51282051282051,0.8008466416578275,5.685897435897436
971,2160,2415.1153876731664,256,178,0.050000000000000044,42,True,2160,255.11538767316597,2415.1153876731664,99.43820224719101,0.7831614733116724,5.780898876404494
972,988,1146.1211496483133,64,117,0.050000000000000044,42,True,988,158.12114964831432,1146.1211496483133,100.0,0.8156047105500254,6.051282051282051
973,2764,2747.816174527581,256,224,0.050000000000000044,42,True,2764,-16.18382547242023,2747.816174527581,94.64285714285714,0.8082201008799988,6.267857142857143
974,5128,5374.044973593875,512,359,0.050000000000000044,42,True,5128,246.04497359387483,5374.044973593875,99.72144846796657,0.7943520921304922,4.534818941504178
975,1496,1488.5906378427076,128,158,0.050000000000000044,42,True,1496,-7.409362157293247,1488.5906378427076,87.34177215189874,0.7874364615811645,4.69620253164557
976,1316,1543.870127289175,128,136,0.050000000000000044,42,True,1316,227.87012728917506,1543.870127289175,97.79411764705883,0.8250419955868884,6.713235294117647
977,804,989.3515270807294,64,99,0.050000000000000044,42,True,804,185.3515270807291,989.3515270807294,96.96969696969697,0.7780060717758654,6.292929292929293
978,1772,2005.4882167893802,128,169,0.050000000000000044,42,True,1772,233.48821678938023,2005.4882167893802,99.40828402366864,0.7855891695248486,5.408284023668639
979,2292,2511.7719008620097,128,217,0.050000000000000044,42,True,2292,219.7719008620092,2511.7719008620097,97.6958525345622,0.7924349488156489,5.078341013824885
980,584,785.0463790812844,64,81,0.050000000000000044,42,True,584,201.04637908128456,785.0463790812844,100.0,0.8074218547874489,6.839506172839506
981,1420,1654.9090487817034,128,144,0.050000000000000044,42,True,1420,234.90904878170312,1654.9090487817034,99.30555555555556,0.8389522186245725,5.395833333333333
982,1264,1499.6971119835882,128,126,0.050000000000000044,42,True,1264,235.697111983588,1499.6971119835882,99.2063492063492,0.8050480473430293,6.253968253968254
983,2276,2542.4652802507267,256,190,0.050000000000000044,42,True,2276,266.465280250729,2542.4652802507267,99.47368421052632,0.7895291694375763,5.589473684210526
984,944,944.1821697557808,128,103,0.050000000000000044,42,True,944,0.18216975578067007,944.1821697557808,0.0,0.6815217430613201,4.844660194174757
985,2740,3004.801772740483,256,219,0.050000000000000044,42,True,2740,264.8017727404824,3004.801772740483,100.0,0.8311286721193111,4.511415525114155
986,1536,1769.5131743019797,128,163,0.050000000000000044,42,True,1536,233.51317430197886,1769.5131743019797,100.0,0.803216377932659,5.50920245398773
987,1408,1642.1708384746466,128,145,0.050000000000000044,42,True,1408,234.17083847464596,1642.1708384746466,100.0,0.8018383321838568,5.620689655172414
988,732,737.6093313239663,64,98,0.050000000000000044,42,True,732,5.609331323966384,737.6093313239663,0.0,0.7520674945875659,5.23469387755102
989,1172,1156.525360878474,128,126,0.050000000000000044,42,True,1172,-15.474639121525989,1156.525360878474,3.1746031746031744,0.6968286223537259,3.634920634920635
990,3020,3281.0614169373553,256,256,0.050000000000000044,42,True,3020,261.06141693735754,3281.0614169373553,98.828125,0.8189862754384396,5.0859375
991,3172,3436.389584314399,256,261,0.050000000000000044,42,True,3172,264.38958431439704,3436.389584314399,99.61685823754789,0.789887982648623,4.75095785440613
992,1396,1628.2708859237896,128,145,0.050000000000000044,42,True,1396,232.2708859237889,1628.2708859237896,100.0,0.8327911849348599,5.179310344827586
993,1464,1687.6746494927622,128,151,0.050000000000000044,42,True,1464,223.67464949276186,1687.6746494927622,99.33774834437087,0.786304357043157,6.920529801324503
994,1704,1879.5297174761185,128,163,0.050000000000000044,42,True,1704,175.52971747611954,1879.5297174761185,98.15950920245399,0.745449905969339,5.754601226993865
995,4592,4889.429980484728,512,307,0.050000000000000044,42,True,4592,297.42998048472896,4889.429980484728,99.6742671009772,0.7845048346174176,5.5602605863192185
996,2840,3053.2158218125955,256,238,0.050000000000000044,42,True,2840,213.215821812596,3053.2158218125955,99.5798319327731,0.7924614330041919,6.277310924369748
997,1532,1522.7107757270753,128,151,0.050000000000000044,42,True,1532,-9.28922427292459,1522.7107757270753,9.271523178807946,0.7416174470299487,3.6754966887417218
998,1344,1565.5695726110123,128,132,0.050000000000000044,42,True,1344,221.5695726110118,1565.5695726110123,98.48484848484848,0.7823368624418818,6.446969696969697
999,2296,2546.7873577316595,256,189,0.050000000000000044,42,True,2296,250.78735773165783,2546.7873577316595,98.41269841269842,0.7664725623427268,6.243386243386244
1000,1392,1374.060140435701,128,142,0.050000000000000044,42,True,1392,-17.939859564299425,1374.060140435701,69.71830985915493,0.7534625841838332,5.26056338028169
1001,2552,2807.922016668044,256,219,0.050000000000000044,42,True,2552,255.92201666804453,2807.922016668044,99.54337899543378,0.7899046161466682,5.013698630136986
1002,1924,2123.6858050763826,128,176,0.050000000000000044,42,True,1924,199.68580507638256,2123.6858050763826,87.5,0.777159383125444,4.5625
1003,5652,5928.836775893573,512,403,0.050000000000000044,42,True,5652,276.8367758935782,5928.836775893573,99.25558312655087,0.8298459202320634,3.699751861042184
1004,1384,1603.0670528129276,128,147,0.050000000000000044,42,True,1384,219.06705281292702,1603.0670528129276,98.63945578231292,0.818048383233076,6.0272108843537415
1005,2936,3203.2896345842137,256,243,0.050000000000000044,42,True,2936,267.28963458421384,3203.2896345842137,99.17695473251028,0.7832337446087714,4.847736625514403
1006,5248,5548.50020513873,512,365,0.050000000000000044,42,True,5248,300.50020513872505,5548.50020513873,100.0,0.8111913920469218,4.923287671232877
1007,4816,5106.024005546322,512,337,0.050000000000000044,42,True,4816,290.0240055463185,5106.024005546322,99.40652818991099,0.817880589770822,4.032640949554896
1008,2024,2012.1603140926368,256,165,0.050000000000000044,42,True,2024,-11.839685907363833,2012.1603140926368,84.24242424242425,0.7995041378964364,6.575757575757576
1009,1028,1212.5246180207957,64,121,0.050000000000000044,42,True,1028,184.52461802079569,1212.5246180207957,63.63636363636363,0.8092167950931934,4.702479338842975
1010,3204,3468.843454144003,256,259,0.050000000000000044,42,True,3204,264.84345414400343,3468.843454144003,99.61389961389962,0.8007020503467237,4.980694980694981
1011,2168,2384.439765484356,128,209,0.050000000000000044,42,True,2168,216.43976548435748,2384.439765484356,99.04306220095694,0.7884959922942953,4.899521531100478
1012,764,966.5163367550315,64,99,0.050000000000000044,42,True,764,202.51633675503177,966.5163367550315,98.98989898989899,0.8028678806385944,4.898989898989899
1013,1676,1900.622496824827,128,157,0.050000000000000044,42,True,1676,224.62249682482613,1900.622496824827,59.23566878980892,0.7666778759791901,5.789808917197452
1014,884,1084.8189246133272,64,107,0.050000000000000044,42,True,884,200.81892461332706,1084.8189246133272,96.26168224299066,0.7566372522581012,5.841121495327103
1015,2480,2692.8739971586174,256,216,0.050000000000000044,42,True,2480,212.87399715861605,2692.8739971586174,99.53703703703704,0.819249161130734,6.337962962962963
1016,3052,3310.3014392034593,256,252,0.050000000000000044,42,True,3052,258.3014392034613,3310.3014392034593,94.44444444444444,0.7971673544044793,4.4563492063492065
1017,2924,3185.2691950014523,256,234,0.050000000000000044,42,True,2924,261.26919500145306,3185.2691950014523,100.0,0.8017436010183303,5.773504273504273
1018,1852,2084.7288721116447,128,176,0.050000000000000044,42,True,1852,232.7288721116449,2084.7288721116447,100.0,0.8331776417544726,4.875
1019,1148,1341.5320614888642,64,128,0.050000000000000044,42,True,1148,193.53206148886397,1341.5320614888642,98.4375,0.7644625192475869,4.875
1020,1384,1616.4713422737705,128,137,0.050000000000000044,42,True,1384,232.4713422737707,1616.4713422737705,99.27007299270073,0.8217296171371875,5.868613138686132
1021,1596,1819.8427113884006,128,156,0.050000000000000044,42,True,1596,223.84271138840006,1819.8427113884006,99.35897435897436,0.7973358984277774,5.551282051282051
1022,620,587.8699250753626,64,87,0.050000000000000044,42,True,620,-32.13007492463754,587.8699250753626,33.333333333333336,0.7930583958029928,5.839080459770115
1023,2404,2667.765610948192,256,200,0.050000000000000044,42,True,2404,263.7656109481916,2667.765610948192,100.0,0.796042141642539,5.915
1024,1580,1813.4448217317492,128,167,0.050000000000000044,42,True,1580,233.4448217317487,1813.4448217317492,100.0,0.7934504254568631,4.970059880239521
1025,1624,1850.5195113728055,128,163,0.050000000000000044,42,True,1624,226.519511372804,1850.5195113728055,98.77300613496932,0.7655430732088141,5.116564417177914
1026,3324,3588.4189756294877,256,279,0.050000000000000044,42,True,3324,264.4189756294873,3588.4189756294877,99.6415770609319,0.7808065017320723,4.759856630824372
1027,2456,2712.6733077229114,256,210,0.050000000000000044,42,True,2456,256.67330772291206,2712.6733077229114,84.76190476190476,0.7875943122159046,4.723809523809524
1028,4140,4392.758951888347,256,316,0.050000000000000044,42,True,4140,252.75895188834596,4392.758951888347,98.73417721518987,0.7798620995622522,4.94620253164557
1029,3524,3776.801115298679,256,296,0.050000000000000044,42,True,3524,252.80111529867946,3776.801115298679,97.97297297297297,0.843055223366061,4.655405405405405
1030,3372,3636.484418464866,256,260,0.050000000000000044,42,True,3372,264.4844184648647,3636.484418464866,100.0,0.793791637334575,4.676923076923077
1031,2048,2312.1938971261743,256,173,0.050000000000000044,42,True,2048,264.19389712617385,2312.1938971261743,99.42196531791907,0.8118586430237084,5.630057803468208
1032,1460,1683.459240253075,128,157,0.050000000000000044,42,True,1460,223.45924025307576,1683.459240253075,99.36305732484077,0.8016383031508195,6.292993630573249
1033,1404,1630.2516431665833,128,144,0.050000000000000044,42,True,1404,226.2516431665839,1630.2516431665833,88.88888888888889,0.7840474359985105,5.826388888888889
1034,1360,1596.0113164582813,128,144,0.050000000000000044,42,True,1360,236.011316458282,1596.0113164582813,99.30555555555556,0.8000178109261856,4.736111111111111
1035,472,676.3049069303984,64,70,0.050000000000000044,42,True,472,204.30490693039832,676.3049069303984,98.57142857142857,0.8006338548523096,6.585714285714285
1036,1508,1734.8761225154767,128,150,0.050000000000000044,42,True,1508,226.87612251547736,1734.8761225154767,99.33333333333333,0.8346334819917819,6.206666666666667
1037,1824,2056.462360833572,128,176,0.050000000000000044,42,True,1824,232.4623608335712,2056.462360833572,100.0,0.8163148691350866,5.238636363636363
1038,1308,1532.0456763350496,128,134,0.050000000000000044,42,True,1308,224.04567633505016,1532.0456763350496,99.25373134328358,0.8248713269734669,6.522388059701493
1039,2024,2248.6368962426536,128,194,0.050000000000000044,42,True,2024,224.63689624265243,2248.6368962426536,99.48453608247422,0.8247442998010939,4.829896907216495
1040,1668,1901.5133079000611,128,159,0.050000000000000044,42,True,1668,233.5133079000615,1901.5133079000611,100.0,0.7990812735434888,5.29559748427673
1041,1496,1486.1394904821611,128,159,0.050000000000000044,42,True,1496,-9.860509517838828,1486.1394904821611,74.21383647798743,0.7759963860616985,5.088050314465409
1042,3128,3333.503951480481,256,256,0.050000000000000044,42,True,3128,205.503951480481,3333.503951480481,99.21875,0.8482283439270807,4.75390625
1043,6088,6342.099693424401,512,395,0.050000000000000044,42,True,6088,254.09969342440434,6342.099693424401,100.0,0.8345914859001458,4.794936708860759
1044,2048,2271.2030419112016,128,191,0.050000000000000044,42,True,2048,223.203041911201,2271.2030419112016,89.00523560209425,0.8414883274383959,5.020942408376963
1045,780,985.4540530751397,64,97,0.050000000000000044,42,True,780,205.45405307513937,985.4540530751397,100.0,0.8132241957182959,6.247422680412371
1046,2456,2721.406472930683,256,207,0.050000000000000044,42,True,2456,265.4064729306831,2721.406472930683,99.51690821256038,0.8057411531306073,4.251207729468599
1047,2304,2517.6125087965047,256,189,0.050000000000000044,42,True,2304,213.61250879650513,2517.6125087965047,99.47089947089947,0.8150358885936853,5.248677248677248
1048,1792,1961.297184750733,128,170,0.050000000000000044,42,True,1792,169.29718475073315,1961.297184750733,98.82352941176471,0.7853308000884033,5.1
1049,1976,2210.7985923584247,128,187,0.050000000000000044,42,True,1976,234.79859235842596,2210.7985923584247,99.46524064171123,0.7893634685870163,4.32620320855615
1050,2416,2597.4838721849364,128,221,0.050000000000000044,42,True,2416,181.4838721849355,2597.4838721849364,99.5475113122172,0.7680918298574078,4.986425339366516
1051,1008,989.0470233799226,128,107,0.050000000000000044,42,True,1008,-18.952976620077287,989.0470233799226,59.81308411214953,0.7505644399071488,5.299065420560748
1052,1900,2132.8891234588764,128,181,0.050000000000000044,42,True,1900,232.8891234588752,2132.8891234588764,100.0,0.7911736399900272,4.447513812154696
1053,1372,1605.8893250055783,128,138,0.050000000000000044,42,True,1372,233.88932500557854,1605.8893250055783,100.0,0.793855941383899,6.282608695652174
1054,1444,1436.2187130552275,128,156,0.050000000000000044,42,True,1444,-7.78128694477282,1436.2187130552275,77.56410256410257,0.7953468160560451,4.641025641025641
1055,2108,2339.8282822722417,128,196,0.050000000000000044,42,True,2108,231.8282822722435,2339.8282822722417,100.0,0.7883869573109555,4.836734693877551
1056,1356,1582.8183152542083,128,144,0.050000000000000044,42,True,1356,226.81831525420895,1582.8183152542083,98.61111111111111,0.7992317160995113,5.055555555555555
1057,1632,1858.5323712507075,128,165,0.050000000000000044,42,True,1632,226.53237125070743,1858.5323712507075,98.78787878787878,0.786096964716962,4.884848484848485
1058,1728,1960.236683336465,128,163,0.050000000000000044,42,True,1728,232.2366833364646,1960.236683336465,99.38650306748467,0.7873553508844594,5.539877300613497
1059,1324,1554.0870644352813,128,136,0.050000000000000044,42,True,1324,230.08706443528177,1554.0870644352813,99.26470588235294,0.7975036735416953,5.9338235294117645
1060,1660,1895.8564488175768,128,172,0.050000000000000044,42,True,1660,235.85644881757702,1895.8564488175768,99.4186046511628,0.8108811564034278,4.267441860465116
1061,1392,1629.6295201295786,128,144,0.050000000000000044,42,True,1392,237.62952012957868,1629.6295201295786,100.0,0.8102985384688615,5.215277777777778
1062,2904,3169.0709959432074,256,238,0.050000000000000044,42,True,2904,265.07099594320914,3169.0709959432074,100.0,0.8224674004872993,4.69327731092437
1063,2112,2338.9396623163457,128,201,0.050000000000000044,42,True,2112,226.93966231634653,2338.9396623163457,99.0049751243781,0.8147907609994208,5.059701492537314
1064,1196,1433.6782235474836,128,129,0.050000000000000044,42,True,1196,237.6782235474835,1433.6782235474836,100.0,0.8017550932681542,5.976744186046512
1065,1672,1637.9047932640858,128,170,0.050000000000000044,42,True,1672,-34.09520673591483,1637.9047932640858,42.94117647058823,0.7801559175945123,3.0470588235294116
1066,1556,1782.1336152192662,128,154,0.050000000000000044,42,True,1556,226.1336152192661,1782.1336152192662,98.05194805194805,0.8069420325680938,5.383116883116883
1067,704,689.8300050259674,64,92,0.050000000000000044,42,True,704,-14.169994974032495,689.8300050259674,10.869565217391305,0.7763802018595402,5.891304347826087
1068,2312,2576.5772721697535,256,193,0.050000000000000044,42,True,2312,264.5772721697535,2576.5772721697535,98.96373056994818,0.8054145648606941,4.937823834196891
1069,2728,2994.2507584734894,256,230,0.050000000000000044,42,True,2728,266.2507584734913,2994.2507584734894,99.56521739130434,0.8295523294080934,4.578260869565217
1070,1388,1626.5862096757749,128,147,0.050000000000000044,42,True,1388,238.58620967577448,1626.5862096757749,100.0,0.7981549961866816,5.870748299319728
1071,1568,1800.0923239183016,128,164,0.050000000000000044,42,True,1568,232.09232391830014,1800.0923239183016,100.0,0.82116664376691,5.689024390243903
1072,1084,1318.3954761790296,128,117,0.050000000000000044,42,True,1084,234.39547617902986,1318.3954761790296,100.0,0.7919753866343329,6.948717948717949
1073,2404,2653.739416065476,256,201,0.050000000000000044,42,True,2404,249.73941606547677,2653.739416065476,98.50746268656717,0.8132458920427181,6.233830845771144
1074,3100,3365.8920067578274,256,256,0.050000000000000044,42,True,3100,265.89200675782695,3365.8920067578274,99.609375,0.7902886433672971,5.12890625
1075,1408,1597.3626899741698,128,146,0.050000000000000044,42,True,1408,189.3626899741695,1597.3626899741698,100.0,0.7804210947748368,5.342465753424658
1076,1304,1538.6077586433942,128,136,0.050000000000000044,42,True,1304,234.6077586433936,1538.6077586433942,99.26470588235294,0.7999055583293767,5.919117647058823
1077,1436,1655.7870109920798,128,150,0.050000000000000044,42,True,1436,219.78701099208013,1655.7870109920798,98.66666666666667,0.7765217372873198,6.886666666666667
1078,1800,1787.457315086346,128,171,0.050000000000000044,42,True,1800,-12.542684913652657,1787.457315086346,81.28654970760233,0.7493278256635594,4.017543859649122
1079,3316,3300.63554723399,256,274,0.050000000000000044,42,True,3316,-15.364452766010942,3300.63554723399,42.7007299270073,0.8074836699412763,4.6678832116788325
1080,424,619.5175042578612,64,61,0.050000000000000044,42,True,424,195.51750425786116,619.5175042578612,96.72131147540983,0.7781971920502683,6.80327868852459
1081,1952,2184.65257595281,128,178,0.050000000000000044,42,True,1952,232.65257595280832,2184.65257595281,99.43820224719101,0.8138787732696089,4.606741573033708
1082,576,727.1634238794034,64,79,0.050000000000000044,42,True,576,151.16342387940335,727.1634238794034,98.73417721518987,0.8036090535369669,6.215189873417722
1083,1740,1967.2164362519206,128,162,0.050000000000000044,42,True,1740,227.21643625192013,1967.2164362519206,98.76543209876543,0.7825420047540452,5.055555555555555
1084,1540,1774.8217223795593,128,157,0.050000000000000044,42,True,1540,234.82172237956036,1774.8217223795593,98.72611464968153,0.8339379199083206,6.630573248407643
1085,848,1049.0303951367785,64,102,0.050000000000000044,42,True,848,201.0303951367781,1049.0303951367785,99.01960784313725,0.798463765016896,6.666666666666667
1086,1624,1769.5831722610487,128,163,0.050000000000000044,42,True,1624,145.58317226104947,1769.5831722610487,98.77300613496932,0.8052367704916039,5.429447852760736
1087,556,741.4684805725713,64,74,0.050000000000000044,42,True,556,185.46848057257108,741.4684805725713,95.94594594594595,0.7777912486238051,6.743243243243243
1088,940,1126.4095358848856,64,120,0.050000000000000044,42,True,940,186.4095358848853,1126.4095358848856,98.33333333333333,0.7673596053390394,5.758333333333334
1089,1088,1233.3855573322644,128,114,0.050000000000000044,42,True,1088,145.38555733226337,1233.3855573322644,94.73684210526316,0.8323747255466345,6.885964912280702
1090,2752,2984.128381677107,128,239,0.050000000000000044,42,True,2752,232.12838167710714,2984.128381677107,100.0,0.8172710528856579,4.585774058577406
1091,2340,2573.725759252206,128,215,0.050000000000000044,42,True,2340,233.72575925220534,2573.725759252206,100.0,0.807500567885159,4.52093023255814
1092,580,783.8234292589138,64,80,0.050000000000000044,42,True,580,203.82342925891314,783.8234292589138,98.75,0.8141235226342571,6.1
1093,2424,2680.640939523045,256,202,0.050000000000000044,42,True,2424,256.6409395230454,2680.640939523045,99.5049504950495,0.7952819820721317,5.400990099009901
1094,776,977.1056802351815,64,96,0.050000000000000044,42,True,776,201.10568023518096,977.1056802351815,98.95833333333333,0.8072058980374006,5.354166666666667
1095,1660,1881.653130063338,128,171,0.050000000000000044,42,True,1660,221.65313006333776,1881.653130063338,98.83040935672514,0.7987501936025547,4.994152046783626
1096,1784,2001.4892473118282,128,167,0.050000000000000044,42,True,1784,217.48924731182794,2001.4892473118282,98.20359281437126,0.8013534622970037,5.161676646706587
1097,824,1022.8784141855044,64,100,0.050000000000000044,42,True,824,198.8784141855046,1022.8784141855044,99.0,0.807830609807951,6.34
1098,1364,1361.750675636824,128,143,0.050000000000000044,42,True,1364,-2.2493243631763384,1361.750675636824,93.00699300699301,0.8176943623962077,4.0979020979020975
1099,1360,1585.0190845197324,128,134,0.050000000000000044,42,True,1360,225.0190845197333,1585.0190845197324,98.50746268656717,0.835583373818403,6.17910447761194
1100,1440,1376.357958170861,128,149,0.050000000000000044,42,True,1440,-63.64204182913856,1376.357958170861,32.214765100671144,0.7499734281124799,5.033557046979865
1101,1760,1995.7303443505662,128,165,0.050000000000000044,42,True,1760,235.73034435056567,1995.7303443505662,99.39393939393939,0.7747024755383944,5.406060606060606
1102,1700,1692.596439334748,128,171,0.050000000000000044,42,True,1700,-7.4035606652527886,1692.596439334748,84.21052631578948,0.788522305424935,4.766081871345029
1103,416,366.5862948178516,64,61,0.050000000000000044,42,True,416,-49.41370518214835,366.5862948178516,32.78688524590164,0.7466602398439243,7.672131147540983
1104,1560,1786.8025201489986,128,160,0.050000000000000044,42,True,1560,226.80252014899835,1786.8025201489986,99.375,0.8229444152234742,5.23125
1105,1316,1472.3553390078275,128,134,0.050000000000000044,42,True,1316,156.3553390078277,1472.3553390078275,100.0,0.7920169555539347,5.074626865671642
1106,592,586.0576420333571,64,80,0.050000000000000044,42,True,592,-5.942357966642815,586.0576420333571,7.5,0.6997571281885888,6.1875
1107,3160,3374.4815053763423,256,264,0.050000000000000044,42,True,3160,214.48150537634405,3374.4815053763423,98.86363636363636,0.7708557927081784,4.973484848484849
1108,2868,2861.4549846168293,256,234,0.050000000000000044,42,True,2868,-6.545015383169549,2861.4549846168293,5.555555555555555,0.6843775512989072,4.166666666666667
1109,2492,2759.5445035460993,256,207,0.050000000000000044,42,True,2492,267.5445035460993,2759.5445035460993,93.71980676328502,0.7879964305929347,5.159420289855072
1110,1400,1626.901658864075,128,143,0.050000000000000044,42,True,1400,226.9016588640749,1626.901658864075,98.6013986013986,0.7895042448814779,5.405594405594406
1111,2712,2978.055120069296,256,217,0.050000000000000044,42,True,2712,266.0551200692955,2978.055120069296,100.0,0.787721097216472,4.880184331797235
1112,860,1010.3330532348511,64,111,0.050000000000000044,42,True,860,150.33305323485163,1010.3330532348511,99.09909909909909,0.7857445179082042,5.747747747747748
1113,576,567.1672585435012,64,79,0.050000000000000044,42,True,576,-8.832741456498773,567.1672585435012,24.050632911392405,0.694168331555314,6.6835443037974684
1114,1028,1221.4384355974307,64,125,0.050000000000000044,42,True,1028,193.43843559743084,1221.4384355974307,88.8,0.8254998174850934,5.744
1115,1796,2020.2372519699666,128,169,0.050000000000000044,42,True,1796,224.2372519699668,2020.2372519699666,36.094674556213015,0.7540289065020169,3.63905325443787
1116,784,984.3039945452135,64,98,0.050000000000000044,42,True,784,200.3039945452132,984.3039945452135,98.9795918367347,0.8041079407425593,6.540816326530612
1117,2308,2578.7351789639583,256,191,0.050000000000000044,42,True,2308,270.7351789639584,2578.7351789639583,100.0,0.7849261694106776,5.842931937172775
1118,1108,1306.7317590447337,64,123,0.050000000000000044,42,True,1108,198.73175904473354,1306.7317590447337,100.0,0.7774811155598549,3.707317073170732
1119,2492,2754.5501210357406,256,215,0.050000000000000044,42,True,2492,262.5501210357395,2754.5501210357406,100.0,0.8001872712809155,5.0418604651162795
1120,2628,2876.050152194664,256,221,0.050000000000000044,42,True,2628,248.05015219466503,2876.050152194664,99.09502262443439,0.8041774273297833,4.787330316742081
1121,2356,2605.541400912087,256,202,0.050000000000000044,42,True,2356,249.54140091208598,2605.541400912087,99.00990099009901,0.7789443579275087,5.881188118811881
1122,2180,2405.988255559035,128,205,0.050000000000000044,42,True,2180,225.9882555590354,2405.988255559035,99.02439024390245,0.8090202497090124,4.151219512195122
1123,1780,1961.4063620071684,128,166,0.050000000000000044,42,True,1780,181.40636200716847,1961.4063620071684,99.39759036144578,0.7791364922157925,4.813253012048193
1124,2336,2601.2244272606617,256,193,0.050000000000000044,42,True,2336,265.22442726066134,2601.2244272606617,97.92746113989638,0.8179470577178928,5.549222797927461
1125,1960,2197.7198400209827,128,178,0.050000000000000044,42,True,1960,237.71984002098085,2197.7198400209827,100.0,0.811573725679968,4.578651685393258
1126,2620,2884.0311602769775,256,221,0.050000000000000044,42,True,2620,264.0311602769802,2884.0311602769775,100.0,0.7992400556271287,4.65158371040724
1127,1464,1448.2000702960238,128,154,0.050000000000000044,42,True,1464,-15.799929703975648,1448.2000702960238,45.45454545454545,0.739829966436973,4.902597402597403
1128,3108,3372.2515802704893,256,256,0.050000000000000044,42,True,3108,264.25158027048917,3372.2515802704893,100.0,0.7854150039717057,5.36328125
1129,2908,3156.597500663706,256,233,0.050000000000000044,42,True,2908,248.59750066370844,3156.597500663706,99.14163090128756,0.8150934106064661,5.579399141630901
1130,2036,2304.1238467901003,256,170,0.050000000000000044,42,True,2036,268.1238467900999,2304.1238467901003,100.0,0.8202655782387482,5.676470588235294
1131,1208,1439.4361655068135,128,128,0.050000000000000044,42,True,1208,231.43616550681335,1439.4361655068135,100.0,0.7999719111089553,4.6484375
1132,2740,2730.889762983922,256,221,0.050000000000000044,42,True,2740,-9.110237016080145,2730.889762983922,95.92760180995475,0.8096783781642002,5.823529411764706
1133,1444,1674.7778578829166,128,150,0.050000000000000044,42,True,1444,230.7778578829163,1674.7778578829166,99.33333333333333,0.7709215505496472,5.546666666666667
1134,1476,1715.0534002614197,128,152,0.050000000000000044,42,True,1476,239.05340026141894,1715.0534002614197,100.0,0.824961549973418,5.980263157894737
1135,3040,3305.1801430965456,256,245,0.050000000000000044,42,True,3040,265.18014309654586,3305.1801430965456,100.0,0.81613029142417,4.9714285714285715
1136,3028,3285.386840757808,256,247,0.050000000000000044,42,True,3028,257.3868407578085,3285.386840757808,99.19028340080972,0.8139247141611117,4.3117408906882595
1137,3268,3530.823475818267,256,266,0.050000000000000044,42,True,3268,262.82347581826826,3530.823475818267,100.0,0.791335169601968,5.075187969924812
1138,3168,3433.563674551599,256,261,0.050000000000000044,42,True,3168,265.5636745516019,3433.563674551599,99.23371647509579,0.8014271248875527,4.563218390804598
1139,1568,1776.0460857834373,128,155,0.050000000000000044,42,True,1568,208.04608578343849,1776.0460857834373,97.41935483870968,0.7613357947535475,5.425806451612903
1140,2844,3101.7886672418263,256,236,0.050000000000000044,42,True,2844,257.7886672418268,3101.7886672418263,99.57627118644068,0.8003702544963326,5.3940677966101696
1141,2656,2904.697532534248,256,224,0.050000000000000044,42,True,2656,248.69753253424935,2904.697532534248,98.66071428571429,0.7909903587418036,5.004464285714286
1142,1456,1689.382894741848,128,153,0.050000000000000044,42,True,1456,233.38289474184796,1689.382894741848,99.34640522875817,0.7947122674301763,5.496732026143791
1143,1196,1427.728206750029,128,123,0.050000000000000044,42,True,1196,231.7282067500284,1427.728206750029,100.0,0.8343201891883792,5.349593495934959
1144,5388,5685.124680374536,512,377,0.050000000000000044,42,True,5388,297.12468037452953,5685.124680374536,100.0,0.790257945990614,3.973474801061008
1145,1320,1313.199775924575,128,136,0.050000000000000044,42,True,1320,-6.800224075424632,1313.199775924575,83.08823529411765,0.7730539506067523,4.794117647058823
1146,2388,2650.8122185369025,256,200,0.050000000000000044,42,True,2388,262.8122185369029,2650.8122185369025,100.0,0.7940416521696626,4.885
1147,1392,1616.2159307941092,128,143,0.050000000000000044,42,True,1392,224.21593079411042,1616.2159307941092,99.3006993006993,0.798267018811411,6.244755244755245
1148,1448,1679.7505709856334,128,148,0.050000000000000044,42,True,1448,231.75057098563366,1679.7505709856334,100.0,0.79095086197804,5.493243243243243
1149,1532,1757.624540695993,128,159,0.050000000000000044,42,True,1532,225.62454069599315,1757.624540695993,99.37106918238993,0.8326183705054094,5.9937106918239
1150,472,673.7339295086601,64,69,0.050000000000000044,42,True,472,201.73392950866003,673.7339295086601,98.55072463768116,0.8261595967150585,7.3478260869565215
1151,3112,3373.009825179564,256,257,0.050000000000000044,42,True,3112,261.0098251795636,3373.009825179564,98.44357976653697,0.8006166229571666,5.178988326848249
1152,1000,1229.185203737097,128,104,0.050000000000000044,42,True,1000,229.18520373709717,1229.185203737097,97.11538461538461,0.8029631524611754,7.259615384615385
1153,2368,2608.374167455613,256,202,0.050000000000000044,42,True,2368,240.37416745561148,2608.374167455613,98.51485148514851,0.7959213580236284,5.836633663366337
1154,1644,1878.441939699772,128,168,0.050000000000000044,42,True,1644,234.44193969977277,1878.441939699772,99.4047619047619,0.8126477165385256,6.107142857142857
1155,3068,3323.6585742257184,256,252,0.050000000000000044,42,True,3068,255.6585742257176,3323.6585742257184,99.60317460317461,0.8239806615737858,4.912698412698413
1156,1624,1805.4463200481448,128,164,0.050000000000000044,42,True,1624,181.4463200481453,1805.4463200481448,99.39024390243902,0.7626938662846378,5.378048780487805
1157,1768,1998.2771074385819,128,165,0.050000000000000044,42,True,1768,230.277107438582,1998.2771074385819,100.0,0.8252191468298951,5.206060606060606
1158,1504,1712.423530523631,128,160,0.050000000000000044,42,True,1504,208.42353052363114,1712.423530523631,97.5,0.7781047825846615,6.25
1159,2356,2570.6615835056773,256,202,0.050000000000000044,42,True,2356,214.66158350567747,2570.6615835056773,99.5049504950495,0.8053012007737325,5.351485148514851
1160,660,861.1135428164685,64,88,0.050000000000000044,42,True,660,201.11354281646842,861.1135428164685,100.0,0.8090339571691385,6.238636363636363
1161,1520,1752.9970386981765,128,153,0.050000000000000044,42,True,1520,232.9970386981772,1752.9970386981765,97.38562091503267,0.8191064480859414,5.222222222222222
1162,664,861.2222713344019,64,85,0.050000000000000044,42,True,664,197.22227133440185,861.2222713344019,100.0,0.8348656706955753,7.08235294117647
1163,1600,1831.5481527971974,128,158,0.050000000000000044,42,True,1600,231.54815279719818,1831.5481527971974,100.0,0.8271200871390068,5.170886075949367
1164,1676,1891.8494146061892,128,171,0.050000000000000044,42,True,1676,215.8494146061896,1891.8494146061892,98.83040935672514,0.8151571515117267,5.6725146198830405
1165,1352,1534.4809868354926,128,140,0.050000000000000044,42,True,1352,182.48098683549395,1534.4809868354926,99.28571428571429,0.8075228036124033,4.4071428571428575
1166,1288,1282.1327032470053,128,133,0.050000000000000044,42,True,1288,-5.867296752994397,1282.1327032470053,21.804511278195488,0.737154322439861,5.924812030075188
1167,972,1168.498370465053,64,119,0.050000000000000044,42,True,972,196.49837046505283,1168.498370465053,99.15966386554622,0.7640238382812438,4.369747899159663
1168,1872,2095.9263957411363,128,179,0.050000000000000044,42,True,1872,223.92639574113576,2095.9263957411363,97.20670391061452,0.8226846150479966,4.631284916201118
1169,1368,1353.9827406594288,128,143,0.050000000000000044,42,True,1368,-14.01725934057153,1353.9827406594288,78.32167832167832,0.7657265740799912,4.783216783216783
1170,1272,1475.5433056161664,128,136,0.050000000000000044,42,True,1272,203.54330561616638,1475.5433056161664,95.58823529411765,0.8134241624810065,6.014705882352941
1171,2724,2990.7066622435277,256,229,0.050000000000000044,42,True,2724,266.7066622435272,2990.7066622435277,99.56331877729258,0.815793066513754,4.903930131004367
1172,1516,1741.0825782288262,128,156,0.050000000000000044,42,True,1516,225.08257822882683,1741.0825782288262,98.71794871794872,0.779080551151814,5.160256410256411
1173,2516,2773.663338453661,256,211,0.050000000000000044,42,True,2516,257.663338453661,2773.663338453661,99.5260663507109,0.7758184125258185,5.3649289099526065
1174,1420,1412.8766070844906,128,147,0.050000000000000044,42,True,1420,-7.123392915510271,1412.8766070844906,51.02040816326531,0.7831185962889748,3.8503401360544216
1175,668,665.382399992472,64,89,0.050000000000000044,42,True,668,-2.617600007528207,665.382399992472,0.0,0.7497224255018357,4.943820224719101
1176,1620,1844.310981316757,128,169,0.050000000000000044,42,True,1620,224.31098131675776,1844.310981316757,98.81656804733728,0.8269227379537634,5.230769230769231
1177,2240,2476.0639410442927,128,204,0.050000000000000044,42,True,2240,236.06394104429293,2476.0639410442927,100.0,0.8012140466564622,4.534313725490196
1178,4828,5095.351909234147,256,370,0.050000000000000044,42,True,4828,267.35190923415325,5095.351909234147,100.0,0.8294662931865415,4.110810810810811
1179,1796,1783.666514792539,128,168,0.050000000000000044,42,True,1796,-12.33348520746007,1783.666514792539,72.61904761904762,0.8151267839157871,4.535714285714286
1180,1340,1521.2002949027174,128,138,0.050000000000000044,42,True,1340,181.20029490271716,1521.2002949027174,91.30434782608695,0.8193234065891536,5.594202898550725
1181,544,527.5771087371713,64,78,0.050000000000000044,42,True,544,-16.422891262828724,527.5771087371713,24.358974358974358,0.7761238103627139,6.230769230769231
1182,2460,2716.2701816779263,256,202,0.050000000000000044,42,True,2460,256.2701816779281,2716.2701816779263,99.5049504950495,0.8294787291392839,5.717821782178218
1183,2316,2581.582091814586,256,187,0.050000000000000044,42,True,2316,265.58209181458585,2581.582091814586,98.93048128342247,0.8518453696117068,5.46524064171123
1184,1396,1389.9365014502516,128,144,0.050000000000000044,42,True,1396,-6.063498549749211,1389.9365014502516,13.88888888888889,0.7424054772231804,3.923611111111111
1185,2124,2389.6937070548543,256,183,0.050000000000000044,42,True,2124,265.6937070548536,2389.6937070548543,100.0,0.8701849543207976,5.85792349726776
1186,2104,2336.687317063967,128,196,0.050000000000000044,42,True,2104,232.68731706396656,2336.687317063967,96.93877551020408,0.8266304738123619,4.877551020408164
1187,1360,1592.269704656264,128,142,0.050000000000000044,42,True,1360,232.26970465626397,1592.269704656264,100.0,0.8441009776658532,4.746478873239437
1188,1440,1673.9003249013688,128,149,0.050000000000000044,42,True,1440,233.9003249013692,1673.9003249013688,99.32885906040268,0.8161411856800935,5.114093959731544
1189,1804,2031.6764142136317,128,173,0.050000000000000044,42,True,1804,227.6764142136321,2031.6764142136317,98.84393063583815,0.8288384270076384,4.601156069364162
1190,2748,2731.3504398827004,256,220,0.050000000000000044,42,True,2748,-16.649560117302045,2731.3504398827004,29.09090909090909,0.781963335185298,4.972727272727273
1191,2320,2269.9475807647955,256,194,0.050000000000000044,42,True,2320,-50.05241923520489,2269.9475807647955,64.43298969072166,0.7916385263565798,3.5412371134020617
1192,1296,1473.273284870514,64,146,0.050000000000000044,42,True,1296,177.27328487051344,1473.273284870514,95.89041095890411,0.7937504132205168,4.945205479452055
1193,2628,2841.902260962062,256,222,0.050000000000000044,42,True,2628,213.9022609620619,2841.902260962062,99.09909909909909,0.8324627607159424,5.63063063063063
1194,864,1065.5106282046104,64,109,0.050000000000000044,42,True,864,201.5106282046106,1065.5106282046104,99.08256880733946,0.7634601756589872,4.348623853211009
1195,1136,1318.2690055937169,128,123,0.050000000000000044,42,True,1136,182.26900559371649,1318.2690055937169,99.1869918699187,0.8522765634609084,6.430894308943089
1196,1416,1417.6700001194633,128,144,0.050000000000000044,42,True,1416,1.6700001194643228,1417.6700001194633,0.0,0.7458607472811452,4.368055555555555
1197,1268,1496.1796830786648,128,128,0.050000000000000044,42,True,1268,228.1796830786644,1496.1796830786648,99.21875,0.8148160023295985,6.1328125
1198,1768,1949.5076949076347,128,164,0.050000000000000044,42,True,1768,181.50769490763426,1949.5076949076347,99.39024390243902,0.813861267459324,4.9573170731707314
1199,1380,1561.132108667021,128,146,0.050000000000000044,42,True,1380,181.13210866702053,1561.132108667021,99.31506849315069,0.7911957540642782,5.5479452054794525
1200,1192,1423.926723716859,128,121,0.050000000000000044,42,True,1192,231.9267237168591,1423.926723716859,100.0,0.8223918894999607,5.305785123966942
1201,1556,1771.4832745635792,128,163,0.050000000000000044,42,True,1556,215.48327456358015,1771.4832745635792,98.77300613496932,0.788587425609696,4.711656441717792
1202,1020,1221.0344248728293,64,120,0.050000000000000044,42,True,1020,201.03442487282854,1221.0344248728293,98.33333333333333,0.85137960210654,5.141666666666667
1203,1412,1605.2337988343231,128,145,0.050000000000000044,42,True,1412,193.23379883432395,1605.2337988343231,100.0,0.8267853673104083,4.689655172413793
1204,816,1007.9547653067516,64,98,0.050000000000000044,42,True,816,191.9547653067514,1007.9547653067516,98.9795918367347,0.7964632997453085,5.785714285714286
1205,2088,2323.3341435572447,128,198,0.050000000000000044,42,True,2088,235.3341435572438,2323.3341435572447,99.4949494949495,0.8046592624184995,4.247474747474747
1206,1320,1538.9890401099249,128,135,0.050000000000000044,42,True,1320,218.98904010992607,1538.9890401099249,97.77777777777777,0.7962289409080825,5.733333333333333
1207,2160,2393.6291279060806,128,208,0.050000000000000044,42,True,2160,233.62912790607982,2393.6291279060806,99.03846153846153,0.7966328734930263,4.6298076923076925
1208,3124,3379.094721407626,256,258,0.050000000000000044,42,True,3124,255.0947214076246,3379.094721407626,99.6124031007752,0.8370392988664681,4.550387596899225
1209,1108,1334.0013381635993,128,119,0.050000000000000044,42,True,1108,226.00133816359977,1334.0013381635993,97.47899159663865,0.8230805161697154,5.966386554621849
1210,3364,3335.1688102665094,256,279,0.050000000000000044,42,True,3364,-28.831189733490984,3335.1688102665094,65.23297491039426,0.7661392858770417,3.8853046594982077
1211,1720,1952.5163957246707,128,172,0.050000000000000044,42,True,1720,232.51639572467013,1952.5163957246707,99.4186046511628,0.8103806069033771,5.116279069767442
1212,1544,1776.2329890386495,128,159,0.050000000000000044,42,True,1544,232.23298903864838,1776.2329890386495,100.0,0.8429542746379424,5.773584905660377
1213,632,627.4278033794162,64,82,0.050000000000000044,42,True,632,-4.572196620583707,627.4278033794162,18.29268292682927,0.6899029609798201,5.804878048780488
1214,776,901.5566284779052,64,94,0.050000000000000044,42,True,776,125.5566284779051,901.5566284779052,100.0,0.8448808578419114,5.691489361702128
1215,884,1085.1545457937646,64,108,0.050000000000000044,42,True,884,201.1545457937648,1085.1545457937646,100.0,0.8046954876632711,5.935185185185185
1216,1056,1244.9366420403278,128,114,0.050000000000000044,42,True,1056,188.93664204032868,1244.9366420403278,100.0,0.8491623391085583,6.0964912280701755
1217,1364,1600.976511375232,128,142,0.050000000000000044,42,True,1364,236.9765113752333,1600.976511375232,99.29577464788733,0.8060253271555519,5.704225352112676
1218,1440,1671.9077512183792,128,149,0.050000000000000044,42,True,1440,231.90775121838013,1671.9077512183792,100.0,0.808172457126406,5.3624161073825505
1219,1800,2037.4099579242634,128,182,0.050000000000000044,42,True,1800,237.40995792426367,2037.4099579242634,100.0,0.7982802121215072,5.032967032967033
1220,1748,1973.5463659188363,128,178,0.050000000000000044,42,True,1748,225.54636591883622,1973.5463659188363,98.87640449438203,0.8436381034672601,5.106741573033708
1221,1456,1692.8375159953403,128,152,0.050000000000000044,42,True,1456,236.83751599533986,1692.8375159953403,100.0,0.8187488614598472,4.368421052631579
1222,1332,1554.986062458368,128,134,0.050000000000000044,42,True,1332,222.9860624583676,1554.986062458368,86.56716417910448,0.7892146971094054,5.574626865671642
1223,1404,1627.69922882754,128,145,0.050000000000000044,42,True,1404,223.6992288275396,1627.69922882754,99.3103448275862,0.8297901788086234,5.537931034482758
1224,2768,3032.6246004264044,256,232,0.050000000000000044,42,True,2768,264.6246004264047,3032.6246004264044,100.0,0.8615502556807342,4.892241379310345
1225,1468,1454.7413059752273,128,153,0.050000000000000044,42,True,1468,-13.258694024772025,1454.7413059752273,87.58169934640523,0.7728594068996059,4.803921568627451
1226,2660,2917.996193103897,256,214,0.050000000000000044,42,True,2660,257.99619310389687,2917.996193103897,99.53271028037383,0.8512921144804122,4.719626168224299
1227,2004,2229.950503345679,128,184,0.050000000000000044,42,True,2004,225.9505033456791,2229.950503345679,77.17391304347827,0.7763670089100058,4.190217391304348
1228,1056,1053.3461084735538,128,114,0.050000000000000044,42,True,1056,-2.653891526446369,1053.3461084735538,25.43859649122807,0.7528663173287261,4.043859649122807
1229,4628,4917.0792634687205,512,318,0.050000000000000044,42,True,4628,289.0792634687169,4917.0792634687205,99.68553459119497,0.8169282584452746,3.839622641509434
1230,1932,2162.766791662903,128,178,0.050000000000000044,42,True,1932,230.7667916629017,2162.766791662903,100.0,0.8039219037651482,5.106741573033708
1231,1584,1819.1902008520995,128,166,0.050000000000000044,42,True,1584,235.19020085209982,1819.1902008520995,98.79518072289157,0.809029268635826,5.150602409638554
1232,864,1066.727207804457,64,105,0.050000000000000044,42,True,864,202.7272078044574,1066.727207804457,99.04761904761905,0.8148121378859359,5.685714285714286
1233,1292,1512.3271922506483,128,133,0.050000000000000044,42,True,1292,220.32719225064886,1512.3271922506483,99.24812030075188,0.781867550608636,6.533834586466165
1234,4596,4588.947044994644,512,316,0.050000000000000044,42,True,4596,-7.052955005356484,4588.947044994644,94.30379746835443,0.8344470069882903,5.281645569620253
1235,652,853.3993157380254,64,87,0.050000000000000044,42,True,652,201.3993157380254,853.3993157380254,100.0,0.8514811832043042,6.35632183908046
1236,2396,2662.831560775274,256,205,0.050000000000000044,42,True,2396,266.8315607752735,2662.831560775274,100.0,0.8349719885112834,5.770731707317073
1237,4340,4606.707221023624,256,341,0.050000000000000044,42,True,4340,266.7072210236282,4606.707221023624,99.70674486803519,0.8255546201160744,4.947214076246334
1238,1256,1249.545198618844,128,126,0.050000000000000044,42,True,1256,-6.454801381155297,1249.545198618844,63.492063492063494,0.7377546881698706,5.063492063492063
1239,1204,1395.4018299199547,128,123,0.050000000000000044,42,True,1204,191.40182991995465,1395.4018299199547,100.0,0.7871573881568545,5.2682926829268295
1240,848,1036.0184449958651,64,104,0.050000000000000044,42,True,848,188.01844499586437,1036.0184449958651,69.23076923076923,0.777224933188738,5.855769230769231
1241,3164,3431.2139604959402,256,264,0.050000000000000044,42,True,3164,267.21396049594,3431.2139604959402,100.0,0.7914169482423811,5.303030303030303
1242,3324,3547.1245477757407,256,278,0.050000000000000044,42,True,3324,223.12454777573996,3547.1245477757407,100.0,0.8480147949950909,4.568345323741007
1243,2840,3098.4260374775395,256,231,0.050000000000000044,42,True,2840,258.4260374775391,3098.4260374775395,99.56709956709956,0.8105480549046736,5.021645021645021
1244,5172,5470.869569498601,512,357,0.050000000000000044,42,True,5172,298.8695694986018,5470.869569498601,100.0,0.86345886297045,4.030812324929972
1245,1788,1980.0090255051687,128,182,0.050000000000000044,42,True,1788,192.00902550516858,1980.0090255051687,100.0,0.7829417519852045,4.8901098901098905
1246,1388,1572.0342925704972,128,141,0.050000000000000044,42,True,1388,184.03429257049635,1572.0342925704972,99.29078014184397,0.8054693180138618,5.49645390070922
1247,1152,1382.7718742609327,128,124,0.050000000000000044,42,True,1152,230.77187426093252,1382.7718742609327,99.19354838709677,0.8464378306677135,6.129032258064516
1248,2368,2630.211177468419,256,202,0.050000000000000044,42,True,2368,262.21117746842185,2630.211177468419,100.0,0.830092130629233,4.945544554455446
1249,612,811.5708986184189,64,86,0.050000000000000044,42,True,612,199.57089861841914,811.5708986184189,100.0,0.8098735683353884,6.267441860465116
1250,1656,1881.7723632318737,128,167,0.050000000000000044,42,True,1656,225.7723632318738,1881.7723632318737,98.20359281437126,0.7881937609666422,5.904191616766467
1251,3612,3880.1408958617203,256,307,0.050000000000000044,42,True,3612,268.1408958617226,3880.1408958617203,99.6742671009772,0.7912710481138574,3.560260586319218
1252,1756,1990.5324284514047,128,165,0.050000000000000044,42,True,1756,234.53242845140554,1990.5324284514047,99.39393939393939,0.808839372690635,5.539393939393939
1253,2440,2690.1486991754855,256,208,0.050000000000000044,42,True,2440,250.14869917548654,2690.1486991754855,98.5576923076923,0.8296005837397437,5.134615384615385
1254,2768,3027.727996089933,256,226,0.050000000000000044,42,True,2768,259.72799608993154,3027.727996089933,72.56637168141593,0.7874271451512943,4.212389380530974
1255,1612,1603.6989163813826,128,160,0.050000000000000044,42,True,1612,-8.30108361861819,1603.6989163813826,39.375,0.7869815134383362,5.45625
1256,1376,1607.5656089391534,128,139,0.050000000000000044,42,True,1376,231.56560893915355,1607.5656089391534,100.0,0.7805832338191688,5.625899280575539
1257,3052,3309.422301593269,256,252,0.050000000000000044,42,True,3052,257.42230159326937,3309.422301593269,99.2063492063492,0.7962638727799759,4.821428571428571
1258,2632,2887.298650962847,256,216,0.050000000000000044,42,True,2632,255.29865096284908,2887.298650962847,98.61111111111111,0.8282277681203725,4.87962962962963
1259,2668,2916.5436724565757,256,226,0.050000000000000044,42,True,2668,248.54367245657568,2916.5436724565757,98.67256637168141,0.8190205819982787,4.924778761061947
1260,1260,1492.7021745659888,128,139,0.050000000000000044,42,True,1260,232.70217456598786,1492.7021745659888,100.0,0.834437113200205,6.244604316546763
1261,4396,4632.860931412398,256,347,0.050000000000000044,42,True,4396,236.86093141239925,4632.860931412398,98.55907780979827,0.7812148228782896,4.6253602305475505
1262,1580,1511.2707175013772,128,157,0.050000000000000044,42,True,1580,-68.7292824986227,1511.2707175013772,50.318471337579616,0.7513017546895214,4.057324840764331
1263,1516,1496.9246135578626,128,153,0.050000000000000044,42,True,1516,-19.075386442137372,1496.9246135578626,64.70588235294117,0.7059401383521539,5.045751633986928
1264,2528,2793.160864412429,256,216,0.050000000000000044,42,True,2528,265.1608644124292,2793.160864412429,99.53703703703704,0.804941283281476,5.314814814814815
1265,4716,5012.474616604974,512,326,0.050000000000000044,42,True,4716,296.47461660497095,5012.474616604974,100.0,0.8484752153121972,4.398773006134969
1266,5428,5714.697035745423,512,382,0.050000000000000044,42,True,5428,286.69703574542285,5714.697035745423,97.90575916230367,0.8402568991513462,4.87434554973822
1267,720,921.666805762183,64,97,0.050000000000000044,42,True,720,201.66680576218295,921.666805762183,98.96907216494846,0.7947197556934319,5.525773195876289
1268,1408,1640.1404661025776,128,143,0.050000000000000044,42,True,1408,232.14046610257756,1640.1404661025776,100.0,0.8016652051488162,5.86013986013986
1269,1084,1080.4108277012904,128,115,0.050000000000000044,42,True,1084,-3.589172298709748,1080.4108277012904,24.347826086956523,0.7041451900052917,5.417391304347826
1270,676,875.8851102679322,64,91,0.050000000000000044,42,True,676,199.8851102679323,875.8851102679322,100.0,0.8201999172815101,6.813186813186813
1271,1504,1736.468351231556,128,153,0.050000000000000044,42,True,1504,232.46835123155574,1736.468351231556,98.03921568627452,0.8211292039417384,5.718954248366013
1272,2156,2422.1989731485414,256,184,0.050000000000000044,42,True,2156,266.1989731485404,2422.1989731485414,97.82608695652173,0.7952130749547756,4.836956521739131
1273,1920,1911.9860586418195,128,199,0.050000000000000044,42,True,1920,-8.01394135818097,1911.9860586418195,29.14572864321608,0.7153604024580758,3.9648241206030153
1274,3084,3345.32928330223,256,256,0.050000000000000044,42,True,3084,261.3292833022305,3345.32928330223,100.0,0.8268777272888141,4.8828125
1275,2032,2024.0143397362394,128,189,0.050000000000000044,42,True,2032,-7.985660263760504,2024.0143397362394,12.16931216931217,0.710612836443223,4.634920634920635
1276,1644,1876.61091471498,128,167,0.050000000000000044,42,True,1644,232.6109147149801,1876.61091471498,100.0,0.788558394841379,5.395209580838324
1277,764,763.1136347950918,64,98,0.050000000000000044,42,True,764,-0.8863652049084152,763.1136347950918,0.0,0.7260346217830257,4.5
1278,4868,5169.527031735433,512,334,0.050000000000000044,42,True,4868,301.5270317354316,5169.527031735433,100.0,0.8352379353815369,4.152694610778443
1279,1408,1398.2381079214758,128,145,0.050000000000000044,42,True,1408,-9.761892078524202,1398.2381079214758,9.655172413793103,0.7468924524490239,4.151724137931034
1280,1604,1829.6478787901124,128,158,0.050000000000000044,42,True,1604,225.64787879011223,1829.6478787901124,91.77215189873418,0.7827995417572816,5.677215189873418
1281,3040,3303.8934092151703,256,249,0.050000000000000044,42,True,3040,263.89340921516975,3303.8934092151703,100.0,0.8545411771400127,5.614457831325301
1282,1432,1659.0122119815667,128,147,0.050000000000000044,42,True,1432,227.01221198156682,1659.0122119815667,99.31972789115646,0.8012105465655845,5.863945578231292
1283,4896,5190.646677695063,512,337,0.050000000000000044,42,True,4896,294.64667769506474,5190.646677695063,100.0,0.8034553553751552,5.032640949554896
1284,5372,5660.680570936019,512,376,0.050000000000000044,42,True,5372,288.6805709360166,5660.680570936019,99.73404255319149,0.8540635921458763,4.547872340425532
1285,2468,2459.279336792242,256,214,0.050000000000000044,42,True,2468,-8.72066320776,2459.279336792242,57.94392523364486,0.7671575703976288,3.9205607476635516
1286,2496,2765.4083461341534,256,207,0.050000000000000044,42,True,2496,269.40834613415257,2765.4083461341534,100.0,0.8365003430072181,4.7729468599033815
1287,2752,3009.487713248084,256,238,0.050000000000000044,42,True,2752,257.48771324808496,3009.487713248084,99.5798319327731,0.8440559807165092,4.5588235294117645
1288,3072,3330.442214372132,256,253,0.050000000000000044,42,True,3072,258.4422143721344,3330.442214372132,99.2094861660079,0.7999504341610157,4.5019762845849804
1289,1576,1806.6727571835936,128,167,0.050000000000000044,42,True,1576,230.6727571835929,1806.6727571835936,99.40119760479043,0.8451384376387969,5.640718562874252
1290,2300,2558.290094942694,256,190,0.050000000000000044,42,True,2300,258.29009494269553,2558.290094942694,98.94736842105263,0.844646015395837,4.373684210526315
1291,696,890.2335725105831,64,92,0.050000000000000044,42,True,696,194.23357251058334,890.2335725105831,98.91304347826087,0.8535882678530627,6.195652173913044
1292,1312,1488.752015569773,128,135,0.050000000000000044,42,True,1312,176.75201556977316,1488.752015569773,98.51851851851852,0.8242046800478714,6.0
1293,1508,1504.407633983594,128,154,0.050000000000000044,42,True,1508,-3.5923660164052915,1504.407633983594,1.948051948051948,0.7289771606887098,4.577922077922078
1294,2348,2572.7997473628448,128,220,0.050000000000000044,42,True,2348,224.7997473628427,2572.7997473628448,99.0909090909091,0.8582402323224866,5.081818181818182
1295,1940,2174.378385761806,128,188,0.050000000000000044,42,True,1940,234.37838576180587,2174.378385761806,99.46808510638297,0.8238975080807625,5.25
1296,3340,3605.6916454593384,256,276,0.050000000000000044,42,True,3340,265.6916454593392,3605.6916454593384,99.6376811594203,0.783071213085544,4.159420289855072
1297,1520,1750.9770564128673,128,157,0.050000000000000044,42,True,1520,230.97705641286714,1750.9770564128673,100.0,0.7890902481282522,4.885350318471337
1298,2500,2681.9882205644076,128,236,0.050000000000000044,42,True,2500,181.98822056440784,2681.9882205644076,99.57627118644068,0.7820125542323582,4.872881355932203
1299,2452,2709.7885700561123,256,206,0.050000000000000044,42,True,2452,257.78857005611246,2709.7885700561123,99.02912621359224,0.8535999883341725,5.12621359223301
1300,1284,1516.5923139562867,128,132,0.050000000000000044,42,True,1284,232.592313956286,1516.5923139562867,99.24242424242425,0.790465787779037,6.9393939393939394
1301,1136,1370.4332484487445,128,122,0.050000000000000044,42,True,1136,234.43324844874374,1370.4332484487445,99.18032786885246,0.7832138940512405,5.704918032786885
1302,1288,1511.893510658367,128,129,0.050000000000000044,42,True,1288,223.89351065836635,1511.893510658367,92.24806201550388,0.7829039177488348,5.10077519379845
1303,1360,1354.7693460250302,128,135,0.050000000000000044,42,True,1360,-5.230653974969162,1354.7693460250302,17.037037037037038,0.6679419238339812,5.162962962962963
1304,900,1050.6693652985232,64,107,0.050000000000000044,42,True,900,150.66936529852308,1050.6693652985232,25.233644859813083,0.7337510920945717,4.093457943925234
1305,944,1137.9852962234154,64,112,0.050000000000000044,42,True,944,193.98529622341533,1137.9852962234154,93.75,0.7827482762746273,5.258928571428571
1306,2292,2283.477068410172,256,191,0.050000000000000044,42,True,2292,-8.52293158982739,2283.477068410172,24.083769633507853,0.7518972983915249,4.0732984293193715
1307,2852,3065.6497868001456,256,234,0.050000000000000044,42,True,2852,213.64978680014832,3065.6497868001456,99.14529914529915,0.8119623532623557,5.299145299145299
1308,3088,3354.565409122965,256,255,0.050000000000000044,42,True,3088,266.56540912296725,3354.565409122965,99.2156862745098,0.792465778124911,5.513725490196078
1309,2168,2402.5144236341516,128,203,0.050000000000000044,42,True,2168,234.5144236341505,2402.5144236341516,99.50738916256158,0.8276795565573347,5.054187192118227
1310,1852,2076.323405586847,128,175,0.050000000000000044,42,True,1852,224.32340558684643,2076.323405586847,99.42857142857143,0.8240594704656479,5.468571428571429
1311,1364,1595.089325390068,128,144,0.050000000000000044,42,True,1364,231.08932539006756,1595.089325390068,100.0,0.8226645228678368,6.048611111111111
1312,2420,2684.51817716334,256,202,0.050000000000000044,42,True,2420,264.51817716333846,2684.51817716334,99.5049504950495,0.7964964759599934,5.148514851485149
1313,2336,2561.226156328998,128,218,0.050000000000000044,42,True,2336,225.22615632899823,2561.226156328998,98.1651376146789,0.7709628157549336,5.58256880733945
1314,2036,2273.3208753457106,128,190,0.050000000000000044,42,True,2036,237.3208753457107,2273.3208753457106,100.0,0.8051320068471458,4.442105263157894
1315,2688,2949.816621707003,256,225,0.050000000000000044,42,True,2688,261.816621707001,2949.816621707003,97.77777777777777,0.8037247353112896,4.466666666666667
1316,1104,1339.060548283097,128,116,0.050000000000000044,42,True,1104,235.0605482830975,1339.060548283097,99.13793103448276,0.8491780040446326,5.724137931034483
1317,4820,5116.528922490656,512,341,0.050000000000000044,42,True,4820,296.5289224906564,5116.528922490656,99.70674486803519,0.8507510215062848,5.026392961876833
1318,848,847.2431282921945,64,99,0.050000000000000044,42,True,848,-0.7568717078054927,847.2431282921945,0.0,0.6856026676390027,4.959595959595959
1319,3660,3927.5121580547107,256,268,0.050000000000000044,42,True,3660,267.5121580547113,3927.5121580547107,99.6268656716418,0.7895866530828277,4.097014925373134
1320,1472,1698.4657397107892,128,152,0.050000000000000044,42,True,1472,226.46573971078976,1698.4657397107892,98.6842105263158,0.8368598227645876,5.901315789473684
1321,2996,3258.9516129032254,256,257,0.050000000000000044,42,True,2996,262.9516129032258,3258.9516129032254,99.61089494163424,0.7851090444737102,4.9221789883268485
1322,1248,1241.5123066531576,128,128,0.050000000000000044,42,True,1248,-6.4876933468422795,1241.5123066531576,42.1875,0.7750984929721069,4.8203125
1323,2780,3046.6212027214656,256,225,0.050000000000000044,42,True,2780,266.6212027214647,3046.6212027214656,99.55555555555556,0.80708531952655,5.1466666666666665
1324,3424,3689.586128414616,256,281,0.050000000000000044,42,True,3424,265.58612841461536,3689.586128414616,99.644128113879,0.8463983344217453,4.619217081850533
1325,1244,1479.2124476034262,128,129,0.050000000000000044,42,True,1244,235.21244760342628,1479.2124476034262,99.2248062015504,0.8244902847326139,5.441860465116279
1326,660,865.3580740647928,64,91,0.050000000000000044,42,True,660,205.35807406479296,865.3580740647928,97.8021978021978,0.8433594881954074,5.054945054945055
1327,1380,1604.8357012538324,128,145,0.050000000000000044,42,True,1380,224.8357012538333,1604.8357012538324,98.62068965517241,0.7765364987447265,5.310344827586207
1328,1148,1349.9848799820084,64,127,0.050000000000000044,42,True,1148,201.98487998200793,1349.9848799820084,99.21259842519684,0.7848303730040411,5.047244094488189
1329,1240,1476.4026272794288,128,130,0.050000000000000044,42,True,1240,236.40262727942894,1476.4026272794288,99.23076923076923,0.837160465124764,6.138461538461539
1330,3740,4000.652178585185,256,303,0.050000000000000044,42,True,3740,260.65217858518685,4000.652178585185,99.66996699669967,0.7961940490763527,4.184818481848184
1331,4700,4997.5039668472855,512,324,0.050000000000000044,42,True,4700,297.5039668472848,4997.5039668472855,99.69135802469135,0.8417930301097365,5.466049382716049
1332,976,923.9456166026381,64,117,0.050000000000000044,42,True,976,-52.054383397361605,923.9456166026381,37.60683760683761,0.6981457168659582,5.316239316239316
1333,2068,2324.8610978437846,256,175,0.050000000000000044,42,True,2068,256.86109784378493,2324.8610978437846,99.42857142857143,0.8418737171062929,6.057142857142857
1334,2436,2693.638001720403,256,211,0.050000000000000044,42,True,2436,257.6380017204039,2693.638001720403,99.0521327014218,0.8481463965175694,5.5829383886255926
1335,1064,1044.578887625432,128,117,0.050000000000000044,42,True,1064,-19.4211123745686,1044.578887625432,21.367521367521366,0.7420111281746454,4.82051282051282
1336,1884,2107.7610973256133,128,176,0.050000000000000044,42,True,1884,223.7610973256135,2107.7610973256133,98.29545454545455,0.8033077070839169,4.8522727272727275
1337,1668,1891.7917578094612,128,163,0.050000000000000044,42,True,1668,223.7917578094604,1891.7917578094612,99.38650306748467,0.8056856613694046,5.47239263803681
1338,1356,1588.1229862107689,128,140,0.050000000000000044,42,True,1356,232.1229862107693,1588.1229862107689,99.28571428571429,0.7877278770114096,5.514285714285714
1339,1372,1557.2609950994172,128,144,0.050000000000000044,42,True,1372,185.2609950994163,1557.2609950994172,100.0,0.8167748526749912,5.902777777777778
1340,1344,1576.2352985485845,128,140,0.050000000000000044,42,True,1344,232.23529854858316,1576.2352985485845,100.0,0.8429273876308341,5.728571428571429
1341,4308,4563.468052389038,256,337,0.050000000000000044,42,True,4308,255.46805238903715,4563.468052389038,99.40652818991099,0.8111497925260667,4.554896142433234
1342,1892,2114.6463476197696,128,175,0.050000000000000044,42,True,1892,222.6463476197688,2114.6463476197696,99.42857142857143,0.7900371062346045,4.822857142857143
1343,1552,1546.3655052779209,128,160,0.050000000000000044,42,True,1552,-5.634494722078692,1546.3655052779209,75.625,0.7702940387948051,5.1875
1344,2476,2738.916615660793,256,211,0.050000000000000044,42,True,2476,262.9166156607932,2738.916615660793,100.0,0.8289788490780565,4.834123222748815
1345,1732,1664.942056008508,128,160,0.050000000000000044,42,True,1732,-67.05794399149231,1664.942056008508,4.375,0.7792656310517875,4.38125
1346,1068,1261.890275829827,64,124,0.050000000000000044,42,True,1068,193.890275829827,1261.890275829827,98.38709677419355,0.831540366710994,6.024193548387097
1347,1100,1258.6540608409407,64,135,0.050000000000000044,42,True,1100,158.65406084094107,1258.6540608409407,100.0,0.7895294505250918,5.088888888888889
1348,1432,1663.807186508857,128,147,0.050000000000000044,42,True,1432,231.80718650885743,1663.807186508857,100.0,0.8100253026696216,5.755102040816326
1349,1092,1284.1476567763493,64,133,0.050000000000000044,42,True,1092,192.14765677634946,1284.1476567763493,99.24812030075188,0.7876696651956229,4.466165413533835
1350,520,517.4038989658084,64,76,0.050000000000000044,42,True,520,-2.5961010341917863,517.4038989658084,0.0,0.7383723009563982,5.828947368421052
1351,2584,2790.149068174654,256,225,0.050000000000000044,42,True,2584,206.149068174654,2790.149068174654,99.11111111111111,0.8275844850978276,5.035555555555556
1352,1620,1836.270160823139,128,164,0.050000000000000044,42,True,1620,216.2701608231394,1836.270160823139,98.78048780487805,0.8319892843101228,5.75
1353,1352,1564.2103029376724,128,144,0.050000000000000044,42,True,1352,212.21030293767177,1564.2103029376724,98.61111111111111,0.8162920097295827,6.027777777777778
1354,4200,4465.104206536059,256,330,0.050000000000000044,42,True,4200,265.1042065360557,4465.104206536059,99.6969696969697,0.8267504755055746,4.9
1355,1500,1729.2281299210701,128,158,0.050000000000000044,42,True,1500,229.22812992106967,1729.2281299210701,99.36708860759494,0.8243480347709597,6.19620253164557
1356,1564,1792.433957479662,128,154,0.050000000000000044,42,True,1564,228.43395747966204,1792.433957479662,98.7012987012987,0.8294639737437688,5.915584415584416
1357,1092,1295.6835890244565,64,130,0.050000000000000044,42,True,1092,203.68358902445647,1295.6835890244565,97.6923076923077,0.7680443835571866,4.769230769230769
1358,4184,4450.9417214868845,256,325,0.050000000000000044,42,True,4184,266.9417214868828,4450.9417214868845,100.0,0.8064101484137619,4.609230769230769
1359,2416,2664.434908860905,256,205,0.050000000000000044,42,True,2416,248.43490886090513,2664.434908860905,95.1219512195122,0.7734216307657716,4.0634146341463415
1360,1392,1574.9733511897832,128,148,0.050000000000000044,42,True,1392,182.97335118978302,1574.9733511897832,99.32432432432432,0.7865258749435476,4.77027027027027
1361,3804,4061.4901612903222,256,287,0.050000000000000044,42,True,3804,257.4901612903226,4061.4901612903222,99.30313588850174,0.7881209163209212,4.878048780487805
1362,1284,1275.6481288741627,128,132,0.050000000000000044,42,True,1284,-8.351871125837413,1275.6481288741627,56.06060606060606,0.75909738566555,3.6742424242424243
1363,2704,2919.7097784332163,128,241,0.050000000000000044,42,True,2704,215.70977843321307,2919.7097784332163,99.1701244813278,0.7526685761286417,4.460580912863071
1364,3260,3525.538335121942,256,274,0.050000000000000044,42,True,3260,265.538335121941,3525.538335121942,100.0,0.8577412291495139,5.255474452554744
1365,3080,3337.4627530020293,256,252,0.050000000000000044,42,True,3080,257.4627530020237,3337.4627530020293,99.60317460317461,0.8129761060911906,5.198412698412699
1366,1120,1352.82392809982,128,118,0.050000000000000044,42,True,1120,232.82392809981943,1352.82392809982,99.15254237288136,0.8311494176750128,6.305084745762712
1367,3276,3489.9833543019104,256,275,0.050000000000000044,42,True,3276,213.98335430191403,3489.9833543019104,99.63636363636364,0.8092428817697199,4.589090909090909
1368,5244,5482.494340690434,512,360,0.050000000000000044,42,True,5244,238.49434069043576,5482.494340690434,97.22222222222223,0.8688689601271161,4.975
1369,2820,3081.3363399647824,256,234,0.050000000000000044,42,True,2820,261.33633996478216,3081.3363399647824,99.14529914529915,0.8134385533290736,4.756410256410256
1370,3020,3282.316682065908,256,242,0.050000000000000044,42,True,3020,262.31668206590876,3282.316682065908,100.0,0.836327802074913,5.400826446280992
1371,3044,3300.6568534901276,256,254,0.050000000000000044,42,True,3044,256.6568534901284,3300.6568534901276,99.60629921259843,0.8447352492972098,5.066929133858268
1372,2732,2713.4027471307495,256,221,0.050000000000000044,42,True,2732,-18.59725286925246,2713.4027471307495,85.52036199095022,0.8070029998944122,5.900452488687783
1373,3196,3418.91900908392,256,266,0.050000000000000044,42,True,3196,222.91900908392125,3418.91900908392,100.0,0.8077049239657843,4.860902255639098
1374,4824,5106.304588523368,512,333,0.050000000000000044,42,True,4824,282.3045885233685,5106.304588523368,98.7987987987988,0.8395502073046637,4.891891891891892
1375,5984,6272.895810640981,512,409,0.050000000000000044,42,True,5984,288.89581064097194,6272.895810640981,99.51100244498778,0.7641175848059503,4.537897310513447
1376,4676,4966.266852057841,512,319,0.050000000000000044,42,True,4676,290.266852057842,4966.266852057841,99.3730407523511,0.818108120749246,4.41692789968652
1377,2172,2389.414734415813,128,205,0.050000000000000044,42,True,2172,217.41473441581252,2389.414734415813,98.53658536585365,0.8102823552538336,4.546341463414634
1378,940,922.0401448202805,128,101,0.050000000000000044,42,True,940,-17.959855179719327,922.0401448202805,6.930693069306931,0.7309973098470487,4.782178217821782
1379,2968,3225.6572748764224,256,238,0.050000000000000044,42,True,2968,257.65727487642374,3225.6572748764224,99.15966386554622,0.8239314994220114,4.92436974789916
1380,3216,3208.250707254279,256,268,0.050000000000000044,42,True,3216,-7.749292745721624,3208.250707254279,78.73134328358209,0.7865778363192376,4.8059701492537314
1381,3148,3412.926438372654,256,262,0.050000000000000044,42,True,3148,264.9264383726529,3412.926438372654,100.0,0.8176368808307031,4.534351145038168
1382,1264,1245.452564184784,128,127,0.050000000000000044,42,True,1264,-18.54743581521624,1245.452564184784,80.31496062992126,0.7789156491030856,7.141732283464567
1383,1188,1403.5809533259207,128,129,0.050000000000000044,42,True,1188,215.58095332592058,1403.5809533259207,98.44961240310077,0.779997819451883,5.457364341085271
1384,1032,1257.8045672103574,128,112,0.050000000000000044,42,True,1032,225.80456721035745,1257.8045672103574,98.21428571428571,0.8025893810327513,5.473214285714286
1385,572,509.59142212189624,64,79,0.050000000000000044,42,True,572,-62.40857787810383,509.59142212189624,13.924050632911392,0.7451772484021565,7.455696202531645
1386,3116,3364.683970941083,256,253,0.050000000000000044,42,True,3116,248.68397094108238,3364.683970941083,98.81422924901186,0.7832545554146335,5.359683794466403
1387,1988,2220.6234132558525,128,190,0.050000000000000044,42,True,1988,232.6234132558534,2220.6234132558525,99.47368421052632,0.7877880774211522,4.2368421052631575
1388,1392,1614.6734896613082,128,143,0.050000000000000044,42,True,1392,222.67348966130803,1614.6734896613082,67.83216783216783,0.7789726996625839,5.93006993006993
1389,1628,1835.8431700225528,128,149,0.050000000000000044,42,True,1628,207.84317002255372,1835.8431700225528,65.77181208053692,0.7670207608335315,3.9194630872483223
1390,1408,1635.0421228660757,128,148,0.050000000000000044,42,True,1408,227.0421228660762,1635.0421228660757,98.64864864864865,0.782001689418379,5.905405405405405
1391,3156,3421.507507491545,256,257,0.050000000000000044,42,True,3156,265.507507491544,3421.507507491545,100.0,0.7938224846060153,4.696498054474708
1392,3320,3576.98940307005,256,270,0.050000000000000044,42,True,3320,256.98940307004824,3576.98940307005,99.62962962962963,0.802983918115491,3.674074074074074
1393,1976,2195.1164874551964,128,183,0.050000000000000044,42,True,1976,219.11648745519713,2195.1164874551964,75.95628415300547,0.7332699321036752,4.043715846994536
1394,2764,3013.8830736595733,256,228,0.050000000000000044,42,True,2764,249.88307365957135,3013.8830736595733,88.15789473684211,0.795542323578663,5.0701754385964914
1395,3084,3352.9503618806034,256,252,0.050000000000000044,42,True,3084,268.9503618806049,3352.9503618806034,100.0,0.7684516710350638,3.619047619047619
1396,3600,3848.991327495675,256,293,0.050000000000000044,42,True,3600,248.99132749567286,3848.991327495675,99.31740614334471,0.7412637442039851,4.450511945392491
1397,2240,2495.2556123296904,256,186,0.050000000000000044,42,True,2240,255.25561232969113,2495.2556123296904,99.46236559139786,0.795378913354943,5.575268817204301
1398,1880,2108.9412236587136,128,189,0.050000000000000044,42,True,1880,228.94122365871476,2108.9412236587136,97.88359788359789,0.763723005980358,5.328042328042328
1399,220,351.3632931003301,16,49,0.050000000000000044,42,True,220,131.36329310032997,351.3632931003301,97.95918367346938,0.8307910797903114,6.36734693877551
1400,1036,1191.9404321252978,128,110,0.050000000000000044,42,True,1036,155.94043212529763,1191.9404321252978,100.0,0.7831144810372337,7.109090909090909
1401,2952,3218.9488715000534,256,247,0.050000000000000044,42,True,2952,266.94887150005326,3218.9488715000534,99.59514170040485,0.790996435939744,4.372469635627531
1402,2924,3129.6825206752305,256,233,0.050000000000000044,42,True,2924,205.6825206752293,3129.6825206752305,75.10729613733906,0.7270965136059399,4.695278969957082
1403,1496,1490.8521557371937,128,154,0.050000000000000044,42,True,1496,-5.14784426280651,1490.8521557371937,8.441558441558442,0.7557006507227715,4.51948051948052
1404,5364,5347.03029445888,512,373,0.050000000000000044,42,True,5364,-16.969705541119737,5347.03029445888,94.90616621983914,0.8010680732169794,4.605898123324397
1405,1388,1620.5980498209005,128,140,0.050000000000000044,42,True,1388,232.5980498209019,1620.5980498209005,100.0,0.8552648518363911,6.2
1406,3228,3485.5077891617293,256,270,0.050000000000000044,42,True,3228,257.5077891617341,3485.5077891617293,99.25925925925925,0.8089616706683342,4.777777777777778
1407,5256,5502.639295378483,512,363,0.050000000000000044,42,True,5256,246.63929537848037,5502.639295378483,99.72451790633609,0.7925749344288306,5.013774104683195
1408,2232,2462.3909151432767,128,204,0.050000000000000044,42,True,2232,230.3909151432772,2462.3909151432767,98.03921568627452,0.7391691793152296,3.9607843137254903
1409,7080,7376.840941244361,512,487,0.050000000000000044,42,True,7080,296.8409412443581,7376.840941244361,100.0,0.8601486189348616,4.149897330595483
1410,1560,1785.956826628731,128,158,0.050000000000000044,42,True,1560,225.9568266287306,1785.956826628731,98.73417721518987,0.7950263830160207,3.810126582278481
1411,3332,3599.2074658421934,256,284,0.050000000000000044,42,True,3332,267.2074658421907,3599.2074658421934,99.64788732394366,0.8140482836429763,4.158450704225352
1412,7276,7558.416829586186,512,503,0.050000000000000044,42,True,7276,282.41682958618446,7558.416829586186,99.6023856858847,0.8067542745460252,4.165009940357853
1413,576,779.6853592537203,64,79,0.050000000000000044,42,True,576,203.68535925372072,779.6853592537203,98.73417721518987,0.8279123606411128,6.075949367088608
1414,2964,3230.3302224786653,256,243,0.050000000000000044,42,True,2964,266.3302224786646,3230.3302224786653,99.58847736625515,0.8021278490139138,5.341563786008231
1415,1044,1038.0503096719262,128,114,0.050000000000000044,42,True,1044,-5.94969032807372,1038.0503096719262,7.017543859649122,0.7553862817479916,4.87719298245614
1416,3584,3841.4432479223624,256,297,0.050000000000000044,42,True,3584,257.44324792236375,3841.4432479223624,99.32659932659932,0.8050372418292782,4.8552188552188555
1417,1788,2021.3366526414218,128,182,0.050000000000000044,42,True,1788,233.33665264142124,2021.3366526414218,99.45054945054945,0.777800765786263,4.593406593406593
1418,3444,3703.0508990801363,256,285,0.050000000000000044,42,True,3444,259.0508990801363,3703.0508990801363,99.64912280701755,0.7924966705604366,3.5473684210526315
1419,2832,3047.0180372557925,256,230,0.050000000000000044,42,True,2832,215.01803725579282,3047.0180372557925,99.56521739130434,0.791812236897966,4.734782608695652
1420,1056,1062.2952080753498,64,127,0.050000000000000044,42,True,1056,6.295208075349919,1062.2952080753498,0.0,0.7331481628698697,3.661417322834646
1421,5164,5409.636477599199,512,374,0.050000000000000044,42,True,5164,245.63647759920136,5409.636477599199,99.73262032085562,0.7938600276964819,4.406417112299465
1422,5316,5607.693344244409,512,366,0.050000000000000044,42,True,5316,291.6933442444081,5607.693344244409,98.63387978142076,0.7989959384901802,4.666666666666667
1423,3068,3318.208893779184,256,252,0.050000000000000044,42,True,3068,250.20889377918525,3318.208893779184,98.80952380952381,0.8194443386150705,5.380952380952381
1424,3188,3392.8970100559955,256,265,0.050000000000000044,42,True,3188,204.89701005599625,3392.8970100559955,99.24528301886792,0.7968100342129426,5.056603773584905
1425,3476,3657.9079164836076,256,287,0.050000000000000044,42,True,3476,181.90791648360843,3657.9079164836076,99.65156794425087,0.8139309888053352,4.094076655052265
1426,2484,2747.471576048979,256,214,0.050000000000000044,42,True,2484,263.47157604897916,2747.471576048979,100.0,0.8042105280319677,5.093457943925234
1427,5904,6199.868565545642,512,386,0.050000000000000044,42,True,5904,295.86856554564173,6199.868565545642,99.74093264248705,0.806336644927154,4.7927461139896375
1428,1356,1348.6380788001431,128,141,0.050000000000000044,42,True,1356,-7.361921199857161,1348.6380788001431,22.69503546099291,0.6751545634545714,3.950354609929078
1429,1776,2010.8072411459511,128,173,0.050000000000000044,42,True,1776,234.80724114595083,2010.8072411459511,100.0,0.8316393125551765,5.710982658959537
1430,3280,3540.6572827989576,256,276,0.050000000000000044,42,True,3280,260.65728279896064,3540.6572827989576,99.27536231884058,0.8135573971685329,4.844202898550725
1431,5120,5401.291137178234,512,352,0.050000000000000044,42,True,5120,281.29113717823395,5401.291137178234,85.22727272727273,0.7881282792070841,3.78125
1432,2856,3117.0780841007095,256,235,0.050000000000000044,42,True,2856,261.07808410070993,3117.0780841007095,100.0,0.8060370839170783,5.493617021276596
1433,2308,2541.05060922894,128,211,0.050000000000000044,42,True,2308,233.0506092289404,2541.05060922894,100.0,0.7730740643946767,5.009478672985782
1434,2160,2415.0280162037434,256,182,0.050000000000000044,42,True,2160,255.02801620374214,2415.0280162037434,98.35164835164835,0.7824789236241436,5.1098901098901095
1435,1220,1447.4794721407627,128,125,0.050000000000000044,42,True,1220,227.47947214076245,1447.4794721407627,98.4,0.7910392836657473,5.912
1436,460,621.4296135453454,64,67,0.050000000000000044,42,True,460,161.42961354534546,621.4296135453454,100.0,0.7931778030402098,5.582089552238806
1437,4452,4743.182369004949,512,305,0.050000000000000044,42,True,4452,291.18236900494963,4743.182369004949,99.67213114754098,0.7743202600813793,4.872131147540983
1438,6368,6665.184335615333,512,433,0.050000000000000044,42,True,6368,297.1843356153358,6665.184335615333,99.7690531177829,0.8206860996729338,3.9260969976905313
1439,2172,2405.8640064914716,128,203,0.050000000000000044,42,True,2172,233.8640064914728,2405.8640064914716,100.0,0.8070040991962676,4.093596059113301
1440,4692,4992.565917519241,512,326,0.050000000000000044,42,True,4692,300.56591751924117,4992.565917519241,100.0,0.810353724696389,5.368098159509202
1441,2968,2941.474749230886,256,244,0.050000000000000044,42,True,2968,-26.525250769113565,2941.474749230886,80.73770491803279,0.7636704338525042,5.782786885245901
1442,1432,1666.950055608607,128,147,0.050000000000000044,42,True,1432,234.9500556086067,1666.950055608607,99.31972789115646,0.8020301193953344,5.809523809523809
1443,2744,2994.517284161889,256,221,0.050000000000000044,42,True,2744,250.51728416188934,2994.517284161889,98.64253393665159,0.8207630696014379,5.407239819004525
1444,6232,6534.572276366973,512,420,0.050000000000000044,42,True,6232,302.5722763669641,6534.572276366973,100.0,0.7845839320175498,3.8666666666666667
1445,552,555.0422308188267,64,77,0.050000000000000044,42,True,552,3.042230818826564,555.0422308188267,0.0,0.7423295787610853,5.220779220779221
1446,996,1221.9254745184528,128,105,0.050000000000000044,42,True,996,225.92547451845363,1221.9254745184528,82.85714285714286,0.7632830150404611,4.666666666666667
1447,2920,3127.5204514134425,256,244,0.050000000000000044,42,True,2920,207.52045141344354,3127.5204514134425,50.81967213114754,0.7575641428255381,3.1475409836065573
1448,3056,3304.6631738562814,256,250,0.050000000000000044,42,True,3056,248.66317385628025,3304.6631738562814,99.2,0.7840742980275113,4.84
1449,5208,5497.11925524623,512,361,0.050000000000000044,42,True,5208,289.11925524622893,5497.11925524623,99.7229916897507,0.8309826119956774,3.6260387811634347
1450,504,412.21758768974047,64,70,0.050000000000000044,42,True,504,-91.78241231025959,412.21758768974047,52.857142857142854,0.7364022774751129,6.6571428571428575
1451,1236,1461.691420849865,128,127,0.050000000000000044,42,True,1236,225.69142084986487,1461.691420849865,96.06299212598425,0.7731239575591297,6.905511811023622
1452,3240,3507.5864260361186,256,263,0.050000000000000044,42,True,3240,267.58642603612066,3507.5864260361186,100.0,0.8080806952274088,4.551330798479087
1453,1324,1547.626492122258,128,136,0.050000000000000044,42,True,1324,223.62649212225855,1547.626492122258,98.52941176470588,0.8165506414455266,5.727941176470588
1454,2652,2915.3942597187765,256,227,0.050000000000000044,42,True,2652,263.39425971877586,2915.3942597187765,100.0,0.7965405001617594,4.607929515418502
1455,1096,1288.3088523543972,64,133,0.050000000000000044,42,True,1096,192.30885235439806,1288.3088523543972,98.49624060150376,0.7791176370788635,5.075187969924812
1456,1892,2115.6914076031185,128,173,0.050000000000000044,42,True,1892,223.69140760311802,2115.6914076031185,84.97109826589596,0.7863034546998299,5.294797687861272
1457,3424,3693.2732588547897,256,291,0.050000000000000044,42,True,3424,269.27325885478774,3693.2732588547897,100.0,0.782271953034656,4.553264604810996
1458,2804,3070.3164424962215,256,230,0.050000000000000044,42,True,2804,266.3164424962222,3070.3164424962215,100.0,0.839393839868929,5.647826086956521
1459,2424,2691.249113475177,256,204,0.050000000000000044,42,True,2424,267.24911347517735,2691.249113475177,99.50980392156863,0.7820378760843737,4.921568627450981
1460,4624,4923.880485145071,512,317,0.050000000000000044,42,True,4624,299.8804851450695,4923.880485145071,99.6845425867508,0.7895286917630417,3.9873817034700316
1461,964,1160.1498835871341,64,116,0.050000000000000044,42,True,964,196.14988358713387,1160.1498835871341,100.0,0.8051986156744737,5.4655172413793105
1462,2332,2588.1417275233352,256,196,0.050000000000000044,42,True,2332,256.1417275233351,2588.1417275233352,96.42857142857143,0.7974099843514676,5.188775510204081
1463,3048,3307.542883250459,256,257,0.050000000000000044,42,True,3048,259.5428832504569,3307.542883250459,99.61089494163424,0.7952582668754755,4.793774319066148
1464,3184,3436.8988564352353,256,264,0.050000000000000044,42,True,3184,252.89885643523502,3436.8988564352353,98.48484848484848,0.8240767400810791,4.117424242424242
1465,3100,3364.5638811339213,256,255,0.050000000000000044,42,True,3100,264.56388113391984,3364.5638811339213,99.6078431372549,0.775601697557636,4.513725490196078
1466,568,712.8758675430263,64,77,0.050000000000000044,42,True,568,144.87586754302626,712.8758675430263,87.01298701298701,0.8420325236982537,8.051948051948052
1467,2312,2577.6855085130896,256,198,0.050000000000000044,42,True,2312,265.6855085130899,2577.6855085130896,99.4949494949495,0.8108092459666686,5.515151515151516
1468,6216,6505.279269351505,512,426,0.050000000000000044,42,True,6216,289.27926935149935,6505.279269351505,98.82629107981221,0.8313957946294909,4.746478873239437
1469,560,760.9684137771034,64,77,0.050000000000000044,42,True,560,200.96841377710325,760.9684137771034,98.7012987012987,0.8271034448536305,6.064935064935065
1470,5452,5742.705495818398,512,380,0.050000000000000044,42,True,5452,290.7054958183991,5742.705495818398,99.47368421052632,0.8282645356595801,4.307894736842106
1471,3248,3514.4345461485937,256,271,0.050000000000000044,42,True,3248,266.43454614859576,3514.4345461485937,99.6309963099631,0.7978420564816576,4.671586715867159
1472,3308,3575.7779714597405,256,268,0.050000000000000044,42,True,3308,267.77797145973864,3575.7779714597405,100.0,0.7942167658227568,5.123134328358209
1473,1400,1619.3981184886575,128,144,0.050000000000000044,42,True,1400,219.3981184886577,1619.3981184886575,26.38888888888889,0.7346964523238682,4.875
1474,2424,2673.44934168723,256,205,0.050000000000000044,42,True,2424,249.44934168723125,2673.44934168723,99.02439024390245,0.802700990395179,5.4731707317073175
1475,4592,4880.632263835192,512,313,0.050000000000000044,42,True,4592,288.6322638351896,4880.632263835192,99.68051118210863,0.7776662709372664,5.172523961661342
1476,6328,6625.136166019001,512,426,0.050000000000000044,42,True,6328,297.13616601900117,6625.136166019001,99.76525821596245,0.7754842431991383,4.347417840375587
1477,684,885.121777963291,64,95,0.050000000000000044,42,True,684,201.12177796329038,885.121777963291,96.84210526315789,0.801519168414964,6.2105263157894735
1478,2792,3048.903975348397,256,226,0.050000000000000044,42,True,2792,256.90397534839826,3048.903975348397,98.23008849557522,0.8152709192002876,4.880530973451328
1479,3104,3366.273316218925,256,256,0.050000000000000044,42,True,3104,262.27331621892614,3366.273316218925,99.609375,0.7769368542768919,5.37890625
1480,2684,2904.1043411785354,256,225,0.050000000000000044,42,True,2684,220.10434117853475,2904.1043411785354,100.0,0.8143137095245798,5.2444444444444445
1481,2896,3162.291182028825,256,236,0.050000000000000044,42,True,2896,266.2911820288235,3162.291182028825,99.57627118644068,0.8127571096287098,5.601694915254237
1482,872,1058.6658322618948,64,105,0.050000000000000044,42,True,872,186.66583226189533,1058.6658322618948,90.47619047619048,0.7889313188864702,6.104761904761904
1483,2420,2677.891065028162,256,202,0.050000000000000044,42,True,2420,257.8910650281618,2677.891065028162,99.00990099009901,0.782424827378126,4.425742574257426
1484,1548,1782.9092880508092,128,150,0.050000000000000044,42,True,1548,234.90928805080904,1782.9092880508092,100.0,0.7691529659713084,4.82
1485,4376,4623.906760825202,256,342,0.050000000000000044,42,True,4376,247.90676082520056,4623.906760825202,99.12280701754386,0.7428437334980211,4.584795321637427
1486,2548,2805.3497573721534,256,217,0.050000000000000044,42,True,2548,257.3497573721538,2805.3497573721534,99.53917050691244,0.7873138442582764,4.442396313364055
1487,2036,2029.631077891424,256,169,0.050000000000000044,42,True,2036,-6.368922108575919,2029.631077891424,44.97041420118343,0.7131651152996916,4.218934911242603
1488,2816,3063.0975806451615,256,225,0.050000000000000044,42,True,2816,247.0975806451613,3063.0975806451615,98.66666666666667,0.761217685177189,5.208888888888889
1489,864,1021.3618711597546,64,102,0.050000000000000044,42,True,864,157.3618711597542,1021.3618711597546,100.0,0.7526132375687843,5.980392156862745
1490,1536,1760.321157803186,128,160,0.050000000000000044,42,True,1536,224.32115780318617,1760.321157803186,98.75,0.7722935796751647,5.0875
1491,2160,2425.301934730034,256,184,0.050000000000000044,42,True,2160,265.3019347300345,2425.301934730034,98.91304347826087,0.7710734781186012,5.407608695652174
1492,7152,7441.2169495519765,512,492,0.050000000000000044,42,True,7152,289.21694955198467,7441.2169495519765,99.59349593495935,0.7695441559691483,4.3394308943089435
1493,2816,3037.478217360407,256,226,0.050000000000000044,42,True,2816,221.47821736040729,3037.478217360407,100.0,0.8067097134110204,5.163716814159292
1494,592,737.6983805668015,64,81,0.050000000000000044,42,True,592,145.69838056680163,737.6983805668015,79.01234567901234,0.7587997123088394,4.654320987654321
1495,1212,1438.9645909864144,128,131,0.050000000000000044,42,True,1212,226.96459098641424,1438.9645909864144,97.70992366412214,0.8159455441556456,6.030534351145038
1496,4668,4955.004731956737,512,325,0.050000000000000044,42,True,4668,287.0047319567335,4955.004731956737,99.38461538461539,0.7769928984387922,4.64
1497,2452,2718.4265465717076,256,212,0.050000000000000044,42,True,2452,266.42654657170783,2718.4265465717076,99.52830188679245,0.7759717533237674,5.15566037735849
1498,4988,5288.982359059955,512,347,0.050000000000000044,42,True,4988,300.9823590599562,5288.982359059955,100.0,0.7675079898078868,4.121037463976945
1499,1372,1359.1606798219702,128,147,0.050000000000000044,42,True,1372,-12.839320178029851,1359.1606798219702,89.79591836734694,0.7842067866290604,6.2517006802721085
1500,2824,3086.821684010084,256,233,0.050000000000000044,42,True,2824,262.8216840100848,3086.821684010084,98.71244635193133,0.7877126744362553,5.128755364806867
1501,2520,2788.5181788699006,256,220,0.050000000000000044,42,True,2520,268.51817886989807,2788.5181788699006,100.0,0.7870480592309638,5.459090909090909
1502,300,285.7962404270133,32,55,0.050000000000000044,42,True,300,-14.203759572986794,285.7962404270133,92.72727272727273,0.7436473965416648,6.6
1503,4696,4988.060511301297,512,323,0.050000000000000044,42,True,4696,292.0605113012947,4988.060511301297,99.69040247678019,0.7945816885591815,4.136222910216718
1504,868,858.6373388149124,64,105,0.050000000000000044,42,True,868,-9.362661185087486,858.6373388149124,3.8095238095238093,0.7126492040123167,4.466666666666667
1505,4596,4894.748641188021,512,315,0.050000000000000044,42,True,4596,298.7486411880232,4894.748641188021,99.36507936507937,0.753599254877862,4.006349206349206
1506,960,1147.479183693091,64,114,0.050000000000000044,42,True,960,187.47918369309167,1147.479183693091,95.6140350877193,0.7588778286701428,4.7105263157894735
1507,3612,3878.5344731091564,256,302,0.050000000000000044,42,True,3612,266.534473109159,3878.5344731091564,100.0,0.7880869552354482,5.546357615894039
1508,1564,1789.4903582906798,128,154,0.050000000000000044,42,True,1564,225.4903582906797,1789.4903582906798,95.45454545454545,0.7847620902240553,5.383116883116883
1509,4716,5003.319529206621,512,328,0.050000000000000044,42,True,4716,287.319529206626,5003.319529206621,99.39024390243902,0.7940102268105763,4.954268292682927
1510,5304,5596.604888534575,512,374,0.050000000000000044,42,True,5304,292.6048885345785,5596.604888534575,99.73262032085562,0.7653577843107947,4.280748663101604
1511,3524,3712.998862759735,256,296,0.050000000000000044,42,True,3524,188.99886275973623,3712.998862759735,100.0,0.7919538749268086,4.618243243243243
1512,3572,3839.016505332227,256,302,0.050000000000000044,42,True,3572,267.0165053322278,3839.016505332227,99.33774834437087,0.7807232003995822,4.864238410596027
1513,2040,2305.5627645558266,256,172,0.050000000000000044,42,True,2040,265.5627645558265,2305.5627645558266,99.4186046511628,0.8121800169332349,5.494186046511628
1514,3944,4213.264380698985,256,321,0.050000000000000044,42,True,3944,269.26438069898467,4213.264380698985,100.0,0.7427132254355265,4.426791277258567
1515,3104,3083.0879569892472,256,250,0.050000000000000044,42,True,3104,-20.912043010752697,3083.0879569892472,91.6,0.8149870907476158,4.536
1516,1312,1537.87181663837,128,133,0.050000000000000044,42,True,1312,225.8718166383701,1537.87181663837,98.49624060150376,0.843163429895076,6.383458646616542
1517,1312,1305.868792579824,128,134,0.050000000000000044,42,True,1312,-6.131207420175681,1305.868792579824,76.86567164179104,0.7478887578679778,4.835820895522388
1518,5212,5496.515575715613,512,355,0.050000000000000044,42,True,5212,284.515575715613,5496.515575715613,99.43661971830986,0.7803483698584348,5.492957746478873
1519,5080,5368.4317910285645,512,351,0.050000000000000044,42,True,5080,288.43179102856527,5368.4317910285645,99.43019943019944,0.799486124079737,4.581196581196581
1520,5052,5347.4590182266265,512,359,0.050000000000000044,42,True,5052,295.4590182266255,5347.4590182266265,100.0,0.7871452362013955,4.752089136490251
1521,436,555.5428662226288,32,70,0.050000000000000044,42,True,436,119.54286622262853,555.5428662226288,98.57142857142857,0.8178829001559713,5.4714285714285715
1522,1068,1304.5348573269844,128,116,0.050000000000000044,42,True,1068,236.53485732698434,1304.5348573269844,100.0,0.8040680138941407,5.836206896551724
1523,3052,3321.043214722761,256,252,0.050000000000000044,42,True,3052,269.04321472276575,3321.043214722761,94.04761904761905,0.7859186177693397,5.055555555555555
1524,996,994.5751735189331,128,104,0.050000000000000044,42,True,996,-1.4248264810672744,994.5751735189331,0.0,0.6832686501043808,5.048076923076923
1525,3036,3242.719081030205,256,251,0.050000000000000044,42,True,3036,206.7190810302045,3242.719081030205,98.80478087649402,0.7713178564810701,5.063745019920319
1526,3960,4207.707933907174,256,318,0.050000000000000044,42,True,3960,247.7079339071725,4207.707933907174,99.05660377358491,0.7745952389264236,4.235849056603773
1527,1312,1494.0349519682686,128,133,0.050000000000000044,42,True,1312,182.03495196826924,1494.0349519682686,36.8421052631579,0.733365122972634,4.654135338345864
1528,2068,2299.004303843014,128,193,0.050000000000000044,42,True,2068,231.00430384301353,2299.004303843014,99.48186528497409,0.7413683576460262,3.699481865284974
1529,3112,3319.5840559836292,256,263,0.050000000000000044,42,True,3112,207.58405598363152,3319.5840559836292,98.85931558935361,0.7780649738575499,5.479087452471483
1530,1480,1716.8914921836904,128,154,0.050000000000000044,42,True,1480,236.89149218368956,1716.8914921836904,98.05194805194805,0.8097214266557232,6.233766233766234
1531,3156,3413.348179009997,256,263,0.050000000000000044,42,True,3156,257.3481790099966,3413.348179009997,99.61977186311788,0.7907535872759113,5.007604562737643
1532,2852,3092.3591984607856,256,230,0.050000000000000044,42,True,2852,240.35919846078272,3092.3591984607856,98.69565217391305,0.7962101726198207,5.052173913043478
1533,6220,6515.125147205904,512,428,0.050000000000000044,42,True,6220,295.1251472058989,6515.125147205904,100.0,0.7726060315006169,4.200934579439252
1534,740,940.6776353686635,64,98,0.050000000000000044,42,True,740,200.6776353686636,940.6776353686635,98.9795918367347,0.7747986125911386,6.469387755102041
1535,1588,1818.9840615152448,128,165,0.050000000000000044,42,True,1588,230.98406151524523,1818.9840615152448,97.57575757575758,0.7713275663257249,5.024242424242424
1536,1264,1420.8130440140449,128,130,0.050000000000000044,42,True,1264,156.8130440140454,1420.8130440140449,100.0,0.7976115007155664,5.546153846153846
1537,1208,1204.1389058538298,128,124,0.050000000000000044,42,True,1208,-3.8610941461699326,1204.1389058538298,0.0,0.7336533908104383,4.975806451612903
1538,4280,4527.0885679984,256,328,0.050000000000000044,42,True,4280,247.08856799839924,4527.0885679984,97.86585365853658,0.7404237305335255,4.009146341463414
1539,5560,5847.970867032108,512,390,0.050000000000000044,42,True,5560,287.97086703210783,5847.970867032108,99.74358974358974,0.7654631524132326,5.11025641025641
1540,2592,2859.6854249606235,256,214,0.050000000000000044,42,True,2592,267.6854249606231,2859.6854249606235,100.0,0.7823480743824333,5.285046728971962
1541,3068,3313.701253234907,256,252,0.050000000000000044,42,True,3068,245.70125323490998,3313.701253234907,99.2063492063492,0.785427551892279,4.98015873015873
1542,6216,6495.253254103002,512,415,0.050000000000000044,42,True,6216,279.25325410299945,6495.253254103002,99.51807228915662,0.7952131324130285,4.144578313253012
1543,2236,2471.0837951075487,128,213,0.050000000000000044,42,True,2236,235.0837951075497,2471.0837951075487,97.65258215962442,0.7594965184576086,4.525821596244131
1544,2868,3126.8668455707398,256,235,0.050000000000000044,42,True,2868,258.8668455707409,3126.8668455707398,99.57446808510639,0.7993785544940432,5.468085106382978
1545,6544,6837.473067372693,512,455,0.050000000000000044,42,True,6544,293.4730673726939,6837.473067372693,99.78021978021978,0.779491181459041,4.527472527472527
1546,5388,5678.893643320507,512,375,0.050000000000000044,42,True,5388,290.8936433205083,5678.893643320507,99.46666666666667,0.7941037314714726,4.461333333333333
1547,5436,5733.0850237745035,512,378,0.050000000000000044,42,True,5436,297.0850237745014,5733.0850237745035,100.0,0.7832576132802821,6.074074074074074
1548,3184,3416.3673459882375,256,264,0.050000000000000044,42,True,3184,232.36734598824,3416.3673459882375,97.72727272727273,0.7850918404268776,5.958333333333333
1549,1648,1639.6733427862457,128,166,0.050000000000000044,42,True,1648,-8.326657213753963,1639.6733427862457,42.7710843373494,0.7217844458103354,4.801204819277109
1550,4688,4978.793632538569,512,322,0.050000000000000044,42,True,4688,290.79363253856945,4978.793632538569,99.37888198757764,0.7983596678699024,4.950310559006211
1551,7848,8127.857868506806,512,539,0.050000000000000044,42,True,7848,279.8578685068047,8127.857868506806,91.09461966604823,0.7836050821224342,4.087198515769944
1552,2120,2334.764653848192,256,176,0.050000000000000044,42,True,2120,214.76465384819113,2334.764653848192,99.43181818181819,0.7815835767262027,5.806818181818182
1553,2092,2359.5425750885006,256,176,0.050000000000000044,42,True,2092,267.5425750885004,2359.5425750885006,84.0909090909091,0.7983198601263214,5.471590909090909
1554,2292,2465.3067915531647,128,216,0.050000000000000044,42,True,2292,173.30679155316437,2465.3067915531647,98.61111111111111,0.8236997504842607,4.328703703703703
1555,4760,5044.848082296163,512,325,0.050000000000000044,42,True,4760,284.84808229616465,5044.848082296163,99.38461538461539,0.7809459720243305,5.363076923076923
1556,4280,4569.117503113998,512,285,0.050000000000000044,42,True,4280,289.1175031139968,4569.117503113998,99.29824561403508,0.7810528145333142,5.589473684210526
1557,4824,5111.533389926427,512,338,0.050000000000000044,42,True,4824,287.533389926429,5111.533389926427,97.92899408284023,0.7875753633258676,5.204142011834319
1558,3096,3351.9429848348836,256,255,0.050000000000000044,42,True,3096,255.94298483488598,3351.9429848348836,99.6078431372549,0.8406021575488242,4.392156862745098
1559,3460,3712.58651797424,256,291,0.050000000000000044,42,True,3460,252.58651797424153,3712.58651797424,99.3127147766323,0.8175729273039705,4.786941580756014
1560,1336,1572.6749106839286,128,137,0.050000000000000044,42,True,1336,236.67491068392917,1572.6749106839286,100.0,0.8154541606794139,5.532846715328467
1561,4644,4900.060705842627,256,353,0.050000000000000044,42,True,4644,256.06070584262073,4900.060705842627,99.71671388101983,0.8043832372007816,4.371104815864022
1562,580,783.0273922308504,64,80,0.050000000000000044,42,True,580,203.0273922308506,783.0273922308504,98.75,0.8224651187129668,7.0
1563,3004,3268.611295865204,256,241,0.050000000000000044,42,True,3004,264.6112958652034,3268.611295865204,99.5850622406639,0.8393017566379419,4.726141078838174
1564,7192,7489.144872052388,512,498,0.050000000000000044,42,True,7192,297.1448720523842,7489.144872052388,100.0,0.8247464827024219,3.9377510040160644
1565,1684,1906.5962308211542,128,158,0.050000000000000044,42,True,1684,222.59623082115377,1906.5962308211542,96.83544303797468,0.8120239439944632,3.5316455696202533
1566,1016,1242.3989049322922,128,109,0.050000000000000044,42,True,1016,226.39890493229342,1242.3989049322922,96.3302752293578,0.8367369085879135,6.3577981651376145
1567,3412,3396.086277521762,256,278,0.050000000000000044,42,True,3412,-15.913722478238604,3396.086277521762,38.84892086330935,0.8009514411746582,3.4928057553956835
1568,3548,3814.8471189343204,256,295,0.050000000000000044,42,True,3548,266.8471189343225,3814.8471189343204,100.0,0.8013929370493043,4.5728813559322035
1569,3428,3370.2522039767987,256,286,0.050000000000000044,42,True,3428,-57.74779602320228,3370.2522039767987,97.55244755244755,0.7811115958034155,5.318181818181818
1570,4576,4857.251536091615,512,311,0.050000000000000044,42,True,4576,281.25153609161424,4857.251536091615,98.71382636655949,0.7631505960923604,5.266881028938907
1571,1128,1129.4118591342628,128,121,0.050000000000000044,42,True,1128,1.4118591342626559,1129.4118591342628,0.0,0.727258517184948,5.429752066115703
1572,2384,2622.262073027091,256,204,0.050000000000000044,42,True,2384,238.26207302709065,2622.262073027091,98.52941176470588,0.8078434281713623,5.0245098039215685
1573,3164,3412.1197952503458,256,259,0.050000000000000044,42,True,3164,248.11979525034235,3412.1197952503458,98.45559845559846,0.8116032651186639,5.405405405405405
1574,4816,5114.428652419314,512,337,0.050000000000000044,42,True,4816,298.4286524193156,5114.428652419314,99.70326409495549,0.7824387243648896,4.584569732937686
1575,744,738.1998420428687,64,102,0.050000000000000044,42,True,744,-5.800157957131583,738.1998420428687,54.90196078431372,0.7903301076918635,5.6568627450980395
1576,2272,2506.461328461047,128,216,0.050000000000000044,42,True,2272,234.46132846104786,2506.461328461047,99.53703703703704,0.7907062570675611,5.1342592592592595
1577,2272,2484.781593927895,256,192,0.050000000000000044,42,True,2272,212.78159392789374,2484.781593927895,98.4375,0.8307902454739161,4.838541666666667
1578,252,243.01096632165746,32,50,0.050000000000000044,42,True,252,-8.989033678342539,243.01096632165746,10.0,0.7208224927679084,5.16
1579,4364,4658.799538614468,512,293,0.050000000000000044,42,True,4364,294.79953861446444,4658.799538614468,100.0,0.8196312632697222,5.334470989761092
1580,4592,4875.803658189678,512,310,0.050000000000000044,42,True,4592,283.8036581896797,4875.803658189678,99.03225806451613,0.7838398825787793,4.151612903225806
1581,1144,1380.0845904548448,128,116,0.050000000000000044,42,True,1144,236.08459045484506,1380.0845904548448,99.13793103448276,0.8171374495655485,6.956896551724138
1582,2952,3209.9364646904974,256,235,0.050000000000000044,42,True,2952,257.93646469049696,3209.9364646904974,95.31914893617021,0.8011050301979092,5.102127659574468
1583,1548,1541.1244879963597,128,156,0.050000000000000044,42,True,1548,-6.875512003640921,1541.1244879963597,52.56410256410256,0.7818353821511359,5.5256410256410255
1584,2832,3077.5226886865257,256,230,0.050000000000000044,42,True,2832,245.52268868652567,3077.5226886865257,99.1304347826087,0.7905961641541318,5.1521739130434785
1585,1564,1801.2058676968854,128,157,0.050000000000000044,42,True,1564,237.20586769688515,1801.2058676968854,100.0,0.7943075538459811,5.267515923566879
1586,4516,4815.117020494437,512,301,0.050000000000000044,42,True,4516,299.1170204944399,4815.117020494437,99.66777408637874,0.7799213657575212,5.348837209302325
1587,5608,5878.873255914325,512,397,0.050000000000000044,42,True,5608,270.8732559143303,5878.873255914325,95.96977329974811,0.7855420698970746,4.2846347607052895
1588,3272,3463.5964051494957,256,276,0.050000000000000044,42,True,3272,191.59640514949618,3463.5964051494957,98.55072463768116,0.7903837700603772,4.913043478260869
1589,2380,2650.116864742502,256,202,0.050000000000000044,42,True,2380,270.11686474250143,2650.116864742502,100.0,0.795513763801275,6.257425742574258
1590,4868,5149.4174835044605,512,345,0.050000000000000044,42,True,4868,281.4174835044635,5149.4174835044605,99.1304347826087,0.7840492944177128,4.988405797101449
1591,3172,3427.276167370095,256,261,0.050000000000000044,42,True,3172,255.2761673700959,3427.276167370095,96.16858237547893,0.7913417126212258,5.222222222222222
1592,6788,7086.9588792288405,512,458,0.050000000000000044,42,True,6788,298.95887922883895,7086.9588792288405,99.78165938864629,0.7896626682865417,4.604803493449782
1593,3304,3565.589555548772,256,269,0.050000000000000044,42,True,3304,261.5895555487736,3565.589555548772,99.62825278810409,0.7634447182912673,4.587360594795539
1594,728,929.0241185027827,64,96,0.050000000000000044,42,True,728,201.02411850278247,929.0241185027827,98.95833333333333,0.8302831511023361,6.625
1595,2836,3095.5159307596405,256,231,0.050000000000000044,42,True,2836,259.51593075964144,3095.5159307596405,99.56709956709956,0.7925961521560969,5.017316017316017
1596,1428,1651.2825168044797,128,143,0.050000000000000044,42,True,1428,223.28251680447974,1651.2825168044797,99.3006993006993,0.7971179481556904,6.286713286713287
1597,3064,3055.141750210394,256,252,0.050000000000000044,42,True,3064,-8.85824978960738,3055.141750210394,25.0,0.79814662322995,3.9682539682539684
1598,2168,2429.371617460411,256,183,0.050000000000000044,42,True,2168,261.371617460411,2429.371617460411,99.4535519125683,0.8096104731689012,5.2349726775956285
1599,3476,3741.4300396281606,256,288,0.050000000000000044,42,True,3476,265.43003962816186,3741.4300396281606,99.65277777777777,0.7941617131285323,5.142361111111111
1600,3124,3370.217202747497,256,254,0.050000000000000044,42,True,3124,246.21720274749956,3370.217202747497,98.81889763779527,0.8005261981164833,5.448818897637795
1601,3364,3618.447794696162,256,276,0.050000000000000044,42,True,3364,254.44779469616327,3618.447794696162,99.6376811594203,0.8196628576654101,4.655797101449275
1602,1988,2202.896917485059,128,187,0.050000000000000044,42,True,1988,214.89691748505928,2202.896917485059,98.93048128342247,0.798385620880132,5.363636363636363
1603,1208,1417.942163571196,128,125,0.050000000000000044,42,True,1208,209.94216357119583,1417.942163571196,95.2,0.7802782292446896,7.152
1604,1648,1871.9762045044854,128,165,0.050000000000000044,42,True,1648,223.97620450448554,1871.9762045044854,99.39393939393939,0.848878221312695,4.903030303030303
1605,4100,4093.248714757956,256,311,0.050000000000000044,42,True,4100,-6.7512852420417815,4093.248714757956,89.71061093247589,0.7964290045399265,5.353697749196141
1606,1944,2209.916570458404,256,154,0.050000000000000044,42,True,1944,265.91657045840407,2209.916570458404,99.35064935064935,0.8013236163355971,5.292207792207792
1607,1036,1236.3419258315466,64,123,0.050000000000000044,42,True,1036,200.34192583154766,1236.3419258315466,100.0,0.7994918231287548,4.382113821138211
1608,4724,5002.243803143529,512,328,0.050000000000000044,42,True,4724,278.2438031435278,5002.243803143529,99.08536585365853,0.8007994441844821,5.121951219512195
1609,5332,5631.404194074619,512,371,0.050000000000000044,42,True,5332,299.4041940746198,5631.404194074619,99.73045822102426,0.8160183634975413,4.126684636118599
1610,3072,3322.567035228024,256,253,0.050000000000000044,42,True,3072,250.56703522802496,3322.567035228024,98.81422924901186,0.8355273608075953,4.798418972332016
1611,1532,1759.2554729794665,128,150,0.050000000000000044,42,True,1532,227.25547297946633,1759.2554729794665,98.66666666666667,0.8067055171609707,5.593333333333334
1612,3080,3072.4901529046015,256,252,0.050000000000000044,42,True,3080,-7.50984709540111,3072.4901529046015,97.22222222222223,0.7990696085946495,5.448412698412699
1613,5044,5332.856383058478,512,340,0.050000000000000044,42,True,5044,288.85638305847704,5332.856383058478,97.3529411764706,0.8001371520445351,5.135294117647059
1614,1628,1849.5425658461647,128,164,0.050000000000000044,42,True,1628,221.54256584616536,1849.5425658461647,99.39024390243902,0.7914341323908063,5.310975609756097
1615,1424,1657.921400907741,128,146,0.050000000000000044,42,True,1424,233.92140090774012,1657.921400907741,99.31506849315069,0.7916882820438965,5.910958904109589
1616,2016,2281.630743910467,256,167,0.050000000000000044,42,True,2016,265.6307439104674,2281.630743910467,98.80239520958084,0.8147917021727423,4.820359281437126
1617,4860,5160.748183532528,512,340,0.050000000000000044,42,True,4860,300.7481835325265,5160.748183532528,100.0,0.8328898267721891,4.0588235294117645
1618,4680,4972.588553651479,512,319,0.050000000000000044,42,True,4680,292.5885536514833,4972.588553651479,98.74608150470219,0.8029968889751742,4.877742946708464
1619,1236,1461.0290950283943,128,130,0.050000000000000044,42,True,1236,225.02909502839375,1461.0290950283943,99.23076923076923,0.8322296950184189,6.653846153846154
1620,5360,5354.251742425985,512,370,0.050000000000000044,42,True,5360,-5.748257574015728,5354.251742425985,80.27027027027027,0.8058955722966774,4.602702702702703
1621,2068,2335.233187365233,256,175,0.050000000000000044,42,True,2068,267.2331873652314,2335.233187365233,100.0,0.7753982856713955,5.382857142857143
1622,2380,2373.069368955008,256,204,0.050000000000000044,42,True,2380,-6.930631044989992,2373.069368955008,52.94117647058823,0.7763250317604655,4.867647058823529
1623,1732,1947.1364569030836,128,174,0.050000000000000044,42,True,1732,215.13645690308547,1947.1364569030836,98.85057471264368,0.7815812749444028,4.609195402298851
1624,1628,1602.8096212961907,128,165,0.050000000000000044,42,True,1628,-25.190378703809998,1602.8096212961907,25.454545454545453,0.7367192561779291,3.6666666666666665
1625,3192,3454.53692432542,256,263,0.050000000000000044,42,True,3192,262.536924325421,3454.53692432542,99.61977186311788,0.7778451483484847,4.64638783269962
1626,3052,3035.8661617600615,256,252,0.050000000000000044,42,True,3052,-16.13383823993717,3035.8661617600615,78.17460317460318,0.7314297262498879,4.916666666666667
1627,2824,3088.541408979894,256,235,0.050000000000000044,42,True,2824,264.54140897989146,3088.541408979894,100.0,0.7688772306594325,5.910638297872341
1628,1388,1613.4579635247335,128,147,0.050000000000000044,42,True,1388,225.45796352473337,1613.4579635247335,98.63945578231292,0.8095461510881676,4.387755102040816
1629,4672,4943.087689908442,512,322,0.050000000000000044,42,True,4672,271.0876899084462,4943.087689908442,99.06832298136646,0.7823356561849945,4.701863354037267
1630,3100,3359.858657868768,256,255,0.050000000000000044,42,True,3100,259.85865786877093,3359.858657868768,85.88235294117646,0.7885459365350261,4.870588235294117
1631,7064,7338.68084066471,512,486,0.050000000000000044,42,True,7064,274.6808406647116,7338.68084066471,99.17695473251028,0.7914749520450792,4.983539094650205
1632,2348,2616.8366116974903,256,199,0.050000000000000044,42,True,2348,268.83661169749024,2616.8366116974903,94.47236180904522,0.7803786909906034,5.090452261306533
1633,2744,3009.0050789905326,256,223,0.050000000000000044,42,True,2744,265.0050789905327,3009.0050789905326,99.55156950672645,0.7854693820264359,5.098654708520179
1634,2276,2534.361703533123,256,194,0.050000000000000044,42,True,2276,258.36170353312286,2534.361703533123,94.3298969072165,0.767831848749823,6.010309278350515
1635,1268,1457.1479614695343,128,127,0.050000000000000044,42,True,1268,189.14796146953404,1457.1479614695343,100.0,0.7763737316803245,5.74015748031496
1636,2496,2761.200060980094,256,209,0.050000000000000044,42,True,2496,265.20006098009486,2761.200060980094,99.52153110047847,0.7783512679147294,4.287081339712919
1637,2924,3129.0368317021553,256,244,0.050000000000000044,42,True,2924,205.03683170215157,3129.0368317021553,88.93442622950819,0.7535662844599003,5.188524590163935
1638,1804,2039.6242013401888,128,186,0.050000000000000044,42,True,1804,235.62420134019013,2039.6242013401888,99.46236559139786,0.7941606524451377,4.602150537634409
1639,1340,1341.346041055719,128,141,0.050000000000000044,42,True,1340,1.3460410557184748,1341.346041055719,0.0,0.6809296331879573,4.7304964539007095
1640,2308,2565.98353806718,256,193,0.050000000000000044,42,True,2308,257.98353806717927,2565.98353806718,96.37305699481865,0.7802088815730259,4.22279792746114
1641,1112,1293.9759937670249,128,118,0.050000000000000044,42,True,1112,181.9759937670241,1293.9759937670249,99.15254237288136,0.7968085111939215,5.279661016949152
1642,2148,2361.7041670385156,256,182,0.050000000000000044,42,True,2148,213.70416703851606,2361.7041670385156,99.45054945054945,0.7815818798775558,5.945054945054945
1643,6540,6797.269984093655,512,447,0.050000000000000044,42,True,6540,257.26998409365655,6797.269984093655,100.0,0.7939919613817029,4.002237136465324
1644,1340,1551.2031874775423,128,137,0.050000000000000044,42,True,1340,211.20318747754254,1551.2031874775423,95.62043795620438,0.7993432062725043,6.751824817518248
1645,2404,2389.5115164699228,256,203,0.050000000000000044,42,True,2404,-14.488483530077431,2389.5115164699228,23.15270935960591,0.7677590080150942,4.211822660098522
1646,1432,1665.5930148100554,128,148,0.050000000000000044,42,True,1432,233.59301481005537,1665.5930148100554,100.0,0.7684072203751806,5.891891891891892
1647,1396,1621.7888662709415,128,146,0.050000000000000044,42,True,1396,225.78886627094198,1621.7888662709415,99.31506849315069,0.8316795595105757,4.931506849315069
1648,708,905.7335523090497,64,94,0.050000000000000044,42,True,708,197.7335523090499,905.7335523090497,100.0,0.770688159262226,6.351063829787234
1649,1540,1767.2743742658354,128,164,0.050000000000000044,42,True,1540,227.27437426583538,1767.2743742658354,96.95121951219512,0.8071453545080968,6.085365853658536
1650,2304,2559.900321344704,256,190,0.050000000000000044,42,True,2304,255.90032134470397,2559.900321344704,99.47368421052632,0.7987235176953908,5.057894736842106
1651,5732,6033.518698210771,512,406,0.050000000000000044,42,True,5732,301.51869821076997,6033.518698210771,100.0,0.7926927140570483,4.3669950738916254
1652,1164,1344.6214966814478,128,118,0.050000000000000044,42,True,1164,180.62149668144798,1344.6214966814478,99.15254237288136,0.7998475246928743,5.991525423728813
1653,2368,2638.7281607973114,256,201,0.050000000000000044,42,True,2368,270.72816079731166,2638.7281607973114,100.0,0.8010549980596126,5.323383084577115
1654,2140,2400.675419626738,256,180,0.050000000000000044,42,True,2140,260.67541962673846,2400.675419626738,95.0,0.8143874819861524,6.166666666666667
1655,1488,1669.654749264628,128,155,0.050000000000000044,42,True,1488,181.65474926462858,1669.654749264628,89.03225806451613,0.7785139802391834,6.038709677419355
1656,3084,3334.493674889311,256,255,0.050000000000000044,42,True,3084,250.49367488931054,3334.493674889311,98.82352941176471,0.8033027339614442,5.305882352941176
1657,2720,2980.8810429597515,256,218,0.050000000000000044,42,True,2720,260.8810429597529,2980.8810429597515,99.54128440366972,0.7951815950983154,5.284403669724771
1658,3352,3600.418077539575,256,285,0.050000000000000044,42,True,3352,248.41807753957124,3600.418077539575,98.94736842105263,0.7981428644736976,5.108771929824561
1659,2520,2786.480084620153,256,217,0.050000000000000044,42,True,2520,266.4800846201526,2786.480084620153,89.40092165898618,0.7773483614804321,5.345622119815668
1660,2360,2624.7622413845233,256,199,0.050000000000000044,42,True,2360,264.76224138452193,2624.7622413845233,99.49748743718592,0.8038762225816051,5.201005025125628
1661,2436,2686.53718637993,256,206,0.050000000000000044,42,True,2436,250.5371863799283,2686.53718637993,98.54368932038835,0.8009452960657797,5.033980582524272
1662,1740,1734.0370744375098,128,174,0.050000000000000044,42,True,1740,-5.962925562490572,1734.0370744375098,22.988505747126435,0.790390323922883,3.9655172413793105
1663,3204,3456.6524900081945,256,268,0.050000000000000044,42,True,3204,252.6524900081941,3456.6524900081945,98.88059701492537,0.8024532215885192,4.395522388059701
1664,4112,4371.453931773678,256,317,0.050000000000000044,42,True,4112,259.4539317736782,4371.453931773678,99.36908517350157,0.8153246463573242,3.993690851735016
1665,1456,1639.9539210718906,128,151,0.050000000000000044,42,True,1456,183.953921071891,1639.9539210718906,98.67549668874172,0.818676962366988,5.450331125827814
1666,2464,2727.4493087557576,256,209,0.050000000000000044,42,True,2464,263.4493087557604,2727.4493087557576,100.0,0.8053627168007088,5.177033492822966
1667,2300,2522.9231995240757,256,194,0.050000000000000044,42,True,2300,222.92319952407593,2522.9231995240757,100.0,0.8191399480235891,4.618556701030927
1668,1180,1401.764300807098,128,127,0.050000000000000044,42,True,1180,221.7643008070975,1401.764300807098,99.21259842519684,0.8212418123740212,5.559055118110236
1669,2400,2663.2821442011855,256,203,0.050000000000000044,42,True,2400,263.2821442011866,2663.2821442011855,98.0295566502463,0.8209472597157649,5.197044334975369
1670,1408,1392.8376515671468,128,153,0.050000000000000044,42,True,1408,-15.162348432852871,1392.8376515671468,30.718954248366014,0.8146760536945362,4.751633986928105
1671,4832,5117.927534676172,512,331,0.050000000000000044,42,True,4832,285.92753467617246,5117.927534676172,99.69788519637463,0.826806184390117,4.885196374622357
1672,3500,3752.5900329834153,256,289,0.050000000000000044,42,True,3500,252.59003298341466,3752.5900329834153,99.30795847750865,0.8180912957692551,4.346020761245675
1673,1524,1754.1365511408167,128,160,0.050000000000000044,42,True,1524,230.13655114081595,1754.1365511408167,98.75,0.8037392876651541,5.2625
1674,3236,3473.3999517555467,256,267,0.050000000000000044,42,True,3236,237.3999517555455,3473.3999517555467,98.87640449438203,0.7861498318289373,5.131086142322097
1675,1192,1418.8143434550157,128,124,0.050000000000000044,42,True,1192,226.8143434550152,1418.8143434550157,97.58064516129032,0.7920278417191214,5.854838709677419
1676,4528,4816.62441968907,512,315,0.050000000000000044,42,True,4528,288.62441968907046,4816.62441968907,99.36507936507937,0.7934803403096828,4.79047619047619
1677,4872,5170.650182173641,512,338,0.050000000000000044,42,True,4872,298.6501821736426,5170.650182173641,99.11242603550296,0.8652650463453716,5.165680473372781
1678,1156,1138.1841230863397,128,117,0.050000000000000044,42,True,1156,-17.815876913660315,1138.1841230863397,61.53846153846154,0.7805350821707098,6.880341880341881
1679,2172,2400.1179226262475,128,204,0.050000000000000044,42,True,2172,228.1179226262483,2400.1179226262475,98.52941176470588,0.8345745681157749,3.5784313725490198
1680,1368,1602.1959924142159,128,136,0.050000000000000044,42,True,1368,234.19599241421506,1602.1959924142159,98.52941176470588,0.8294920771167459,5.198529411764706
1681,1272,1495.94624110381,128,129,0.050000000000000044,42,True,1272,223.9462411038093,1495.94624110381,94.57364341085271,0.8252856858226637,5.124031007751938
1682,3340,3593.0650523142904,256,272,0.050000000000000044,42,True,3340,253.0650523142915,3593.0650523142904,99.63235294117646,0.8025634442435113,5.319852941176471
1683,3488,3754.547630591245,256,290,0.050000000000000044,42,True,3488,266.54763059124457,3754.547630591245,98.62068965517241,0.7868429060095323,4.968965517241379
1684,5280,5532.815295834189,512,361,0.050000000000000044,42,True,5280,252.81529583418416,5532.815295834189,100.0,0.7873346411961015,5.407202216066482
1685,3160,3420.4639733497966,256,259,0.050000000000000044,42,True,3160,260.4639733497968,3420.4639733497966,99.22779922779922,0.8402576929023781,4.876447876447877
1686,2772,3015.587394444767,256,227,0.050000000000000044,42,True,2772,243.587394444765,3015.587394444767,98.6784140969163,0.7849845289028837,5.726872246696035
1687,2764,2978.718613800877,256,224,0.050000000000000044,42,True,2764,214.7186138008747,2978.718613800877,99.55357142857143,0.788952627519122,5.370535714285714
1688,1064,1057.9365508837964,128,115,0.050000000000000044,42,True,1064,-6.063449116203808,1057.9365508837964,21.73913043478261,0.7662670095081245,5.278260869565218
1689,5244,5532.286559676966,512,359,0.050000000000000044,42,True,5244,288.28655967696545,5532.286559676966,94.42896935933148,0.766907856419289,4.548746518105849
1690,3528,3792.293871703311,256,296,0.050000000000000044,42,True,3528,264.2938717033141,3792.293871703311,98.98648648648648,0.7910127035138835,4.043918918918919
1691,704,886.8064516129036,64,93,0.050000000000000044,42,True,704,182.8064516129032,886.8064516129036,97.84946236559139,0.8006789249764954,6.408602150537634
1692,1156,1139.3911290322578,128,126,0.050000000000000044,42,True,1156,-16.608870967741936,1139.3911290322578,71.42857142857143,0.8129035826013264,5.873015873015873
1693,2096,2331.341192704878,128,196,0.050000000000000044,42,True,2096,235.34119270487844,2331.341192704878,100.0,0.7773466810715376,4.913265306122449
1694,1192,1344.0127088353593,64,135,0.050000000000000044,42,True,1192,152.01270883535935,1344.0127088353593,99.25925925925925,0.7482012376269986,4.548148148148148
1695,252,227.01392263650322,32,51,0.050000000000000044,42,True,252,-24.986077363496726,227.01392263650322,56.86274509803921,0.7727705970515522,5.1568627450980395
1696,1336,1554.7764976958526,128,139,0.050000000000000044,42,True,1336,218.77649769585256,1554.7764976958526,97.84172661870504,0.7876895954548754,6.561151079136691
1697,816,806.106223783188,64,97,0.050000000000000044,42,True,816,-9.893776216812295,806.106223783188,21.649484536082475,0.714200022999267,6.22680412371134
1698,1184,1408.1659897499198,128,125,0.050000000000000044,42,True,1184,224.16598974992087,1408.1659897499198,99.2,0.7929664104804565,5.848
1699,3196,3410.560220198591,256,268,0.050000000000000044,42,True,3196,214.56022019859032,3410.560220198591,99.6268656716418,0.7857813117581167,4.768656716417911
1700,1284,1520.3912477366077,128,130,0.050000000000000044,42,True,1284,236.39124773660774,1520.3912477366077,100.0,0.8312895101854816,5.707692307692308
1701,3340,3605.7970071403233,256,275,0.050000000000000044,42,True,3340,265.7970071403251,3605.7970071403233,99.63636363636364,0.8030282946430966,4.305454545454546
1702,1800,2034.190152513651,128,170,0.050000000000000044,42,True,1800,234.19015251365093,2034.190152513651,99.41176470588235,0.7687565011889862,5.0
1703,2652,2915.971666126331,256,227,0.050000000000000044,42,True,2652,263.9716661263306,2915.971666126331,99.55947136563877,0.7999821935610578,4.4449339207048455
1704,1300,1526.743087087561,128,135,0.050000000000000044,42,True,1300,226.74308708756138,1526.743087087561,97.03703703703704,0.822057203227404,5.977777777777778
1705,1068,1070.6896660739994,64,127,0.050000000000000044,42,True,1068,2.689666073999101,1070.6896660739994,0.0,0.7852437612568526,3.8188976377952755
1706,2448,2432.2563137778193,256,209,0.050000000000000044,42,True,2448,-15.743686222180862,2432.2563137778193,57.41626794258373,0.763067526954956,4.062200956937799
1707,2564,2830.1010660784855,256,212,0.050000000000000044,42,True,2564,266.1010660784854,2830.1010660784855,99.52830188679245,0.7982744519200056,5.136792452830188
1708,4040,4260.903959440841,256,309,0.050000000000000044,42,True,4040,220.9039594408432,4260.903959440841,100.0,0.8564502242644777,4.236245954692556
1709,2280,2496.4876914566257,128,210,0.050000000000000044,42,True,2280,216.4876914566262,2496.4876914566257,98.57142857142857,0.7857136487410045,4.704761904761905
1710,1300,1530.3303804788698,128,136,0.050000000000000044,42,True,1300,230.33038047886987,1530.3303804788698,98.52941176470588,0.8266739103867818,5.904411764705882
1711,1012,1212.3335265172223,64,118,0.050000000000000044,42,True,1012,200.3335265172225,1212.3335265172223,99.15254237288136,0.8441635567693168,4.932203389830509
1712,944,1134.5158676472513,64,113,0.050000000000000044,42,True,944,190.51586764725164,1134.5158676472513,92.03539823008849,0.815258427143984,5.176991150442478
1713,5452,5732.95334278625,512,383,0.050000000000000044,42,True,5452,280.953342786246,5732.95334278625,99.47780678851174,0.7979774255460471,4.075718015665796
1714,3536,3792.407768851191,256,303,0.050000000000000044,42,True,3536,256.40776885118873,3792.407768851191,99.66996699669967,0.8647406000016291,4.250825082508251
1715,3228,3493.5595837122055,256,270,0.050000000000000044,42,True,3228,265.5595837122065,3493.5595837122055,100.0,0.823501675610156,4.722222222222222
1716,2368,2594.358548619841,128,223,0.050000000000000044,42,True,2368,226.35854861983893,2594.358548619841,99.55156950672645,0.8307124494007101,4.273542600896861
1717,2920,2904.6020884665545,256,232,0.050000000000000044,42,True,2920,-15.397911533446447,2904.6020884665545,74.56896551724138,0.8174366223604606,5.168103448275862
1718,2552,2786.341570484366,128,239,0.050000000000000044,42,True,2552,234.3415704843642,2786.341570484366,99.581589958159,0.8125204892074722,4.644351464435147
1719,2844,3042.6014788711173,256,235,0.050000000000000044,42,True,2844,198.60147887111833,3042.6014788711173,98.72340425531915,0.8022065692679533,5.353191489361702
1720,5072,5372.796579127701,512,363,0.050000000000000044,42,True,5072,300.796579127701,5372.796579127701,100.0,0.792947561040326,4.319559228650138
1721,3684,3939.326957443587,256,311,0.050000000000000044,42,True,3684,255.32695744358625,3939.326957443587,99.35691318327974,0.794323060980432,4.327974276527331
1722,1336,1567.4433136985886,128,136,0.050000000000000044,42,True,1336,231.44331369858773,1567.4433136985886,100.0,0.8239657397913313,5.720588235294118
1723,3168,3374.925279235535,256,268,0.050000000000000044,42,True,3168,206.9252792355367,3374.925279235535,99.25373134328358,0.8294247382100686,4.858208955223881
1724,2428,2642.393304626501,256,209,0.050000000000000044,42,True,2428,214.39330462650187,2642.393304626501,99.52153110047847,0.813281451932957,5.641148325358851
1725,1348,1580.7251092501529,128,142,0.050000000000000044,42,True,1348,232.72510925015322,1580.7251092501529,99.29577464788733,0.8118088366785968,4.929577464788732
1726,2780,3035.518516389611,256,226,0.050000000000000044,42,True,2780,255.51851638961057,3035.518516389611,99.5575221238938,0.798129552657235,4.915929203539823
1727,5216,5514.010829801539,512,351,0.050000000000000044,42,True,5216,298.0108298015411,5514.010829801539,100.0,0.8303136379270997,4.897435897435898
1728,1928,2198.179440064411,256,160,0.050000000000000044,42,True,1928,270.1794400644117,2198.179440064411,100.0,0.8482236017439687,4.98125
1729,2432,2695.114302600474,256,205,0.050000000000000044,42,True,2432,263.1143026004728,2695.114302600474,83.90243902439025,0.7736446409538809,4.512195121951219
1730,2768,3026.721148348575,256,225,0.050000000000000044,42,True,2768,258.7211483485738,3026.721148348575,97.77777777777777,0.8058041558406199,5.555555555555555
1731,1296,1294.6212304335058,128,135,0.050000000000000044,42,True,1296,-1.3787695664946078,1294.6212304335058,0.0,0.7169152717477488,4.674074074074074
1732,2908,2896.1222028480106,256,230,0.050000000000000044,42,True,2908,-11.87779715199072,2896.1222028480106,90.0,0.8222769228252812,5.030434782608696
1733,1604,1826.214185352145,128,163,0.050000000000000044,42,True,1604,222.21418535214565,1826.214185352145,99.38650306748467,0.79539187867275,5.220858895705521
1734,2108,2314.087206621377,256,184,0.050000000000000044,42,True,2108,206.0872066213767,2314.087206621377,98.91304347826087,0.853113648038397,5.6521739130434785
1735,2924,3103.3082071514505,256,243,0.050000000000000044,42,True,2924,179.30820715145074,3103.3082071514505,99.58847736625515,0.7960732513405875,5.197530864197531
1736,2496,2483.452734348634,256,206,0.050000000000000044,42,True,2496,-12.547265651367361,2483.452734348634,33.49514563106796,0.7932115872978096,4.048543689320389
1737,2428,2687.0104114793685,256,211,0.050000000000000044,42,True,2428,259.0104114793707,2687.0104114793685,99.0521327014218,0.8104675365700925,5.563981042654029
1738,1176,1370.172624556564,64,141,0.050000000000000044,42,True,1176,194.1726245565645,1370.172624556564,98.58156028368795,0.77858563889338,4.468085106382978
1739,1432,1645.1391492900855,128,148,0.050000000000000044,42,True,1432,213.13914929008496,1645.1391492900855,98.64864864864865,0.7965392657430858,5.966216216216216
1740,1328,1560.8006693380494,128,138,0.050000000000000044,42,True,1328,232.80066933804926,1560.8006693380494,99.27536231884058,0.7736856482055069,6.318840579710145
1741,2872,3120.965028692407,256,236,0.050000000000000044,42,True,2872,248.9650286924063,3120.965028692407,98.72881355932203,0.8219237464024306,5.576271186440678
1742,1944,2173.129880669137,128,186,0.050000000000000044,42,True,1944,229.12988066913815,2173.129880669137,93.01075268817205,0.7778484478525404,5.274193548387097
1743,5452,5753.022082592089,512,383,0.050000000000000044,42,True,5452,301.02208259209186,5753.022082592089,100.0,0.7941655368032119,3.9451697127937337
1744,2968,3233.094751410628,256,247,0.050000000000000044,42,True,2968,265.09475141062495,3233.094751410628,99.59514170040485,0.7903597259596414,5.5425101214574894
1745,3160,3422.513151763064,256,259,0.050000000000000044,42,True,3160,262.51315176306116,3422.513151763064,99.61389961389962,0.8001363140359856,4.424710424710424
1746,5360,5655.574986970166,512,373,0.050000000000000044,42,True,5360,295.5749869701667,5655.574986970166,100.0,0.7828139992221317,5.428954423592494
1747,1792,2007.9244751664105,128,172,0.050000000000000044,42,True,1792,215.92447516641064,2007.9244751664105,98.25581395348837,0.7869312266029662,5.145348837209302
1748,2536,2531.4292035687567,256,215,0.050000000000000044,42,True,2536,-4.5707964312452525,2531.4292035687567,15.813953488372093,0.8535908968852717,4.669767441860465
1749,4520,4818.168093658924,512,301,0.050000000000000044,42,True,4520,298.16809365892874,4818.168093658924,99.66777408637874,0.8188817902548304,4.445182724252492
1750,3264,3532.3971012948705,256,278,0.050000000000000044,42,True,3264,268.3971012948721,3532.3971012948705,99.28057553956835,0.8100269281921885,4.902877697841727
1751,3196,3459.6684769293583,256,264,0.050000000000000044,42,True,3196,263.6684769293589,3459.6684769293583,100.0,0.8112515353577466,4.481060606060606
1752,2804,3068.342286481502,256,244,0.050000000000000044,42,True,2804,264.3422864815031,3068.342286481502,99.18032786885246,0.8048828979223551,4.39344262295082
1753,1600,1793.271451655628,128,158,0.050000000000000044,42,True,1600,193.27145165562663,1793.271451655628,100.0,0.8313752121541563,5.120253164556962
1754,1764,1973.9220129147836,128,167,0.050000000000000044,42,True,1764,209.92201291478267,1973.9220129147836,96.40718562874251,0.8403213311473265,5.18562874251497
1755,5140,5428.366440294281,512,349,0.050000000000000044,42,True,5140,288.3664402942841,5428.366440294281,99.7134670487106,0.8217581036898296,5.025787965616046
1756,2408,2663.9729043924654,256,204,0.050000000000000044,42,True,2408,255.97290439246342,2663.9729043924654,99.01960784313725,0.7958191810989516,5.828431372549019
1757,3340,3583.324719232276,256,272,0.050000000000000044,42,True,3340,243.3247192322764,3583.324719232276,91.91176470588235,0.7983971474127192,3.6875
1758,1536,1767.955814879704,128,157,0.050000000000000044,42,True,1536,231.95581487970358,1767.955814879704,100.0,0.8469689595236919,6.1847133757961785
1759,2092,2301.1119969190804,128,197,0.050000000000000044,42,True,2092,209.1119969190805,2301.1119969190804,97.96954314720813,0.7979281943492812,5.49746192893401
1760,3428,3693.798005578064,256,273,0.050000000000000044,42,True,3428,265.79800557806664,3693.798005578064,99.63369963369964,0.772788711367233,4.329670329670329
1761,3244,3509.924349408873,256,271,0.050000000000000044,42,True,3244,265.92434940887324,3509.924349408873,100.0,0.8148285993539454,5.169741697416974
1762,1628,1861.0731748726657,128,168,0.050000000000000044,42,True,1628,233.07317487266553,1861.0731748726657,98.80952380952381,0.8438456266597816,5.892857142857143
1763,1556,1560.1055340822884,128,161,0.050000000000000044,42,True,1556,4.10553408228877,1560.1055340822884,0.0,0.8129569811585797,4.366459627329193
1764,1556,1772.4240437762662,128,155,0.050000000000000044,42,True,1556,216.4240437762659,1772.4240437762662,98.06451612903226,0.7885737253715539,6.367741935483871
1765,3352,3347.913728751229,256,281,0.050000000000000044,42,True,3352,-4.08627124877186,3347.913728751229,86.83274021352314,0.7817550258966239,4.690391459074733
1766,3176,3388.9461548424083,256,262,0.050000000000000044,42,True,3176,212.94615484241007,3388.9461548424083,99.61832061068702,0.8019110330237516,4.2251908396946565
1767,1796,2020.2880591065682,128,184,0.050000000000000044,42,True,1796,224.28805910656837,2020.2880591065682,99.45652173913044,0.793482615087865,5.342391304347826
1768,3288,3507.6942136328776,256,280,0.050000000000000044,42,True,3288,219.69421363287756,3507.6942136328776,95.0,0.8297030803907884,4.635714285714286
1769,2740,2998.7904147809045,256,233,0.050000000000000044,42,True,2740,258.7904147809041,2998.7904147809045,99.14163090128756,0.8218730655053411,5.725321888412017
1770,2060,2285.500511131304,128,194,0.050000000000000044,42,True,2060,225.50051113130394,2285.500511131304,14.43298969072165,0.7542600165866128,3.6752577319587627
1771,3188,3452.6795662528293,256,264,0.050000000000000044,42,True,3188,264.6795662528293,3452.6795662528293,92.04545454545455,0.7788910466500596,5.545454545454546
1772,1808,2033.3308611928092,128,186,0.050000000000000044,42,True,1808,225.3308611928111,2033.3308611928092,99.46236559139786,0.79206666074462,5.553763440860215
1773,1116,1342.8789617445775,128,122,0.050000000000000044,42,True,1116,226.87896174457788,1342.8789617445775,99.18032786885246,0.7979913586837758,7.016393442622951
1774,3208,3421.8142386595546,256,267,0.050000000000000044,42,True,3208,213.8142386595539,3421.8142386595546,99.62546816479401,0.8206891563914395,4.895131086142322
1775,2064,2048.4083713550463,256,167,0.050000000000000044,42,True,2064,-15.591628644952587,2048.4083713550463,58.08383233532934,0.7605391397544101,5.431137724550898
1776,5628,5916.314467768592,512,395,0.050000000000000044,42,True,5628,288.3144677685885,5916.314467768592,97.46835443037975,0.8071054223407939,4.746835443037975
1777,708,690.3253212555301,64,94,0.050000000000000044,42,True,708,-17.67467874447019,690.3253212555301,43.61702127659574,0.7704288229278388,5.074468085106383
1778,2724,2984.442532962231,256,239,0.050000000000000044,42,True,2724,260.44253296223104,2984.442532962231,99.16317991631799,0.8028852518582981,4.794979079497908
1779,2916,3128.5091662259847,256,235,0.050000000000000044,42,True,2916,212.5091662259827,3128.5091662259847,99.57446808510639,0.772415684788842,5.872340425531915
1780,1856,1841.632349540034,128,188,0.050000000000000044,42,True,1856,-14.367650459966514,1841.632349540034,43.08510638297872,0.7258871809657251,4.803191489361702
1781,5324,5612.221678084505,512,364,0.050000000000000044,42,True,5324,288.22167808450354,5612.221678084505,98.62637362637362,0.7770078328582166,4.802197802197802
1782,620,613.3762116881354,64,85,0.050000000000000044,42,True,620,-6.623788311865042,613.3762116881354,36.470588235294116,0.7463275973823044,4.952941176470588
1783,1152,1366.8107103254486,128,125,0.050000000000000044,42,True,1152,214.81071032544858,1366.8107103254486,80.8,0.783721919369411,5.928
1784,4900,5197.170705397058,512,337,0.050000000000000044,42,True,4900,297.1707053970555,5197.170705397058,100.0,0.8180524589825544,4.275964391691395
1785,1548,1782.8707102195726,128,158,0.050000000000000044,42,True,1548,234.8707102195717,1782.8707102195726,100.0,0.800889483554277,4.3164556962025316
1786,1540,1532.8088031213508,128,158,0.050000000000000044,42,True,1540,-7.191196878649524,1532.8088031213508,44.30379746835443,0.7487335017017569,3.2151898734177213
1787,972,1209.0107408720307,128,103,0.050000000000000044,42,True,972,237.01074087203116,1209.0107408720307,100.0,0.819964078089474,6.815533980582524
1788,1408,1629.2498238859991,128,149,0.050000000000000044,42,True,1408,221.24982388599918,1629.2498238859991,98.65771812080537,0.8029773614535413,5.073825503355705
1789,688,673.2647565899916,64,92,0.050000000000000044,42,True,688,-14.73524341000864,673.2647565899916,44.56521739130435,0.7493593226068674,5.195652173913044
1790,1048,1242.165734030706,64,126,0.050000000000000044,42,True,1048,194.1657340307058,1242.165734030706,96.82539682539682,0.793519437146888,5.26984126984127
1791,1136,1129.33488290619,128,122,0.050000000000000044,42,True,1136,-6.665117093809787,1129.33488290619,69.67213114754098,0.7859728961583897,6.418032786885246
1792,6328,6625.658500302461,512,428,0.050000000000000044,42,True,6328,297.6585003024579,6625.658500302461,99.76635514018692,0.807531801874575,4.4672897196261685
1793,2180,2442.0752902748977,256,180,0.050000000000000044,42,True,2180,262.0752902748969,2442.0752902748977,100.0,0.798329427440471,5.9222222222222225
1794,1332,1324.6251595415727,128,138,0.050000000000000044,42,True,1332,-7.374840458427087,1324.6251595415727,24.63768115942029,0.7319735241214684,4.108695652173913
1795,836,826.921052631579,64,109,0.050000000000000044,42,True,836,-9.078947368421066,826.921052631579,29.357798165137616,0.7499131921814627,4.5504587155963305
1796,1444,1676.3930360862464,128,156,0.050000000000000044,42,True,1444,232.39303608624667,1676.3930360862464,98.71794871794872,0.7850860193271414,6.205128205128205
1797,2848,3113.336583638824,256,232,0.050000000000000044,42,True,2848,265.33658363882444,3113.336583638824,100.0,0.7936798341353428,4.698275862068965
1798,2640,2905.647387666349,256,229,0.050000000000000044,42,True,2640,265.64738766634883,2905.647387666349,99.56331877729258,0.8124019816054248,4.406113537117904
1799,2604,2825.8955306217854,256,220,0.050000000000000044,42,True,2604,221.8955306217859,2825.8955306217854,100.0,0.7742973133381311,5.968181818181818
1800,1772,2002.775508573089,128,174,0.050000000000000044,42,True,1772,230.7755085730892,2002.775508573089,14.942528735632184,0.6986574997130243,4.172413793103448
1801,1388,1573.7836330125706,128,147,0.050000000000000044,42,True,1388,185.78363301257139,1573.7836330125706,99.31972789115646,0.7635755405667033,5.755102040816326
1802,3436,3682.688221501712,256,270,0.050000000000000044,42,True,3436,246.68822150171272,3682.688221501712,98.51851851851852,0.7858029421172178,4.362962962962963
1803,3568,3818.5791435209712,256,300,0.050000000000000044,42,True,3568,250.57914352097143,3818.5791435209712,99.0,0.7893753900325509,4.93
1804,2540,2804.384729994046,256,216,0.050000000000000044,42,True,2540,264.3847299940451,2804.384729994046,100.0,0.7812698900934427,4.851851851851852
1805,5676,5890.115106254331,512,402,0.050000000000000044,42,True,5676,214.1151062543304,5890.115106254331,99.75124378109453,0.7771259516753659,5.445273631840796
1806,3160,3418.793492682432,256,258,0.050000000000000044,42,True,3160,258.79349268243277,3418.793492682432,99.6124031007752,0.77449535205811,4.624031007751938
1807,4968,5256.310620783635,512,329,0.050000000000000044,42,True,4968,288.3106207836357,5256.310620783635,99.3920972644377,0.7956565438325831,4.954407294832826
1808,928,1130.1588592099454,64,110,0.050000000000000044,42,True,928,202.1588592099462,1130.1588592099454,99.0909090909091,0.7668599604673567,5.8090909090909095
1809,2544,2726.82981410451,128,243,0.050000000000000044,42,True,2544,182.8298141045099,2726.82981410451,99.58847736625515,0.8067722920223798,5.102880658436214
1810,1156,1355.493981976821,64,130,0.050000000000000044,42,True,1156,199.49398197682095,1355.493981976821,98.46153846153847,0.7448206378894421,5.030769230769231
1811,1220,1453.0185097012254,128,134,0.050000000000000044,42,True,1220,233.01850970122607,1453.0185097012254,100.0,0.7837774858247961,5.932835820895522
1812,1136,1076.867655913979,128,123,0.050000000000000044,42,True,1136,-59.132344086021476,1076.867655913979,39.02439024390244,0.7486448313762823,5.6016260162601625
1813,2432,2682.6075127566764,256,212,0.050000000000000044,42,True,2432,250.60751275667846,2682.6075127566764,98.58490566037736,0.8320937686817108,5.169811320754717
1814,744,734.918193165139,64,98,0.050000000000000044,42,True,744,-9.081806834860805,734.918193165139,1.0204081632653061,0.7306992288603263,5.295918367346939
1815,2996,3262.1576390086802,256,248,0.050000000000000044,42,True,2996,266.1576390086826,3262.1576390086802,99.59677419354838,0.79449004324557,4.778225806451613
1816,2888,3154.687576982361,256,239,0.050000000000000044,42,True,2888,266.6875769823608,3154.687576982361,95.81589958158996,0.7657349475981913,4.581589958158996
1817,3176,3431.633814939323,256,264,0.050000000000000044,42,True,3176,255.63381493932235,3431.633814939323,99.62121212121212,0.7744974433572588,5.098484848484849
1818,1804,2040.8242397436652,128,176,0.050000000000000044,42,True,1804,236.82423974366534,2040.8242397436652,43.75,0.7864633008191272,4.3977272727272725
1819,1432,1658.9390681003586,128,147,0.050000000000000044,42,True,1432,226.9390681003584,1658.9390681003586,99.31972789115646,0.7710966543057567,5.408163265306122
1820,1688,1675.193149595501,128,171,0.050000000000000044,42,True,1688,-12.806850404499555,1675.193149595501,19.29824561403509,0.7172065528959847,2.982456140350877
1821,3144,3369.02518392756,256,262,0.050000000000000044,42,True,3144,225.02518392756087,3369.02518392756,100.0,0.80631298093148,5.156488549618321
1822,1304,1289.2993431085047,128,134,0.050000000000000044,42,True,1304,-14.700656891495589,1289.2993431085047,8.955223880597014,0.7235505321483758,5.186567164179104
1823,2964,2957.8177090190907,256,253,0.050000000000000044,42,True,2964,-6.182290980908469,2957.8177090190907,53.359683794466406,0.7616426655048901,4.762845849802371
1824,572,756.5980570033345,64,78,0.050000000000000044,42,True,572,184.59805700333382,756.5980570033345,94.87179487179488,0.7987039853245478,6.82051282051282
1825,2860,3116.138518989355,256,236,0.050000000000000044,42,True,2860,256.13851898935326,3116.138518989355,99.57627118644068,0.7892950744211372,5.322033898305085
1826,7408,7657.7987554752135,512,529,0.050000000000000044,42,True,7408,249.7987554752138,7657.7987554752135,100.0,0.7895514313991167,4.11531190926276
1827,4144,4410.217649778935,256,323,0.050000000000000044,42,True,4144,266.2176497789333,4410.217649778935,99.69040247678019,0.781372332605638,4.006191950464396
1828,1144,1378.7509831423602,128,124,0.050000000000000044,42,True,1144,234.7509831423605,1378.7509831423602,98.38709677419355,0.8195382935009714,6.169354838709677
1829,7048,7328.178734807655,512,485,0.050000000000000044,42,True,7048,280.17873480765854,7328.178734807655,99.58762886597938,0.7933109689012627,4.25979381443299
1830,464,629.2036712902159,32,77,0.050000000000000044,42,True,464,165.2036712902158,629.2036712902159,67.53246753246754,0.8018639033547336,6.259740259740259
1831,2268,2526.545111048254,256,192,0.050000000000000044,42,True,2268,258.54511104825207,2526.545111048254,98.95833333333333,0.7987652530061888,4.96875
1832,4584,4882.119631949731,512,312,0.050000000000000044,42,True,4584,298.1196319497297,4882.119631949731,100.0,0.7921793632534728,5.3493589743589745
1833,5392,5682.8788980763375,512,380,0.050000000000000044,42,True,5392,290.8788980763397,5682.8788980763375,99.47368421052632,0.8203793305409972,3.8947368421052633
1834,3492,3750.858657336855,256,278,0.050000000000000044,42,True,3492,258.85865733685466,3750.858657336855,97.12230215827338,0.8250215440310384,5.338129496402877
1835,1876,2099.8119815668197,128,182,0.050000000000000044,42,True,1876,223.81198156682026,2099.8119815668197,98.35164835164835,0.7827453702136125,4.851648351648351
1836,3576,3836.5241810859943,256,297,0.050000000000000044,42,True,3576,260.52418108599323,3836.5241810859943,98.98989898989899,0.8066894256473406,5.084175084175084
1837,2244,2477.2070299081242,128,215,0.050000000000000044,42,True,2244,233.20702990812478,2477.2070299081242,99.53488372093024,0.7872145823002021,4.869767441860465
1838,3296,3562.87055483871,256,276,0.050000000000000044,42,True,3296,266.8705548387096,3562.87055483871,100.0,0.8059656584996171,4.322463768115942
1839,3372,3628.4880722114763,256,280,0.050000000000000044,42,True,3372,256.48807221147644,3628.4880722114763,99.28571428571429,0.8084616099332703,4.875
1840,4656,4952.031091283461,512,318,0.050000000000000044,42,True,4656,296.03109128345915,4952.031091283461,99.68553459119497,0.7886781741222398,4.839622641509434
1841,3516,3774.1574117947684,256,291,0.050000000000000044,42,True,3516,258.1574117947708,3774.1574117947684,99.3127147766323,0.7823255549514062,4.498281786941581
1842,3484,3751.155785959011,256,291,0.050000000000000044,42,True,3484,267.15578595901286,3751.155785959011,100.0,0.8177090144344278,5.168384879725086
1843,1640,1871.6929685222974,128,163,0.050000000000000044,42,True,1640,231.6929685222967,1871.6929685222974,98.15950920245399,0.7796064505504025,4.601226993865031
1844,2920,2911.1463585483352,256,235,0.050000000000000044,42,True,2920,-8.853641451663627,2911.1463585483352,18.72340425531915,0.7397860853330799,3.527659574468085
1845,3584,3849.995618165737,256,285,0.050000000000000044,42,True,3584,265.99561816574044,3849.995618165737,99.64912280701755,0.8088555965987074,4.866666666666666
1846,5496,5709.288725243848,512,372,0.050000000000000044,42,True,5496,213.28872524384892,5709.288725243848,99.73118279569893,0.8138583936805691,4.206989247311828
1847,1360,1583.2168986042489,128,142,0.050000000000000044,42,True,1360,223.21689860424812,1583.2168986042489,96.47887323943662,0.8091455572517331,6.098591549295775
1848,3300,3548.3576429821737,256,271,0.050000000000000044,42,True,3300,248.35764298217413,3548.3576429821737,94.4649446494465,0.8400976415961888,5.343173431734317
1849,6736,7035.168111039228,512,464,0.050000000000000044,42,True,6736,299.1681110392211,7035.168111039228,99.78448275862068,0.8414835872788747,4.566810344827586
1850,3384,3649.5712061711074,256,272,0.050000000000000044,42,True,3384,265.571206171108,3649.5712061711074,99.63235294117646,0.8081170215836457,4.852941176470588
1851,3064,3329.2711741737835,256,251,0.050000000000000044,42,True,3064,265.2711741737827,3329.2711741737835,99.20318725099601,0.8257068131281704,4.390438247011952
1852,1116,1331.1563794628307,128,118,0.050000000000000044,42,True,1116,215.15637946283107,1331.1563794628307,98.30508474576271,0.825007474335791,6.4491525423728815
1853,1588,1819.056214504133,128,168,0.050000000000000044,42,True,1588,231.0562145041327,1819.056214504133,100.0,0.8017547626649572,5.005952380952381
1854,1364,1358.0352794322898,128,142,0.050000000000000044,42,True,1364,-5.964720567710506,1358.0352794322898,60.563380281690144,0.796362653745821,5.626760563380282
1855,3344,3600.7622311028963,256,272,0.050000000000000044,42,True,3344,256.7622311028952,3600.7622311028963,98.52941176470588,0.8102905745562258,5.264705882352941
1856,1432,1650.8042798248966,128,148,0.050000000000000044,42,True,1432,218.80427982489695,1650.8042798248966,98.64864864864865,0.7917517793121324,6.168918918918919
1857,3272,3522.0932898431633,256,270,0.050000000000000044,42,True,3272,250.09328984316144,3522.0932898431633,81.11111111111111,0.8064948636948724,5.003703703703704
1858,5416,5713.518092187268,512,385,0.050000000000000044,42,True,5416,297.5180921872663,5713.518092187268,99.48051948051948,0.8366561419923318,4.3662337662337665
1859,2224,2438.4938180993645,256,179,0.050000000000000044,42,True,2224,214.4938180993639,2438.4938180993645,99.44134078212291,0.825258484790107,5.709497206703911
1860,6452,6732.680590696202,512,442,0.050000000000000044,42,True,6452,280.68059069619454,6732.680590696202,99.32126696832579,0.7900104494870087,4.233031674208145
1861,2232,2455.626664106502,256,193,0.050000000000000044,42,True,2232,223.62666410650283,2455.626664106502,100.0,0.8129188439000951,5.0880829015544045
1862,2752,3018.12733537255,256,222,0.050000000000000044,42,True,2752,266.1273353725514,3018.12733537255,99.54954954954955,0.8031761760524839,5.5
1863,3148,3360.865474219144,256,263,0.050000000000000044,42,True,3148,212.8654742191427,3360.865474219144,99.61977186311788,0.7948168616352743,5.802281368821292
1864,1468,1461.738104053956,128,151,0.050000000000000044,42,True,1468,-6.26189594604379,1461.738104053956,85.43046357615894,0.7731914301511004,4.695364238410596
1865,5484,5777.574213699866,512,386,0.050000000000000044,42,True,5484,293.57421369987316,5777.574213699866,100.0,0.8043206838246915,4.246113989637306
1866,2400,2626.8681503431544,128,210,0.050000000000000044,42,True,2400,226.86815034315455,2626.8681503431544,81.9047619047619,0.7840267413163959,3.7
1867,2988,3245.150948601022,256,238,0.050000000000000044,42,True,2988,257.1509486010246,3245.150948601022,99.15966386554622,0.8105924743053172,5.42436974789916
1868,3396,3662.1176872972583,256,281,0.050000000000000044,42,True,3396,266.11768729725776,3662.1176872972583,99.644128113879,0.7991534144882925,4.736654804270462
1869,3160,3424.237167355049,256,263,0.050000000000000044,42,True,3160,264.2371673550478,3424.237167355049,99.23954372623574,0.8036217714252487,5.152091254752852
1870,1424,1655.5192833886804,128,146,0.050000000000000044,42,True,1424,231.51928338868004,1655.5192833886804,100.0,0.8132747654832361,5.527397260273973
1871,1580,1814.1320370819515,128,167,0.050000000000000044,42,True,1580,234.13203708195218,1814.1320370819515,100.0,0.8127056309347735,5.041916167664671
1872,964,1199.6674284967996,128,100,0.050000000000000044,42,True,964,235.6674284968003,1199.6674284967996,99.0,0.804728926824878,6.13
1873,2852,3099.245263345116,256,234,0.050000000000000044,42,True,2852,247.24526334511665,3099.245263345116,97.86324786324786,0.799084519621078,4.965811965811966
1874,3324,3593.9840225665657,256,279,0.050000000000000044,42,True,3324,269.9840225665681,3593.9840225665657,99.2831541218638,0.8149072158942843,4.688172043010753
1875,2184,2441.939817948071,256,186,0.050000000000000044,42,True,2184,257.9398179480738,2441.939817948071,98.9247311827957,0.8318514862811226,4.537634408602151
1876,3840,4106.523360488092,256,312,0.050000000000000044,42,True,3840,266.5233604880896,4106.523360488092,99.67948717948718,0.7769715375964082,3.423076923076923
1877,3280,3536.369378075978,256,278,0.050000000000000044,42,True,3280,256.36937807597843,3536.369378075978,99.64028776978417,0.8172325132898631,4.719424460431655
1878,5752,6035.346794500906,512,414,0.050000000000000044,42,True,5752,283.3467945009042,6035.346794500906,97.82608695652173,0.81658866851665,4.144927536231884
1879,460,455.01436377542467,32,75,0.050000000000000044,42,True,460,-4.985636224575371,455.01436377542467,37.333333333333336,0.7530935942994785,6.533333333333333
1880,1312,1539.8800963872375,128,134,0.050000000000000044,42,True,1312,227.88009638723747,1539.8800963872375,97.76119402985074,0.8367670054857363,5.835820895522388
1881,972,1174.257143823956,64,116,0.050000000000000044,42,True,972,202.25714382395662,1174.257143823956,96.55172413793103,0.8090521525820598,5.0344827586206895
1882,3196,3460.175052734474,256,268,0.050000000000000044,42,True,3196,264.17505273447546,3460.175052734474,99.6268656716418,0.7986332069492268,5.406716417910448
1883,1428,1657.062751578492,128,146,0.050000000000000044,42,True,1428,229.06275157849248,1657.062751578492,98.63013698630137,0.8449939044608266,5.863013698630137
1884,2820,3068.4430740037947,256,235,0.050000000000000044,42,True,2820,248.44307400379503,3068.4430740037947,99.14893617021276,0.807333339916254,5.595744680851064
1885,6000,6300.039692802593,512,399,0.050000000000000044,42,True,6000,300.03969280259395,6300.039692802593,99.49874686716792,0.7800727462775284,4.9072681704260654
1886,3144,3412.5562703878227,256,255,0.050000000000000044,42,True,3144,268.55627038782166,3412.5562703878227,99.6078431372549,0.8148447263159708,4.52156862745098
1887,3168,3424.058126754592,256,266,0.050000000000000044,42,True,3168,256.05812675459504,3424.058126754592,99.62406015037594,0.8188133809081143,4.176691729323308
1888,1008,1206.315190305513,64,121,0.050000000000000044,42,True,1008,198.3151903055129,1206.315190305513,100.0,0.7989628297436446,5.289256198347108
1889,1144,1337.2669868631913,128,124,0.050000000000000044,42,True,1144,193.26698686319068,1337.2669868631913,100.0,0.8064431194210359,5.532258064516129
1890,2020,2285.6693103702783,256,167,0.050000000000000044,42,True,2020,265.66931037027985,2285.6693103702783,100.0,0.8103534491427434,5.934131736526946
1891,1300,1532.3944620548202,128,131,0.050000000000000044,42,True,1300,232.39446205482008,1532.3944620548202,98.47328244274809,0.8129409525876394,4.809160305343512
1892,1248,1233.8283830391558,128,137,0.050000000000000044,42,True,1248,-14.171616960843973,1233.8283830391558,51.824817518248175,0.7558219141463113,6.021897810218978
1893,2648,2905.800799657292,256,223,0.050000000000000044,42,True,2648,257.80079965728976,2905.800799657292,96.41255605381166,0.8447494594605047,4.883408071748879
1894,3440,3702.1968840682007,256,285,0.050000000000000044,42,True,3440,262.19688406819904,3702.1968840682007,99.29824561403508,0.8347788894923288,4.3578947368421055
1895,304,474.8956760466714,32,58,0.050000000000000044,42,True,304,170.89567604667124,474.8956760466714,98.27586206896552,0.809725938085399,5.706896551724138
1896,3600,3822.951679518617,256,302,0.050000000000000044,42,True,3600,222.95167951861615,3822.951679518617,100.0,0.8173405621788292,4.281456953642384
1897,612,595.1545946225216,64,83,0.050000000000000044,42,True,612,-16.845405377478205,595.1545946225216,87.95180722891567,0.8323136138040698,5.192771084337349
1898,5492,5742.426859018424,512,387,0.050000000000000044,42,True,5492,250.4268590184294,5742.426859018424,100.0,0.8035905524327787,4.118863049095607
1899,2324,2572.5016412597497,256,191,0.050000000000000044,42,True,2324,248.5016412597484,2572.5016412597497,98.95287958115183,0.7974236957229437,5.209424083769633
1900,2288,2546.6617170829686,256,191,0.050000000000000044,42,True,2288,258.6617170829673,2546.6617170829686,99.47643979057591,0.8099829370190976,5.0942408376963355
1901,1556,1772.749444024118,128,164,0.050000000000000044,42,True,1556,216.74944402411901,1772.749444024118,98.78048780487805,0.8023545969041975,5.548780487804878
1902,3380,3640.3931355576287,256,280,0.050000000000000044,42,True,3380,260.3931355576271,3640.3931355576287,98.92857142857143,0.7954834101545124,5.485714285714286
1903,1360,1579.450164565853,128,139,0.050000000000000044,42,True,1360,219.45016456585398,1579.450164565853,96.40287769784173,0.8553256385998764,6.086330935251799
1904,2804,3069.7229795846642,256,229,0.050000000000000044,42,True,2804,265.722979584668,3069.7229795846642,99.56331877729258,0.830537064760113,4.925764192139738
1905,2228,2494.1042402130624,256,186,0.050000000000000044,42,True,2228,266.10424021306153,2494.1042402130624,99.46236559139786,0.8221430312887442,5.231182795698925
1906,3208,3469.322462002279,256,265,0.050000000000000044,42,True,3208,261.3224620022783,3469.322462002279,99.62264150943396,0.8071007492584348,5.211320754716981
1907,2196,2452.7552111990267,256,180,0.050000000000000044,42,True,2196,256.7552111990262,2452.7552111990267,98.88888888888889,0.8083429225678159,5.75
1908,2900,3170.1593432505965,256,237,0.050000000000000044,42,True,2900,270.15934325059965,3170.1593432505965,98.73417721518987,0.793829799170832,4.510548523206751
1909,3032,3291.8191897313886,256,254,0.050000000000000044,42,True,3032,259.81918973138994,3291.8191897313886,99.21259842519684,0.8227439437196604,4.858267716535433
1910,2468,2723.733899067101,256,211,0.050000000000000044,42,True,2468,255.73389906710128,2723.733899067101,99.5260663507109,0.808793382623008,4.7156398104265405
1911,1608,1841.6259346293527,128,169,0.050000000000000044,42,True,1608,233.6259346293527,1841.6259346293527,99.40828402366864,0.8082408139012855,4.124260355029586
1912,3104,3371.9855405081184,256,257,0.050000000000000044,42,True,3104,267.9855405081162,3371.9855405081184,99.22178988326849,0.8122644904870447,4.992217898832685
1913,2400,2662.888250468283,256,198,0.050000000000000044,42,True,2400,262.8882504682831,2662.888250468283,99.4949494949495,0.8113586321512921,5.146464646464646
1914,956,1161.3744491709267,64,112,0.050000000000000044,42,True,956,205.37444917092645,1161.3744491709267,99.10714285714286,0.8150863409891957,3.9642857142857144
1915,2140,2374.100632813705,128,199,0.050000000000000044,42,True,2140,234.10063281370583,2374.100632813705,99.49748743718592,0.8088081764466176,4.371859296482412
1916,264,254.90728157431562,32,50,0.050000000000000044,42,True,264,-9.092718425684383,254.90728157431562,86.0,0.7982641347630052,5.78
1917,2952,3210.083445000053,256,240,0.050000000000000044,42,True,2952,258.08344500005444,3210.083445000053,99.58333333333333,0.7905575434190556,5.275
1918,1544,1779.365985414951,128,163,0.050000000000000044,42,True,1544,235.36598541495007,1779.365985414951,100.0,0.8300696118124764,4.938650306748467
1919,1288,1514.1194139471493,128,138,0.050000000000000044,42,True,1288,226.11941394714924,1514.1194139471493,92.7536231884058,0.8061127222029065,5.818840579710145
1920,3188,3454.921627488891,256,265,0.050000000000000044,42,True,3188,266.92162748889115,3454.921627488891,99.62264150943396,0.8265517904120567,4.350943396226415
1921,3476,3740.986787688828,256,290,0.050000000000000044,42,True,3476,264.986787688825,3740.986787688828,100.0,0.8347717185089514,4.531034482758621
1922,1268,1494.7484045771064,128,134,0.050000000000000044,42,True,1268,226.74840457710675,1494.7484045771064,97.76119402985074,0.8272171540191463,5.134328358208955
1923,1316,1507.2633720796941,128,134,0.050000000000000044,42,True,1316,191.26337207969368,1507.2633720796941,100.0,0.837182825192695,6.156716417910448
1924,5560,5858.86219581211,512,392,0.050000000000000044,42,True,5560,298.86219581211094,5858.86219581211,100.0,0.84276122468901,4.130102040816326
1925,1388,1615.1849691146185,128,143,0.050000000000000044,42,True,1388,227.18496911461907,1615.1849691146185,81.81818181818181,0.8049227820714379,4.405594405594406
1926,2508,2773.6521575545003,256,207,0.050000000000000044,42,True,2508,265.6521575545,2773.6521575545003,99.51690821256038,0.8090539676352128,5.72463768115942
1927,2156,2383.716060874255,128,203,0.050000000000000044,42,True,2156,227.71606087425357,2383.716060874255,99.01477832512315,0.798252596132824,5.25615763546798
1928,964,1198.2003464857796,128,101,0.050000000000000044,42,True,964,234.2003464857798,1198.2003464857796,99.00990099009901,0.848004814911036,6.8316831683168315
1929,3448,3715.025402462018,256,286,0.050000000000000044,42,True,3448,267.02540246202034,3715.025402462018,99.65034965034965,0.8236465167701685,3.839160839160839
1930,2648,2916.1128191639077,256,212,0.050000000000000044,42,True,2648,268.11281916390794,2916.1128191639077,100.0,0.7954183473194893,5.160377358490566
1931,1900,2116.832350261625,128,184,0.050000000000000044,42,True,1900,216.83235026162396,2116.832350261625,98.91304347826087,0.8238896903189448,5.201086956521739
1932,4108,4358.331121881453,256,313,0.050000000000000044,42,True,4108,250.3311218814556,4358.331121881453,99.04153354632588,0.8338596301791878,4.31629392971246
1933,3644,3892.235515892077,256,305,0.050000000000000044,42,True,3644,248.23551589207605,3892.235515892077,91.47540983606558,0.8043856439488006,3.577049180327869
1934,3064,3331.8567484373525,256,262,0.050000000000000044,42,True,3064,267.85674843735273,3331.8567484373525,99.61832061068702,0.8480475274431538,4.305343511450381
1935,7164,7452.517842903736,512,491,0.050000000000000044,42,True,7164,288.5178429037436,7452.517842903736,99.79633401221996,0.7996390973711743,4.024439918533605
1936,2924,3188.000288892329,256,244,0.050000000000000044,42,True,2924,264.0002888923268,3188.000288892329,100.0,0.8167629687066749,5.086065573770492
1937,1528,1522.957655846577,128,158,0.050000000000000044,42,True,1528,-5.042344153423448,1522.957655846577,25.949367088607595,0.7712746528764979,3.981012658227848
1938,468,612.5630824372763,32,71,0.050000000000000044,42,True,468,144.563082437276,612.5630824372763,84.50704225352112,0.7878612576559906,5.52112676056338
1939,2400,2667.6572782333324,256,208,0.050000000000000044,42,True,2400,267.6572782333321,2667.6572782333324,99.51923076923077,0.8247990574605334,4.956730769230769
1940,1412,1568.3293996822078,128,146,0.050000000000000044,42,True,1412,156.32939968220748,1568.3293996822078,100.0,0.8211486539110646,5.609589041095891
1941,3032,3295.066853686973,256,245,0.050000000000000044,42,True,3032,263.0668536869717,3295.066853686973,100.0,0.8058726772741778,5.351020408163265
1942,2184,2448.056172984852,256,187,0.050000000000000044,42,True,2184,264.0561729848521,2448.056172984852,100.0,0.8226894882677503,4.566844919786096
1943,5264,5563.238445267051,512,357,0.050000000000000044,42,True,5264,299.23844526705443,5563.238445267051,99.71988795518207,0.8394277207113788,4.42296918767507
1944,2464,2730.5647479929285,256,212,0.050000000000000044,42,True,2464,266.5647479929281,2730.5647479929285,99.05660377358491,0.8356359948535741,4.882075471698113
1945,1208,1211.2052968417709,128,126,0.050000000000000044,42,True,1208,3.205296841770515,1211.2052968417709,0.0,0.8004249024655204,3.507936507936508
1946,2324,2582.573596176822,256,195,0.050000000000000044,42,True,2324,258.57359617682204,2582.573596176822,97.94871794871794,0.841098095123894,5.4974358974358974
1947,2404,2670.4192157539824,256,209,0.050000000000000044,42,True,2404,266.41921575398305,2670.4192157539824,98.56459330143541,0.8409890154967428,5.100478468899522
1948,2708,2959.364063150533,256,238,0.050000000000000044,42,True,2708,251.36406315053208,2959.364063150533,75.21008403361344,0.8510260201212414,4.542016806722689
1949,1656,1893.8799834574027,128,176,0.050000000000000044,42,True,1656,237.8799834574028,1893.8799834574027,99.43181818181819,0.8107214963279167,4.784090909090909
1950,2880,3146.1653109736835,256,238,0.050000000000000044,42,True,2880,266.16531097368465,3146.1653109736835,100.0,0.8254623941295738,4.701680672268908
1951,1424,1657.006216787096,128,145,0.050000000000000044,42,True,1424,233.00621678709518,1657.006216787096,97.93103448275862,0.8368801864475909,5.689655172413793
1952,788,789.7464269118444,64,105,0.050000000000000044,42,True,788,1.7464269118445053,789.7464269118444,0.0,0.7602557707137276,4.466666666666667
1953,2624,2845.780520052705,256,220,0.050000000000000044,42,True,2624,221.78052005270354,2845.780520052705,100.0,0.836389683669224,5.572727272727272
1954,740,941.3195469920108,64,98,0.050000000000000044,42,True,740,201.31954699201114,941.3195469920108,98.9795918367347,0.7950530283341024,6.357142857142857
1955,2748,3006.2538969936827,256,235,0.050000000000000044,42,True,2748,258.2538969936821,3006.2538969936827,99.14893617021276,0.8239579576461318,4.863829787234042
1956,6328,6627.136669211332,512,427,0.050000000000000044,42,True,6328,299.1366692113315,6627.136669211332,99.76580796252928,0.8133552110713714,4.646370023419204
1957,3448,3669.634607726006,256,284,0.050000000000000044,42,True,3448,221.63460772600558,3669.634607726006,100.0,0.8334877812145787,4.929577464788732
1958,5224,5521.871368052098,512,364,0.050000000000000044,42,True,5224,297.87136805209707,5521.871368052098,100.0,0.8029768095502877,4.5467032967032965
1959,344,515.5883309741984,32,57,0.050000000000000044,42,True,344,171.5883309741985,515.5883309741984,61.40350877192982,0.7663107882085394,4.9298245614035086
1960,2460,2724.5221614342927,256,208,0.050000000000000044,42,True,2460,264.52216143429393,2724.5221614342927,99.51923076923077,0.800963041188691,4.836538461538462
1961,5052,5350.297668987449,512,348,0.050000000000000044,42,True,5052,298.29766898744987,5350.297668987449,99.71264367816092,0.8384898354873499,5.419540229885057
1962,3140,3405.080398425262,256,261,0.050000000000000044,42,True,3140,265.0803984252614,3405.080398425262,99.61685823754789,0.7981456379416273,4.53639846743295
1963,964,1164.1273888280211,64,111,0.050000000000000044,42,True,964,200.1273888280211,1164.1273888280211,100.0,0.845630449841783,6.135135135135135
1964,2144,2369.081840827002,128,201,0.050000000000000044,42,True,2144,225.0818408270021,2369.081840827002,57.711442786069654,0.795398528964246,4.303482587064677
1965,980,1173.5748160724393,64,115,0.050000000000000044,42,True,980,193.57481607243915,1173.5748160724393,98.26086956521739,0.7808174011854764,5.0
1966,3076,3336.230876601712,256,253,0.050000000000000044,42,True,3076,260.2308766017113,3336.230876601712,99.2094861660079,0.7978114669628106,4.339920948616601
1967,2064,2297.9447163515015,128,193,0.050000000000000044,42,True,2064,233.94471635150165,2297.9447163515015,99.48186528497409,0.7959204565105189,4.518134715025907
1968,6116,6414.828576936668,512,415,0.050000000000000044,42,True,6116,298.82857693667574,6414.828576936668,100.0,0.8271118584919366,5.130120481927711
1969,2316,2498.68286936956,128,222,0.050000000000000044,42,True,2316,182.68286936956042,2498.68286936956,99.54954954954955,0.8074932142538563,4.171171171171171
1970,2900,3169.1263312134706,256,238,0.050000000000000044,42,True,2900,269.1263312134707,3169.1263312134706,100.0,0.8410571281365908,4.9789915966386555
1971,3400,3650.065212359597,256,283,0.050000000000000044,42,True,3400,250.06521235959474,3650.065212359597,98.58657243816255,0.812592313178275,4.169611307420495
1972,2548,2814.7382238960754,256,221,0.050000000000000044,42,True,2548,266.73822389607557,2814.7382238960754,100.0,0.827028279934632,5.02262443438914
1973,3692,3961.21664903065,256,277,0.050000000000000044,42,True,3692,269.21664903064885,3961.21664903065,97.83393501805054,0.8268559089230463,4.483754512635379
1974,3296,3561.4946579001444,256,276,0.050000000000000044,42,True,3296,265.4946579001438,3561.4946579001444,99.6376811594203,0.8592319615217906,4.956521739130435
1975,6456,6755.083713285404,512,437,0.050000000000000044,42,True,6456,299.083713285405,6755.083713285404,100.0,0.8440265433330996,4.125858123569794
1976,736,926.5178151046639,64,97,0.050000000000000044,42,True,736,190.51781510466373,926.5178151046639,52.577319587628864,0.7953383560187632,4.793814432989691
1977,1064,1265.7339014237828,64,130,0.050000000000000044,42,True,1064,201.73390142378338,1265.7339014237828,99.23076923076923,0.761382281021857,4.576923076923077
1978,3072,3336.146483587856,256,253,0.050000000000000044,42,True,3072,264.1464835878562,3336.146483587856,98.81422924901186,0.8200358219898224,5.75494071146245
1979,732,723.3196145654773,64,90,0.050000000000000044,42,True,732,-8.680385434522869,723.3196145654773,40.0,0.7883895238358822,6.088888888888889
1980,556,550.2276427873201,64,75,0.050000000000000044,42,True,556,-5.772357212679797,550.2276427873201,6.666666666666667,0.7056324754272829,4.746666666666667
1981,2532,2798.4590029892724,256,221,0.050000000000000044,42,True,2532,266.45900298927376,2798.4590029892724,96.83257918552036,0.8176032081188539,4.678733031674208
1982,2984,3243.0072064979445,256,242,0.050000000000000044,42,True,2984,259.00720649794374,3243.0072064979445,99.58677685950413,0.823933510770897,4.392561983471074
1983,2784,3049.569691429191,256,229,0.050000000000000044,42,True,2784,265.5696914291926,3049.569691429191,96.5065502183406,0.8462154038488289,5.0
1984,2856,3122.7117465759343,256,245,0.050000000000000044,42,True,2856,266.7117465759354,3122.7117465759343,98.77551020408163,0.8285598165288915,4.865306122448979
1985,2912,3161.5683361629885,256,240,0.050000000000000044,42,True,2912,249.56833616298815,3161.5683361629885,98.33333333333333,0.8066441216535957,6.133333333333334
1986,6520,6812.853245771853,512,453,0.050000000000000044,42,True,6520,292.85324577184497,6812.853245771853,99.55849889624724,0.849391303186385,3.9426048565121414
1987,1940,2173.5572254074887,128,179,0.050000000000000044,42,True,1940,233.55722540748891,2173.5572254074887,99.44134078212291,0.8318252414947539,5.223463687150838
1988,2948,3213.587380927844,256,244,0.050000000000000044,42,True,2948,265.5873809278427,3213.587380927844,100.0,0.8038724125684107,5.598360655737705
1989,2940,3203.6604565572165,256,247,0.050000000000000044,42,True,2940,263.6604565572183,3203.6604565572165,99.19028340080972,0.8248683925612048,4.955465587044534
1990,2344,2590.5209243292275,256,198,0.050000000000000044,42,True,2344,246.52092432922558,2590.5209243292275,98.48484848484848,0.7943013620697055,5.691919191919192
1991,5672,5963.256016310574,512,395,0.050000000000000044,42,True,5672,291.25601631057367,5963.256016310574,99.49367088607595,0.822115961426964,4.703797468354431
1992,7140,7440.174449971587,512,494,0.050000000000000044,42,True,7140,300.17444997158765,7440.174449971587,99.79757085020243,0.8296193642331017,4.220647773279352
1993,2956,3168.9876371012606,256,244,0.050000000000000044,42,True,2956,212.98763710126195,3168.9876371012606,99.59016393442623,0.7959701572168966,5.483606557377049
1994,2232,2499.4626840346054,256,188,0.050000000000000044,42,True,2232,267.46268403460573,2499.4626840346054,100.0,0.8145683223203594,4.5638297872340425
1995,1324,1308.475485896811,128,137,0.050000000000000044,42,True,1324,-15.524514103188768,1308.475485896811,93.43065693430657,0.7622519122621734,5.664233576642336
1996,1324,1557.0087056591171,128,138,0.050000000000000044,42,True,1324,233.00870565911765,1557.0087056591171,99.27536231884058,0.7959205051061617,6.13768115942029
1997,2260,2527.9845839492227,256,191,0.050000000000000044,42,True,2260,267.9845839492218,2527.9845839492227,99.47643979057591,0.8344150310758359,5.183246073298429
1998,2264,2525.177948302156,256,195,0.050000000000000044,42,True,2264,261.1779483021563,2525.177948302156,100.0,0.8009300495876899,4.984615384615385
1999,4636,4928.497898348076,512,313,0.050000000000000044,42,True,4636,292.497898348078,4928.497898348076,99.68051118210863,0.8042886468890013,4.856230031948882
2000,660,846.1654920032531,64,88,0.050000000000000044,42,True,660,186.16549200325292,846.1654920032531,97.72727272727273,0.7860103403337981,6.1022727272727275
2001,1456,1688.7855936298029,128,153,0.050000000000000044,42,True,1456,232.78559362980266,1688.7855936298029,100.0,0.8038024063009133,5.065359477124183
2002,2812,3046.219024832464,256,232,0.050000000000000044,42,True,2812,234.21902483246333,3046.219024832464,98.27586206896552,0.8011246242221643,5.969827586206897
2003,2140,2406.0643750012323,256,183,0.050000000000000044,42,True,2140,266.06437500123366,2406.0643750012323,99.4535519125683,0.7989602467266289,5.333333333333333
2004,3352,3617.232560261764,256,274,0.050000000000000044,42,True,3352,265.2325602617646,3617.232560261764,99.27007299270073,0.799209567717628,4.781021897810219
2005,7056,7346.818793455793,512,480,0.050000000000000044,42,True,7056,290.81879345579154,7346.818793455793,99.375,0.8261400077515157,4.35
2006,6732,7021.993458520558,512,448,0.050000000000000044,42,True,6732,289.9934585205553,7021.993458520558,99.55357142857143,0.8469834493306619,3.9464285714285716
2007,4652,4947.133742382734,512,316,0.050000000000000044,42,True,4652,295.13374238273605,4947.133742382734,100.0,0.8100140380720146,4.484177215189874
2008,2176,2427.3663147887105,256,187,0.050000000000000044,42,True,2176,251.3663147887093,2427.3663147887105,96.79144385026738,0.8390508895350013,5.625668449197861
2009,3128,3395.9693070739813,256,262,0.050000000000000044,42,True,3128,267.96930707398076,3395.9693070739813,99.61832061068702,0.8078961088937463,4.8893129770992365
2010,2496,2467.508997147245,256,209,0.050000000000000044,42,True,2496,-28.491002852754022,2467.508997147245,30.14354066985646,0.7956302261105832,4.894736842105263
2011,3192,3457.1580173047746,256,262,0.050000000000000044,42,True,3192,265.1580173047765,3457.1580173047746,95.80152671755725,0.7673540962886831,3.851145038167939
2012,3584,3851.3229487408967,256,304,0.050000000000000044,42,True,3584,267.32294874089797,3851.3229487408967,99.67105263157895,0.7930192895541813,4.940789473684211
2013,3104,3316.2289293486956,256,257,0.050000000000000044,42,True,3104,212.22892934869597,3316.2289293486956,98.44357976653697,0.7591877160014238,4.404669260700389
2014,1432,1664.8815178214877,128,151,0.050000000000000044,42,True,1432,232.8815178214869,1664.8815178214877,97.35099337748345,0.7976723491040202,6.198675496688741
2015,2500,2770.4612192245913,256,216,0.050000000000000044,42,True,2500,270.4612192245905,2770.4612192245913,100.0,0.7887332414915993,6.087962962962963
2016,5240,5531.673756150897,512,356,0.050000000000000044,42,True,5240,291.67375615090214,5531.673756150897,99.43820224719101,0.8122185482064492,4.575842696629214
2017,3264,3529.5573450043125,256,269,0.050000000000000044,42,True,3264,265.5573450043152,3529.5573450043125,100.0,0.7864317743690411,4.973977695167286
2018,2464,2721.5757258704034,256,209,0.050000000000000044,42,True,2464,257.57572587040494,2721.5757258704034,46.411483253588514,0.7941095378188824,4.803827751196172
2019,3592,3858.1143221309085,256,304,0.050000000000000044,42,True,3592,266.11432213090876,3858.1143221309085,100.0,0.7873487049707021,5.1118421052631575
2020,3280,3528.1045092327568,256,271,0.050000000000000044,42,True,3280,248.10450923275775,3528.1045092327568,99.2619926199262,0.7721087670682313,4.273062730627307
2021,4748,4734.192146622319,512,332,0.050000000000000044,42,True,4748,-13.807853377683308,4734.192146622319,95.78313253012048,0.8376588970280917,4.090361445783133
2022,1448,1682.4020756089621,128,150,0.050000000000000044,42,True,1448,234.4020756089619,1682.4020756089621,99.33333333333333,0.8094305275738405,3.9266666666666667
2023,3700,3949.674681875719,256,315,0.050000000000000044,42,True,3700,249.6746818757162,3949.674681875719,99.36507936507937,0.8375080289970405,4.644444444444445
2024,3136,3399.5239381112247,256,256,0.050000000000000044,42,True,3136,263.52393811122465,3399.5239381112247,98.828125,0.7995081057596661,4.52734375
2025,2116,2371.943305979388,256,182,0.050000000000000044,42,True,2116,255.94330597939012,2371.943305979388,99.45054945054945,0.7901054636528917,6.4010989010989015
2026,5132,5430.093518564547,512,354,0.050000000000000044,42,True,5132,298.093518564541,5430.093518564547,100.0,0.8066784006634179,4.398305084745763
2027,5496,5795.3567125700965,512,390,0.050000000000000044,42,True,5496,299.3567125700977,5795.3567125700965,99.74358974358974,0.8362269739563744,4.815384615384615
2028,3176,3435.3086173770735,256,266,0.050000000000000044,42,True,3176,259.30861737707255,3435.3086173770735,97.74436090225564,0.8013887819320901,5.12781954887218
2029,6300,6599.323904147469,512,424,0.050000000000000044,42,True,6300,299.32390414746544,6599.323904147469,99.29245283018868,0.8429366372304947,3.938679245283019
2030,1468,1697.5719462299508,128,149,0.050000000000000044,42,True,1468,229.57194622995112,1697.5719462299508,99.32885906040268,0.8490520101654376,5.926174496644295
2031,3260,3250.363780206771,256,275,0.050000000000000044,42,True,3260,-9.636219793229225,3250.363780206771,40.0,0.7424909479536848,3.2218181818181817
2032,6116,6412.42449699968,512,413,0.050000000000000044,42,True,6116,296.4244969996818,6412.42449699968,99.51573849878935,0.8557536858676692,4.181598062953995
2033,2584,2851.7997470507007,256,226,0.050000000000000044,42,True,2584,267.79974705069975,2851.7997470507007,99.5575221238938,0.8087330307961755,5.230088495575221
2034,3504,3772.7129518917886,256,285,0.050000000000000044,42,True,3504,268.7129518917899,3772.7129518917886,99.64912280701755,0.8379397681567311,4.680701754385965
2035,3188,3452.5599764635404,256,260,0.050000000000000044,42,True,3188,264.55997646353984,3452.5599764635404,99.61538461538461,0.8648572722221154,5.303846153846154
2036,1420,1645.9951612903237,128,144,0.050000000000000044,42,True,1420,225.99516129032256,1645.9951612903237,97.91666666666667,0.7962231686948685,5.729166666666667
2037,1592,1824.05568333557,128,166,0.050000000000000044,42,True,1592,232.05568333556948,1824.05568333557,100.0,0.8151665891801044,5.162650602409639
2038,1984,2220.9613564383126,128,197,0.050000000000000044,42,True,1984,236.96135643831317,2220.9613564383126,95.93908629441624,0.7747817268594506,4.213197969543147
2039,1264,1253.0637538829874,128,134,0.050000000000000044,42,True,1264,-10.936246117012907,1253.0637538829874,40.298507462686565,0.7943944656722574,5.873134328358209
2040,2208,2190.7967521374867,256,182,0.050000000000000044,42,True,2208,-17.2032478625134,2190.7967521374867,72.52747252747253,0.7761048510722568,6.054945054945055
2041,2392,2656.5899393774002,256,203,0.050000000000000044,42,True,2392,264.5899393774004,2656.5899393774002,99.01477832512315,0.7985350709650613,5.694581280788177
2042,2844,3104.4816946670458,256,233,0.050000000000000044,42,True,2844,260.4816946670463,3104.4816946670458,97.85407725321889,0.8249693247244286,5.562231759656652
2043,3244,3501.7272125723725,256,272,0.050000000000000044,42,True,3244,257.72721257237384,3501.7272125723725,99.26470588235294,0.8411059479542096,5.261029411764706
2044,768,761.549067727257,64,104,0.050000000000000044,42,True,768,-6.4509322727428255,761.549067727257,4.8076923076923075,0.6733688835705556,4.221153846153846
2045,5324,5613.706969806591,512,369,0.050000000000000044,42,True,5324,289.7069698065958,5613.706969806591,86.44986449864498,0.8154870223882452,4.56639566395664
2046,1196,1172.0390763867122,128,122,0.050000000000000044,42,True,1196,-23.960923613287555,1172.0390763867122,63.9344262295082,0.7358623734991316,5.770491803278689
2047,2800,3061.5808325315234,256,243,0.050000000000000044,42,True,2800,261.58083253152375,3061.5808325315234,99.17695473251028,0.8742427001932342,5.337448559670782
2048,2444,2428.414106028359,256,211,0.050000000000000044,42,True,2444,-15.585893971639688,2428.414106028359,67.77251184834124,0.7992807600006056,4.6635071090047395
2049,2324,2588.9307506783257,256,195,0.050000000000000044,42,True,2324,264.93075067832376,2588.9307506783257,100.0,0.8072502110035311,4.517948717948718
2050,2836,3102.5411055018403,256,230,0.050000000000000044,42,True,2836,266.5411055018397,3102.5411055018403,99.56521739130434,0.80134056924995,5.8130434782608695
2051,3224,3480.126197035432,256,273,0.050000000000000044,42,True,3224,256.12619703543106,3480.126197035432,99.26739926739927,0.8043637124801526,5.0989010989010985
2052,3092,3306.1114862352283,256,257,0.050000000000000044,42,True,3092,214.11148623522828,3306.1114862352283,99.61089494163424,0.8455176673649569,5.147859922178989
2053,1292,1515.6491332454239,128,131,0.050000000000000044,42,True,1292,223.649133245425,1515.6491332454239,94.65648854961832,0.7888388377991987,6.32824427480916
2054,1288,1523.1219107608683,128,132,0.050000000000000044,42,True,1288,235.1219107608686,1523.1219107608683,99.24242424242425,0.8076552812285838,6.462121212121212
2055,1536,1766.0991273033856,128,153,0.050000000000000044,42,True,1536,230.09912730338456,1766.0991273033856,98.69281045751634,0.7858427038995929,4.313725490196078
2056,1616,1849.6898460611844,128,171,0.050000000000000044,42,True,1616,233.68984606118582,1849.6898460611844,99.41520467836257,0.7980772509973473,3.760233918128655
2057,4228,4496.521338310008,256,328,0.050000000000000044,42,True,4228,268.52133831000856,4496.521338310008,99.6951219512195,0.7965024631862228,3.826219512195122
2058,4300,4558.421890049976,256,331,0.050000000000000044,42,True,4300,258.42189004997726,4558.421890049976,94.25981873111782,0.7693124404923161,3.489425981873112
2059,2412,2402.8313495014377,256,208,0.050000000000000044,42,True,2412,-9.168650498562764,2402.8313495014377,55.76923076923077,0.8002589902190704,5.384615384615385
2060,3300,3566.255120072401,256,280,0.050000000000000044,42,True,3300,266.2551200723994,3566.255120072401,99.28571428571429,0.7940069358844584,4.410714285714286
2061,624,622.6592218304024,64,83,0.050000000000000044,42,True,624,-1.3407781695974244,622.6592218304024,0.0,0.7519885486932049,4.819277108433735
2062,3616,3838.5498381782854,256,297,0.050000000000000044,42,True,3616,222.54983817828304,3838.5498381782854,100.0,0.8206533185151615,4.074074074074074
2063,1588,1814.339239977031,128,158,0.050000000000000044,42,True,1588,226.33923997703252,1814.339239977031,98.10126582278481,0.7943124089610188,5.518987341772152
2064,3356,3576.692272583759,256,274,0.050000000000000044,42,True,3356,220.69227258375952,3576.692272583759,100.0,0.8041309235859921,4.572992700729927
2065,688,630.1458483915586,64,90,0.050000000000000044,42,True,688,-57.85415160844158,630.1458483915586,30.0,0.7016209568917148,4.622222222222222
2066,6016,6298.158403608113,512,417,0.050000000000000044,42,True,6016,282.15840360811603,6298.158403608113,99.52038369304556,0.8263057772737396,4.609112709832134
2067,1072,1276.1655741475474,64,132,0.050000000000000044,42,True,1072,204.16557414754757,1276.1655741475474,100.0,0.808864078940272,4.878787878787879
2068,5372,5660.391176909157,512,373,0.050000000000000044,42,True,5372,288.3911769091552,5660.391176909157,99.73190348525469,0.8528775583232382,4.420911528150134
2069,2556,2778.350706799666,256,210,0.050000000000000044,42,True,2556,222.35070679966555,2778.350706799666,100.0,0.7920099192724795,4.804761904761905
2070,3016,3273.0384363039925,256,243,0.050000000000000044,42,True,3016,257.03843630399126,3273.0384363039925,99.58847736625515,0.7887406078307323,5.662551440329218
2071,1448,1670.9417818740399,128,151,0.050000000000000044,42,True,1448,222.94178187403995,1670.9417818740399,98.67549668874172,0.8088720578628279,5.337748344370861
2072,1612,1608.8567004825418,128,161,0.050000000000000044,42,True,1612,-3.143299517458871,1608.8567004825418,6.832298136645963,0.7101291056205487,3.720496894409938
2073,6920,7219.835789595827,512,473,0.050000000000000044,42,True,6920,299.83578959583014,7219.835789595827,99.78858350951374,0.8375923409680337,4.676532769556025
2074,5212,5502.469087866036,512,362,0.050000000000000044,42,True,5212,290.4690878660438,5502.469087866036,99.4475138121547,0.8096729179441092,4.013812154696133
2075,1180,1175.6860285332768,128,122,0.050000000000000044,42,True,1180,-4.313971466722876,1175.6860285332768,95.08196721311475,0.8225466441980569,5.565573770491803
2076,3056,3311.7928851489046,256,250,0.050000000000000044,42,True,3056,255.7928851489043,3311.7928851489046,99.6,0.8050201520862853,4.488
2077,3184,3446.7198032408096,256,264,0.050000000000000044,42,True,3184,262.71980324081136,3446.7198032408096,99.62121212121212,0.8064772518283024,4.893939393939394
2078,3080,3057.1507212168904,256,251,0.050000000000000044,42,True,3080,-22.849278783110393,3057.1507212168904,55.776892430278885,0.802671572044536,4.099601593625498
2079,6424,6705.463520509756,512,439,0.050000000000000044,42,True,6424,281.4635205097571,6705.463520509756,99.31662870159454,0.7912642422834921,4.047835990888383
2080,2328,2515.990913821288,128,210,0.050000000000000044,42,True,2328,187.99091382128807,2515.990913821288,100.0,0.7977638152557688,4.876190476190477
2081,1516,1740.5807646356034,128,150,0.050000000000000044,42,True,1516,224.58076463560337,1740.5807646356034,92.0,0.8061731450085751,5.08
2082,2628,2883.056820226427,256,212,0.050000000000000044,42,True,2628,255.05682022642566,2883.056820226427,99.52830188679245,0.7692780401081574,5.60377358490566
2083,1004,1196.28429130941,64,121,0.050000000000000044,42,True,1004,192.28429130941038,1196.28429130941,99.17355371900827,0.7793228151152222,5.115702479338843
2084,4828,5110.3946500459315,512,340,0.050000000000000044,42,True,4828,282.3946500459336,5110.3946500459315,99.11764705882354,0.7636798741356006,5.105882352941176
2085,7300,7587.658057416844,512,505,0.050000000000000044,42,True,7300,287.65805741684284,7587.658057416844,99.60396039603961,0.7781104668352931,4.483168316831684
2086,2148,2403.6037220843687,256,183,0.050000000000000044,42,True,2148,255.60372208436723,2403.6037220843687,99.4535519125683,0.7955542350212789,5.409836065573771
2087,2040,2307.0497693448615,256,169,0.050000000000000044,42,True,2040,267.04976934486245,2307.0497693448615,99.40828402366864,0.7768861301366861,6.497041420118343
2088,608,769.82236093079,32,93,0.050000000000000044,42,True,608,161.82236093078998,769.82236093079,98.9247311827957,0.8060225384304357,5.064516129032258
2089,2312,2576.8065192901445,256,193,0.050000000000000044,42,True,2312,264.8065192901457,2576.8065192901445,100.0,0.804769793075782,5.072538860103627
2090,1292,1514.5608852583587,128,133,0.050000000000000044,42,True,1292,222.56088525835867,1514.5608852583587,99.24812030075188,0.782758788123976,4.962406015037594
2091,5416,5710.617510299671,512,379,0.050000000000000044,42,True,5416,294.6175102996735,5710.617510299671,100.0,0.7960852328872193,4.572559366754618
2092,2208,2428.1058370511314,128,202,0.050000000000000044,42,True,2208,220.10583705113206,2428.1058370511314,99.00990099009901,0.7859433556136417,4.099009900990099
2093,5840,6137.521953421413,512,415,0.050000000000000044,42,True,5840,297.5219534214082,6137.521953421413,99.51807228915662,0.7938195914358894,4.645783132530121
2094,680,880.6590859106884,64,92,0.050000000000000044,42,True,680,200.65908591068808,880.6590859106884,100.0,0.7934619738781822,6.728260869565218
2095,1580,1573.2993873112157,128,160,0.050000000000000044,42,True,1580,-6.700612688784712,1573.2993873112157,21.875,0.7210402880801208,3.825
2096,1548,1779.523142438863,128,155,0.050000000000000044,42,True,1548,231.52314243886258,1779.523142438863,100.0,0.7821523019819212,4.374193548387097
2097,1148,1368.6582933450668,128,125,0.050000000000000044,42,True,1148,220.65829334506776,1368.6582933450668,98.4,0.7771142630399513,5.944
2098,6268,6556.93414979886,512,413,0.050000000000000044,42,True,6268,288.93414979886404,6556.93414979886,95.15738498789347,0.7811358859813334,3.9951573849878934
2099,2500,2765.540471197507,256,211,0.050000000000000044,42,True,2500,265.5404711975054,2765.540471197507,100.0,0.8400158909992261,5.658767772511848
2100,1620,1612.4698235771764,128,162,0.050000000000000044,42,True,1620,-7.530176422824248,1612.4698235771764,93.82716049382717,0.8021453112110843,5.067901234567901
2101,1328,1276.0308987731007,128,141,0.050000000000000044,42,True,1328,-51.96910122689839,1276.0308987731007,32.6241134751773,0.7229265967213176,5.056737588652482
2102,2900,3114.1888063050687,256,242,0.050000000000000044,42,True,2900,214.1888063050686,3114.1888063050687,99.58677685950413,0.7840788912102692,5.3884297520661155
2103,5564,5854.621610048536,512,391,0.050000000000000044,42,True,5564,290.6216100485299,5854.621610048536,99.48849104859335,0.8242740642585229,4.2225063938618925
2104,1996,2219.806120050699,128,186,0.050000000000000044,42,True,1996,223.80612005069966,2219.806120050699,97.84946236559139,0.7895768559560192,4.612903225806452
2105,4564,4854.913799223038,512,308,0.050000000000000044,42,True,4564,290.9137992230362,4854.913799223038,99.35064935064935,0.7753191553610072,5.12987012987013
2106,3068,3334.756011892854,256,252,0.050000000000000044,42,True,3068,266.7560118928537,3334.756011892854,100.0,0.7860606609734071,5.130952380952381
2107,1316,1549.8428292137967,128,135,0.050000000000000044,42,True,1316,233.84282921379696,1549.8428292137967,100.0,0.7965488399192272,5.162962962962963
2108,2132,2399.833473226378,256,186,0.050000000000000044,42,True,2132,267.83347322637877,2399.833473226378,99.46236559139786,0.7971709108876271,6.231182795698925
2109,3596,3857.9541755406635,256,287,0.050000000000000044,42,True,3596,261.95417554066455,3857.9541755406635,96.51567944250871,0.7628108068439131,4.693379790940766
2110,3284,3540.522062954907,256,276,0.050000000000000044,42,True,3284,256.5220629549091,3540.522062954907,99.6376811594203,0.7968746314262483,5.304347826086956
2111,1328,1562.7398230564381,128,131,0.050000000000000044,42,True,1328,234.73982305643818,1562.7398230564381,100.0,0.8037950454438324,6.572519083969466
2112,852,1050.5202947427238,64,110,0.050000000000000044,42,True,852,198.5202947427237,1050.5202947427238,100.0,0.7988159557135845,4.9
2113,2764,3011.998740597911,256,239,0.050000000000000044,42,True,2764,247.99874059791202,3011.998740597911,99.16317991631799,0.7814557498027639,5.824267782426778
2114,1140,1325.6432935009186,128,122,0.050000000000000044,42,True,1140,185.64329350091842,1325.6432935009186,67.21311475409836,0.7791354656067024,6.024590163934426
2115,2860,3073.820806724522,256,232,0.050000000000000044,42,True,2860,213.82080672452375,3073.820806724522,99.56896551724138,0.8005565828511996,6.017241379310345
2116,2772,3035.3141108067302,256,225,0.050000000000000044,42,True,2772,263.3141108067312,3035.3141108067302,100.0,0.785146465810387,4.626666666666667
2117,2732,2995.848215951157,256,217,0.050000000000000044,42,True,2732,263.8482159511562,2995.848215951157,99.07834101382488,0.75453484586328,4.092165898617512
2118,4048,4302.892689503648,256,306,0.050000000000000044,42,True,4048,254.89268950364527,4302.892689503648,97.7124183006536,0.7796674072412552,3.650326797385621
2119,5412,5707.202795322543,512,373,0.050000000000000044,42,True,5412,295.2027953225454,5707.202795322543,99.46380697050938,0.7750291284339136,4.7560321715817695
2120,3088,3354.5448236025936,256,257,0.050000000000000044,42,True,3088,266.5448236025949,3354.5448236025936,100.0,0.8253930334507324,5.474708171206226
2121,6060,6357.115397147843,512,405,0.050000000000000044,42,True,6060,297.11539714784664,6357.115397147843,100.0,0.7713301650712774,3.9975308641975307
2122,2616,2864.725508226937,256,220,0.050000000000000044,42,True,2616,248.72550822693694,2864.725508226937,98.63636363636364,0.7570129862092368,4.363636363636363
2123,2604,2860.380276107162,256,216,0.050000000000000044,42,True,2604,256.3802761071624,2860.380276107162,93.98148148148148,0.7709558981617292,5.50462962962963
2124,3104,3367.7876275334806,256,259,0.050000000000000044,42,True,3104,263.78762753348184,3367.7876275334806,98.84169884169884,0.771670642578217,4.023166023166024
2125,2172,2429.3125542726666,256,184,0.050000000000000044,42,True,2172,257.3125542726658,2429.3125542726666,98.91304347826087,0.7758170385215183,4.456521739130435
2126,3104,3366.9225378483934,256,258,0.050000000000000044,42,True,3104,262.92253784839244,3366.9225378483934,99.2248062015504,0.795544696337777,5.4689922480620154
2127,1564,1747.319624744242,128,163,0.050000000000000044,42,True,1564,183.31962474424276,1747.319624744242,99.38650306748467,0.7675653033023706,4.41717791411043
2128,2616,2797.0457106517706,128,249,0.050000000000000044,42,True,2616,181.04571065176864,2797.0457106517706,99.59839357429719,0.7542472973964826,4.144578313253012
2129,1532,1520.446394686907,128,153,0.050000000000000044,42,True,1532,-11.553605313092984,1520.446394686907,78.43137254901961,0.7483532862714232,4.052287581699346
2130,7220,7210.4495356793705,512,497,0.050000000000000044,42,True,7220,-9.550464320625627,7210.4495356793705,95.77464788732394,0.7438682184327978,3.2052313883299797
2131,4220,4484.079881219351,256,347,0.050000000000000044,42,True,4220,264.0798812193499,4484.079881219351,100.0,0.7783924770465573,4.132564841498559
2132,1520,1754.235658238883,128,159,0.050000000000000044,42,True,1520,234.23565823888404,1754.235658238883,100.0,0.7960301963243281,5.270440251572327
2133,4604,4593.939523924063,512,316,0.050000000000000044,42,True,4604,-10.06047607593697,4593.939523924063,83.86075949367088,0.769971015777471,4.689873417721519
2134,6304,6591.625999448577,512,432,0.050000000000000044,42,True,6304,287.6259994485801,6591.625999448577,91.66666666666667,0.7957202157164001,3.803240740740741
2135,1608,1833.1759813005967,128,163,0.050000000000000044,42,True,1608,225.17598130059844,1833.1759813005967,98.15950920245399,0.8073572986050991,5.325153374233129
2136,1628,1864.0836236718235,128,166,0.050000000000000044,42,True,1628,236.08362367182292,1864.0836236718235,99.39759036144578,0.8003533192765159,5.63855421686747
2137,608,556.8740839668516,64,86,0.050000000000000044,42,True,608,-51.12591603314839,556.8740839668516,93.02325581395348,0.8236728651262248,6.8604651162790695
2138,3168,3413.412972085384,256,266,0.050000000000000044,42,True,3168,245.41297208538583,3413.412972085384,98.87218045112782,0.8338273052716199,5.285714285714286
2139,4048,4269.713190129049,256,335,0.050000000000000044,42,True,4048,221.71319012904465,4269.713190129049,100.0,0.786859895094139,3.817910447761194
2140,2192,2417.821828175097,256,189,0.050000000000000044,42,True,2192,225.82182817509653,2417.821828175097,100.0,0.7930815810567583,5.142857142857143
2141,2300,2557.788674659085,256,189,0.050000000000000044,42,True,2300,257.7886746590862,2557.788674659085,98.94179894179894,0.7931667787106146,4.174603174603175
2142,1744,1976.702550349698,128,165,0.050000000000000044,42,True,1744,232.70255034969796,1976.702550349698,99.39393939393939,0.7761085352950234,5.157575757575757
2143,1464,1681.9933897408785,128,153,0.050000000000000044,42,True,1464,217.99338974087783,1681.9933897408785,98.03921568627452,0.8034560310769885,3.9673202614379086
2144,2608,2821.1022338514435,256,217,0.050000000000000044,42,True,2608,213.10223385144104,2821.1022338514435,99.53917050691244,0.7933986514674838,5.529953917050691
2145,4788,5075.911622292267,512,335,0.050000000000000044,42,True,4788,287.91162229226745,5075.911622292267,82.38805970149254,0.7509454116529425,4.394029850746269
2146,3196,3455.487045236255,256,265,0.050000000000000044,42,True,3196,259.4870452362546,3455.487045236255,99.24528301886792,0.7599276541482576,4.188679245283019
2147,6728,6972.104621203967,512,446,0.050000000000000044,42,True,6728,244.10462120396994,6972.104621203967,99.77578475336323,0.797046862595285,3.663677130044843
2148,2536,2716.5945548326617,256,214,0.050000000000000044,42,True,2536,180.59455483265927,2716.5945548326617,99.06542056074767,0.7791058327040101,4.635514018691588
2149,1308,1292.3701612903233,128,136,0.050000000000000044,42,True,1308,-15.629838709677463,1292.3701612903233,45.588235294117645,0.7122905769115461,5.507352941176471
2150,1900,2132.174781175487,128,184,0.050000000000000044,42,True,1900,232.17478117548737,2132.174781175487,100.0,0.7639978536756523,4.293478260869565
2151,1680,1914.4105764002943,128,172,0.050000000000000044,42,True,1680,234.4105764002933,1914.4105764002943,98.83720930232558,0.7670686567838708,4.790697674418604
2152,2888,3155.469852551919,256,242,0.050000000000000044,42,True,2888,267.46985255191925,3155.469852551919,99.58677685950413,0.7715725487158698,5.008264462809917
2153,2584,2851.395449799416,256,222,0.050000000000000044,42,True,2584,267.39544979941746,2851.395449799416,99.54954954954955,0.7623545703308486,5.225225225225225
2154,4860,5147.963640323724,512,341,0.050000000000000044,42,True,4860,287.96364032372696,5147.963640323724,99.41348973607037,0.7725708785481629,4.284457478005865
2155,2600,2857.589093701997,256,225,0.050000000000000044,42,True,2600,257.58909370199694,2857.589093701997,12.444444444444445,0.6811660711097571,3.9644444444444447
2156,1908,1882.8755025523621,128,182,0.050000000000000044,42,True,1908,-25.12449744763821,1882.8755025523621,69.78021978021978,0.7585282357276711,4.252747252747253
2157,1392,1385.4086785815246,128,145,0.050000000000000044,42,True,1392,-6.591321418475351,1385.4086785815246,8.96551724137931,0.7092241625892871,4.048275862068966
2158,312,306.4721580547113,32,54,0.050000000000000044,42,True,312,-5.527841945288754,306.4721580547113,18.51851851851852,0.7412249193760572,5.12962962962963
2159,2448,2677.3644951816764,128,228,0.050000000000000044,42,True,2448,229.3644951816776,2677.3644951816764,100.0,0.7611423724413409,4.407894736842105
2160,2176,2442.7781032422836,256,186,0.050000000000000044,42,True,2176,266.7781032422857,2442.7781032422836,100.0,0.7812054295556842,5.172043010752688
2161,1368,1598.9285016532576,128,140,0.050000000000000044,42,True,1368,230.92850165325837,1598.9285016532576,100.0,0.7778812184361507,4.642857142857143
2162,1336,1320.0150313286217,128,140,0.050000000000000044,42,True,1336,-15.984968671377972,1320.0150313286217,11.428571428571429,0.71894688911923,3.5714285714285716
2163,3588,3579.9155664197556,256,290,0.050000000000000044,42,True,3588,-8.084433580244262,3579.9155664197556,6.896551724137931,0.7306331617894196,3.586206896551724
2164,1136,1084.3277521761397,128,122,0.050000000000000044,42,True,1136,-51.67224782386073,1084.3277521761397,53.278688524590166,0.7485148106941103,6.254098360655738
2165,3116,3379.5005852888444,256,254,0.050000000000000044,42,True,3116,263.5005852888447,3379.5005852888444,99.60629921259843,0.8003279424871217,4.74015748031496
2166,2324,2579.2419032076546,256,194,0.050000000000000044,42,True,2324,255.2419032076562,2579.2419032076546,98.45360824742268,0.7787654190391523,4.927835051546392
2167,1292,1526.73452402788,128,133,0.050000000000000044,42,True,1292,234.73452402787967,1526.73452402788,90.22556390977444,0.7815311791636779,5.413533834586466
2168,2176,2409.8550786624346,128,204,0.050000000000000044,42,True,2176,233.85507866243478,2409.8550786624346,98.52941176470588,0.7669373301536414,4.946078431372549
2169,2100,2334.169764898854,128,198,0.050000000000000044,42,True,2100,234.16976489885184,2334.169764898854,99.4949494949495,0.7658622303050047,4.565656565656566
2170,1488,1720.3918175640556,128,146,0.050000000000000044,42,True,1488,232.39181756405645,1720.3918175640556,99.31506849315069,0.7732747534492568,4.589041095890411
2171,1024,1249.6669965584265,128,111,0.050000000000000044,42,True,1024,225.66699655842655,1249.6669965584265,62.16216216216216,0.7349989146423412,6.126126126126126
2172,1428,1652.989264939185,128,150,0.050000000000000044,42,True,1428,224.98926493918563,1652.989264939185,99.33333333333333,0.748454279958521,4.866666666666666
2173,1780,1969.242314110625,128,180,0.050000000000000044,42,True,1780,189.24231411062445,1969.242314110625,100.0,0.8003900570460403,4.5
2174,2720,2970.37367115058,256,229,0.050000000000000044,42,True,2720,250.37367115058115,2970.37367115058,98.68995633187772,0.7658121045241256,4.4104803493449785
2175,1744,1960.877878499188,128,176,0.050000000000000044,42,True,1744,216.87787849918686,1960.877878499188,98.86363636363636,0.7746137184589424,5.142045454545454
2176,972,1165.2196160622084,64,112,0.050000000000000044,42,True,972,193.21961606220765,1165.2196160622084,99.10714285714286,0.7431347855544506,6.017857142857143
2177,1320,1555.0439045041749,128,135,0.050000000000000044,42,True,1320,235.04390450417543,1555.0439045041749,100.0,0.7804661500335383,5.533333333333333
2178,1460,1686.1370967741934,128,152,0.050000000000000044,42,True,1460,226.13709677419354,1686.1370967741934,98.6842105263158,0.7628203905782908,5.993421052631579
2179,1308,1466.4529569892475,64,148,0.050000000000000044,42,True,1308,158.45295698924733,1466.4529569892475,100.0,0.7620425042159646,5.324324324324325
2180,4988,5284.38190977594,512,347,0.050000000000000044,42,True,4988,296.3819097759408,5284.38190977594,99.42363112391931,0.7906396013143863,4.31700288184438
2181,1208,1408.1951296647692,64,144,0.050000000000000044,42,True,1208,200.19512966476913,1408.1951296647692,99.30555555555556,0.7876063434619428,4.368055555555555
2182,2856,3120.916627040083,256,232,0.050000000000000044,42,True,2856,264.9166270400834,3120.916627040083,99.13793103448276,0.8320876907059862,4.810344827586207
2183,652,593.8026113671277,64,89,0.050000000000000044,42,True,652,-58.19738863287249,593.8026113671277,85.3932584269663,0.8124501175610591,5.98876404494382
2184,3140,3398.8224578274762,256,265,0.050000000000000044,42,True,3140,258.82245782747793,3398.8224578274762,99.24528301886792,0.7840424862293738,4.192452830188679
2185,1268,1260.0131048387095,128,132,0.050000000000000044,42,True,1268,-7.986895161290333,1260.0131048387095,20.454545454545453,0.748497065135135,5.424242424242424
2186,2884,3142.422727855573,256,238,0.050000000000000044,42,True,2884,258.42272785557395,3142.422727855573,98.73949579831933,0.7763582838034071,5.201680672268908
2187,5340,5637.6952407815825,512,367,0.050000000000000044,42,True,5340,297.69524078157855,5637.6952407815825,99.7275204359673,0.7998401957748335,4.226158038147139
2188,2320,2576.268713929895,256,195,0.050000000000000044,42,True,2320,256.26871392989494,2576.268713929895,79.48717948717949,0.7600655095195346,6.4
2189,2304,2571.797371087293,256,194,0.050000000000000044,42,True,2304,267.79737108729273,2571.797371087293,99.48453608247422,0.8074935118971798,5.34020618556701
2190,1184,1408.6696175923682,128,129,0.050000000000000044,42,True,1184,224.669617592368,1408.6696175923682,99.2248062015504,0.8088022675823265,5.51937984496124
2191,2968,3224.616831622032,256,247,0.050000000000000044,42,True,2968,256.6168316220317,3224.616831622032,99.59514170040485,0.8021648171428362,5.048582995951417
2192,3096,3361.637846317904,256,259,0.050000000000000044,42,True,3096,265.637846317905,3361.637846317904,99.61389961389962,0.7948206488489935,4.876447876447877
2193,5084,5331.316119682092,512,346,0.050000000000000044,42,True,5084,247.31611968209444,5331.316119682092,99.71098265895954,0.8101975816634739,4.072254335260116
2194,5384,5682.902968676951,512,370,0.050000000000000044,42,True,5384,298.90296867695184,5682.902968676951,99.72972972972973,0.7948440426059332,4.545945945945946
2195,1380,1604.4997039412829,128,140,0.050000000000000044,42,True,1380,224.49970394128167,1604.4997039412829,99.28571428571429,0.7992805333186704,6.321428571428571
2196,2884,3149.558074801683,256,239,0.050000000000000044,42,True,2884,265.55807480168164,3149.558074801683,99.581589958159,0.8302359839050422,4.97071129707113
2197,1428,1419.5019483844367,128,148,0.050000000000000044,42,True,1428,-8.498051615563142,1419.5019483844367,4.72972972972973,0.6812960197126656,4.5
2198,2708,2658.816117572542,256,225,0.050000000000000044,42,True,2708,-49.1838824274583,2658.816117572542,0.0,0.7795455750234195,3.453333333333333
2199,2760,3019.354290967767,256,223,0.050000000000000044,42,True,2760,259.35429096776613,3019.354290967767,97.30941704035874,0.7829343968110507,5.04932735426009
2200,5104,5393.522038144228,512,350,0.050000000000000044,42,True,5104,289.5220381442266,5393.522038144228,99.71428571428571,0.7846104325270747,4.234285714285714
2201,2248,2483.5756333151076,128,208,0.050000000000000044,42,True,2248,235.57563331510843,2483.5756333151076,99.03846153846153,0.8222240861828787,3.889423076923077
2202,3212,3467.6270816057327,256,267,0.050000000000000044,42,True,3212,255.62708160573214,3467.6270816057327,99.25093632958801,0.7779600569119715,4.674157303370786
2203,1088,1315.826005388935,128,115,0.050000000000000044,42,True,1088,227.82600538893507,1315.826005388935,96.52173913043478,0.7760788425073645,5.582608695652174
2204,1320,1494.6890352909095,128,136,0.050000000000000044,42,True,1320,174.68903529090966,1494.6890352909095,98.52941176470588,0.8106848153999777,5.5661764705882355
2205,3084,3342.2728858104906,256,252,0.050000000000000044,42,True,3084,258.2728858104876,3342.2728858104906,99.60317460317461,0.820857927085464,5.027777777777778
2206,2720,2978.3288390609478,256,217,0.050000000000000044,42,True,2720,258.3288390609449,2978.3288390609478,99.07834101382488,0.7884850140996053,5.142857142857143
2207,1720,1950.2586327742456,128,172,0.050000000000000044,42,True,1720,230.25863277424597,1950.2586327742456,98.83720930232558,0.7745129153688919,5.494186046511628
2208,2660,2873.8956921033146,256,215,0.050000000000000044,42,True,2660,213.89569210331484,2873.8956921033146,99.53488372093024,0.8092532178126677,4.572093023255814
2209,2104,2360.2555688261755,256,173,0.050000000000000044,42,True,2104,256.25556882617576,2360.2555688261755,99.42196531791907,0.7820529978612268,5.722543352601156
2210,3776,4030.0444734600114,256,307,0.050000000000000044,42,True,3776,254.04447346000836,4030.0444734600114,99.6742671009772,0.7940969056183499,4.228013029315961
2211,2988,3248.21515693422,256,244,0.050000000000000044,42,True,2988,260.2151569342229,3248.21515693422,99.59016393442623,0.7922510326054633,5.278688524590164
2212,640,842.0002838190694,64,86,0.050000000000000044,42,True,640,202.00028381906938,842.0002838190694,98.83720930232558,0.8213526846579735,6.348837209302325
2213,3080,3326.6792062504146,256,251,0.050000000000000044,42,True,3080,246.6792062504159,3326.6792062504146,99.20318725099601,0.8138421255307973,4.410358565737051
2214,3396,3638.3159898323534,256,284,0.050000000000000044,42,True,3396,242.3159898323549,3638.3159898323534,98.59154929577464,0.8024419059932111,4.757042253521127
2215,3452,3717.9164221543533,256,287,0.050000000000000044,42,True,3452,265.91642215435223,3717.9164221543533,100.0,0.8239037201698884,4.2717770034843205
2216,3116,3372.689633452909,256,252,0.050000000000000044,42,True,3116,256.68963345290916,3372.689633452909,99.2063492063492,0.8081875305117099,4.416666666666667
2217,5340,5627.959547243058,512,367,0.050000000000000044,42,True,5340,287.9595472430546,5627.959547243058,99.7275204359673,0.8099925856293262,4.395095367847412
2218,6008,6300.045048617824,512,399,0.050000000000000044,42,True,6008,292.0450486178294,6300.045048617824,99.74937343358395,0.8264230286485139,4.401002506265664
2219,1404,1641.315363928572,128,151,0.050000000000000044,42,True,1404,237.31536392857166,1641.315363928572,99.33774834437087,0.7851564044633095,5.264900662251655
2220,3632,3897.4135214671387,256,306,0.050000000000000044,42,True,3632,265.41352146713774,3897.4135214671387,100.0,0.8168233402693141,4.42483660130719
2221,5412,5702.925149586131,512,377,0.050000000000000044,42,True,5412,290.92514958612907,5702.925149586131,98.93899204244032,0.8082510391666585,4.381962864721485
2222,2264,2480.7289120606247,128,215,0.050000000000000044,42,True,2264,216.72891206062346,2480.7289120606247,99.06976744186046,0.7957336500470414,5.362790697674418
2223,6404,6699.137734601547,512,437,0.050000000000000044,42,True,6404,295.1377346015459,6699.137734601547,100.0,0.7887325493351715,4.361556064073227
2224,1284,1511.2407775020679,128,131,0.050000000000000044,42,True,1284,227.24077750206783,1511.2407775020679,99.23664122137404,0.7981683551225377,6.099236641221374
2225,1660,1851.252692704262,128,168,0.050000000000000044,42,True,1660,191.2526927042614,1851.252692704262,100.0,0.8151204213731555,5.559523809523809
2226,5516,5805.521080957037,512,389,0.050000000000000044,42,True,5516,289.52108095703477,5805.521080957037,99.22879177377892,0.8166932476022805,4.573264781491003
2227,2476,2698.4618715185497,256,215,0.050000000000000044,42,True,2476,222.4618715185527,2698.4618715185497,100.0,0.788358366310616,5.637209302325582
2228,1556,1738.3622703040162,128,160,0.050000000000000044,42,True,1556,182.36227030401602,1738.3622703040162,99.375,0.8020336413140365,4.33125
2229,2792,3029.217855285874,256,228,0.050000000000000044,42,True,2792,237.21785528587176,3029.217855285874,98.6842105263158,0.7918066518798682,5.0701754385964914
2230,840,998.508479262673,64,111,0.050000000000000044,42,True,840,158.5084792626728,998.508479262673,100.0,0.8479993480970135,4.243243243243243
2231,1140,1364.8910788438793,128,115,0.050000000000000044,42,True,1140,224.89107884387977,1364.8910788438793,98.26086956521739,0.7837960653298832,5.973913043478261
2232,3204,3471.2225713605944,256,264,0.050000000000000044,42,True,3204,267.2225713605951,3471.2225713605944,99.24242424242425,0.8411584522138895,4.431818181818182
2233,2924,3191.3692489724763,256,234,0.050000000000000044,42,True,2924,267.36924897247474,3191.3692489724763,99.57264957264957,0.8293730265062063,5.534188034188034
2234,5524,5821.703038592023,512,385,0.050000000000000044,42,True,5524,297.70303859202613,5821.703038592023,99.74025974025975,0.7718229919265127,4.6805194805194805
2235,3140,3130.0155636324666,256,258,0.050000000000000044,42,True,3140,-9.98443636753342,3130.0155636324666,82.94573643410853,0.8037055404321435,4.662790697674419
2236,5288,5585.807776219416,512,359,0.050000000000000044,42,True,5288,297.8077762194172,5585.807776219416,100.0,0.7905873101847902,4.284122562674095
2237,1824,2048.4714310725385,128,181,0.050000000000000044,42,True,1824,224.47143107253842,2048.4714310725385,98.89502762430939,0.8064077834636277,4.276243093922652
2238,3832,4086.567911714771,256,295,0.050000000000000044,42,True,3832,254.5679117147708,4086.567911714771,99.66101694915254,0.7855317381824305,5.444067796610169
2239,2072,2299.259977866629,128,194,0.050000000000000044,42,True,2072,227.2599778666286,2299.259977866629,98.96907216494846,0.8069794137092743,4.618556701030927
2240,832,823.5982138840152,64,96,0.050000000000000044,42,True,832,-8.401786115985043,823.5982138840152,60.416666666666664,0.8030051756164825,5.208333333333333
2241,6892,7163.622686868613,512,471,0.050000000000000044,42,True,6892,271.622686868613,7163.622686868613,99.15074309978769,0.8025605133484164,4.471337579617835
2242,3032,3289.250843251884,256,247,0.050000000000000044,42,True,3032,257.2508432518821,3289.250843251884,99.59514170040485,0.8124791948881774,5.032388663967612
2243,2308,2557.6272304562626,256,187,0.050000000000000044,42,True,2308,249.62723045626274,2557.6272304562626,98.39572192513369,0.7808628542051589,4.903743315508021
2244,1312,1302.8188452925149,128,134,0.050000000000000044,42,True,1312,-9.181154707484138,1302.8188452925149,35.82089552238806,0.7399109770261957,5.164179104477612
2245,3580,3838.6891653135517,256,292,0.050000000000000044,42,True,3580,258.68916531354756,3838.6891653135517,99.31506849315069,0.8023749368654631,5.243150684931507
2246,3508,3772.4672819119232,256,295,0.050000000000000044,42,True,3508,264.4672819119251,3772.4672819119232,100.0,0.7680690130088614,4.786440677966102
2247,2952,3173.3895580802314,256,243,0.050000000000000044,42,True,2952,221.38955808023195,3173.3895580802314,100.0,0.7984832155532807,5.094650205761317
2248,1060,1052.8042411934698,128,115,0.050000000000000044,42,True,1060,-7.195758806529728,1052.8042411934698,3.4782608695652173,0.7360683416521938,3.991304347826087
2249,4548,4849.144673820008,512,304,0.050000000000000044,42,True,4548,301.1446738200101,4849.144673820008,100.0,0.8349183330482481,5.371710526315789
2250,5168,5468.748705353889,512,361,0.050000000000000044,42,True,5168,300.74870535389334,5468.748705353889,100.0,0.7946551606956688,4.520775623268698
2251,1320,1555.3906467047377,128,136,0.050000000000000044,42,True,1320,235.3906467047384,1555.3906467047377,100.0,0.7991807742230901,5.301470588235294
2252,3212,3476.1610182573145,256,270,0.050000000000000044,42,True,3212,264.16101825731585,3476.1610182573145,100.0,0.8009188023781441,5.003703703703704
2253,2092,2347.8996695939477,256,179,0.050000000000000044,42,True,2092,255.89966959394832,2347.8996695939477,99.44134078212291,0.809805479648716,4.960893854748603
2254,868,1094.0223134976295,128,90,0.050000000000000044,42,True,868,226.02231349762906,1094.0223134976295,98.88888888888889,0.8067038806871627,6.044444444444444
2255,1596,1820.7375812106518,128,166,0.050000000000000044,42,True,1596,224.7375812106513,1820.7375812106518,44.57831325301205,0.7834495182631417,3.4096385542168677
2256,1548,1765.4812853590229,128,163,0.050000000000000044,42,True,1548,217.48128535902228,1765.4812853590229,98.77300613496932,0.8089571777119987,5.294478527607362
2257,1904,1897.2460150751972,128,194,0.050000000000000044,42,True,1904,-6.75398492480266,1897.2460150751972,32.98969072164948,0.7445107857476719,4.108247422680412
2258,1652,1646.418584876606,128,166,0.050000000000000044,42,True,1652,-5.581415123394795,1646.418584876606,76.50602409638554,0.7970181085730867,5.192771084337349
2259,5616,5860.466920366161,512,392,0.050000000000000044,42,True,5616,244.4669203661614,5860.466920366161,99.74489795918367,0.7906864773015044,4.436224489795919
2260,3080,3295.7013493569452,256,254,0.050000000000000044,42,True,3080,215.70134935694708,3295.7013493569452,99.60629921259843,0.8096417423258392,5.110236220472441
2261,1920,2109.6180410629454,128,178,0.050000000000000044,42,True,1920,189.61804106294596,2109.6180410629454,100.0,0.8077296001127111,4.668539325842697
2262,3036,3291.5221335402575,256,249,0.050000000000000044,42,True,3036,255.52213354025793,3291.5221335402575,99.59839357429719,0.7813305698492412,5.357429718875502
2263,4420,4702.707233626589,512,296,0.050000000000000044,42,True,4420,282.7072336265885,4702.707233626589,82.0945945945946,0.801176726059383,4.489864864864865
2264,9292,9611.91112997547,1024,517,0.050000000000000044,42,True,9292,319.91112997547634,9611.91112997547,76.9825918762089,0.8100327732792194,3.502901353965184
2265,5016,5311.504033507913,512,341,0.050000000000000044,42,True,5016,295.504033507912,5311.504033507913,99.70674486803519,0.7887667393952033,5.085043988269795
2266,2832,3088.813298573311,256,230,0.050000000000000044,42,True,2832,256.8132985733112,3088.813298573311,99.1304347826087,0.8139276555952852,5.673913043478261
2267,2620,2883.326942262924,256,221,0.050000000000000044,42,True,2620,263.326942262925,2883.326942262924,99.09502262443439,0.8152827754598676,5.0633484162895925
2268,3548,3815.1766451430826,256,296,0.050000000000000044,42,True,3548,267.17664514307893,3815.1766451430826,99.66216216216216,0.7757734267011197,4.391891891891892
2269,3048,3306.423978193426,256,246,0.050000000000000044,42,True,3048,258.42397819342796,3306.423978193426,99.1869918699187,0.7794630282895773,5.276422764227642
2270,596,599.2271245447045,64,84,0.050000000000000044,42,True,596,3.227124544704486,599.2271245447045,0.0,0.7186689667149914,5.214285714285714
2271,4712,4967.625815391429,256,349,0.050000000000000044,42,True,4712,255.6258153914245,4967.625815391429,99.7134670487106,0.8286888874745744,4.43839541547278
2272,6504,6792.907383410981,512,442,0.050000000000000044,42,True,6504,288.9073834109832,6792.907383410981,99.77375565610859,0.7841357300705719,4.038461538461538
2273,3120,3381.6665092253206,256,256,0.050000000000000044,42,True,3120,261.66650922532193,3381.6665092253206,99.609375,0.8021173434353059,4.640625
2274,632,614.4317539411953,64,82,0.050000000000000044,42,True,632,-17.56824605880465,614.4317539411953,37.80487804878049,0.7134447443033198,5.402439024390244
2275,5020,5319.135491100155,512,355,0.050000000000000044,42,True,5020,299.1354911001527,5319.135491100155,99.71830985915493,0.8007373351092919,4.225352112676056
2276,1252,1476.9163069936792,128,124,0.050000000000000044,42,True,1252,224.9163069936793,1476.9163069936792,98.38709677419355,0.78249652038398,6.387096774193548
2277,2116,2350.8599228278576,128,194,0.050000000000000044,42,True,2116,234.85992282785793,2350.8599228278576,98.96907216494846,0.7928289493497339,5.355670103092783
2278,2736,2999.7998863597995,256,217,0.050000000000000044,42,True,2736,263.7998863598006,2999.7998863597995,100.0,0.8023056280471452,5.0368663594470044
2279,1384,1617.6154585011236,128,143,0.050000000000000044,42,True,1384,233.61545850112267,1617.6154585011236,99.3006993006993,0.8125750306235209,6.104895104895105
2280,2752,3019.6858431190403,256,222,0.050000000000000044,42,True,2752,267.68584311903953,3019.6858431190403,99.54954954954955,0.7910688559175928,5.653153153153153
2281,2860,3128.668567886792,256,233,0.050000000000000044,42,True,2860,268.6685678867904,3128.668567886792,100.0,0.7928174758590449,4.510729613733906
2282,2668,2932.263167475584,256,227,0.050000000000000044,42,True,2668,264.2631674755838,2932.263167475584,100.0,0.8272051832876425,5.7312775330396475
2283,1988,2236.1457625662783,256,163,0.050000000000000044,42,True,1988,248.14576256627697,2236.1457625662783,98.77300613496932,0.7763554072496315,5.50920245398773
2284,492,482.6565295691976,64,70,0.050000000000000044,42,True,492,-9.34347043080232,482.6565295691976,21.428571428571427,0.7234461727819884,5.328571428571428
2285,6052,6348.1473230432775,512,396,0.050000000000000044,42,True,6052,296.14732304327714,6348.1473230432775,99.74747474747475,0.7742950872646627,3.73989898989899
2286,1396,1631.3166367257666,128,148,0.050000000000000044,42,True,1396,235.3166367257674,1631.3166367257666,99.32432432432432,0.8425106084976302,6.195945945945946
2287,1552,1545.8887732044034,128,161,0.050000000000000044,42,True,1552,-6.111226795596615,1545.8887732044034,5.590062111801243,0.701275314843628,3.372670807453416
2288,2580,2789.5206077924904,256,221,0.050000000000000044,42,True,2580,209.52060779249325,2789.5206077924904,99.5475113122172,0.8021185081163431,5.714932126696833
2289,3372,3629.990246079304,256,288,0.050000000000000044,42,True,3372,257.99024607930636,3629.990246079304,99.30555555555556,0.7893750263197753,4.895833333333333
2290,5088,5377.292256583936,512,343,0.050000000000000044,42,True,5088,289.29225658393943,5377.292256583936,99.41690962099125,0.7800312636601308,4.626822157434402
2291,884,1084.8718343378948,64,106,0.050000000000000044,42,True,884,200.87183433789482,1084.8718343378948,100.0,0.7764643597397031,6.018867924528302
2292,3028,3291.4317071119153,256,246,0.050000000000000044,42,True,3028,263.4317071119149,3291.4317071119153,99.59349593495935,0.7648002434523201,5.0894308943089435
2293,4716,4970.070965825238,512,323,0.050000000000000044,42,True,4716,254.07096582523528,4970.070965825238,100.0,0.8148863153479143,4.656346749226006
2294,528,690.1307233738561,32,81,0.050000000000000044,42,True,528,162.13072337385606,690.1307233738561,46.91358024691358,0.750132038881302,5.308641975308642
2295,6736,7023.5932034773095,512,464,0.050000000000000044,42,True,6736,287.5932034773133,7023.5932034773095,99.56896551724138,0.8122933773732514,4.109913793103448
2296,6388,6687.130192502536,512,430,0.050000000000000044,42,True,6388,299.1301925025329,6687.130192502536,99.53488372093024,0.8069169887736256,4.1976744186046515
2297,644,642.979935759298,64,83,0.050000000000000044,42,True,644,-1.0200642407018794,642.979935759298,0.0,0.7063726050017175,5.662650602409639
2298,1248,1482.1099345137036,128,128,0.050000000000000044,42,True,1248,234.10993451370362,1482.1099345137036,99.21875,0.8298990906946623,6.1640625
2299,1116,1110.6169861546023,128,118,0.050000000000000044,42,True,1116,-5.383013845397668,1110.6169861546023,4.237288135593221,0.7213788609278504,4.720338983050848
2300,2712,2965.9594772504984,256,218,0.050000000000000044,42,True,2712,253.95947725049928,2965.9594772504984,98.1651376146789,0.8227443779086576,5.155963302752293
2301,3968,4217.452505027045,256,297,0.050000000000000044,42,True,3968,249.45250502704693,4217.452505027045,98.98989898989899,0.784985776654861,4.4646464646464645
2302,3056,3322.8113272190603,256,248,0.050000000000000044,42,True,3056,266.81132721905965,3322.8113272190603,100.0,0.8184037392891548,5.419354838709677
2303,2900,2884.388268455657,256,239,0.050000000000000044,42,True,2900,-15.611731544343128,2884.388268455657,59.41422594142259,0.7657463765712896,3.8786610878661087
2304,1212,1163.363427191543,64,147,0.050000000000000044,42,True,1212,-48.63657280845639,1163.363427191543,8.843537414965986,0.8041576550094658,4.72108843537415
2305,2180,2440.642284219704,256,185,0.050000000000000044,42,True,2180,260.64228421970364,2440.642284219704,99.45945945945945,0.821794194058274,5.421621621621622
2306,7152,7447.693545900924,512,493,0.050000000000000044,42,True,7152,295.69354590092615,7447.693545900924,100.0,0.7948968183231689,4.196754563894523
2307,3068,3324.4281387739234,256,262,0.050000000000000044,42,True,3068,256.4281387739247,3324.4281387739234,99.61832061068702,0.8173187789413046,5.015267175572519
2308,6788,7081.248556208034,512,457,0.050000000000000044,42,True,6788,293.2485562080387,7081.248556208034,96.71772428884026,0.8147440388518827,3.5667396061269145
2309,2604,2867.3311075118413,256,217,0.050000000000000044,42,True,2604,263.33110751184074,2867.3311075118413,98.61751152073732,0.8627388294472993,5.483870967741935
2310,624,616.0180900088244,64,87,0.050000000000000044,42,True,624,-7.981909991175609,616.0180900088244,2.2988505747126435,0.6934580493614898,5.632183908045977
2311,2280,2535.0950310303606,256,189,0.050000000000000044,42,True,2280,255.0950310303607,2535.0950310303606,97.35449735449735,0.8512686290906933,5.888888888888889
2312,948,1150.1973772120668,64,117,0.050000000000000044,42,True,948,202.1973772120672,1150.1973772120668,99.14529914529915,0.8731812026871005,6.102564102564102
2313,5364,5646.747202943075,512,374,0.050000000000000044,42,True,5364,282.74720294307275,5646.747202943075,99.19786096256685,0.8072700647915423,3.842245989304813
2314,2500,2767.5602608635345,256,213,0.050000000000000044,42,True,2500,267.56026086353523,2767.5602608635345,99.53051643192488,0.8214874190106184,4.845070422535211
2315,3404,3652.4817100874307,256,283,0.050000000000000044,42,True,3404,248.48171008743253,3652.4817100874307,98.58657243816255,0.8149592997564683,4.067137809187279
2316,2468,2733.0595968381463,256,210,0.050000000000000044,42,True,2468,265.0595968381469,2733.0595968381463,99.52380952380952,0.8343171492846514,4.6761904761904765
2317,2772,3034.0116989938506,256,222,0.050000000000000044,42,True,2772,262.01169899385104,3034.0116989938506,100.0,0.7978765037244531,5.027027027027027
2318,720,913.7292628267285,64,94,0.050000000000000044,42,True,720,193.7292628267287,913.7292628267285,98.93617021276596,0.8407241386862576,5.404255319148936
2319,2404,2671.351301423199,256,202,0.050000000000000044,42,True,2404,267.35130142319866,2671.351301423199,100.0,0.829345239043271,5.306930693069307
2320,5204,5502.528833033133,512,351,0.050000000000000044,42,True,5204,298.5288330331314,5502.528833033133,100.0,0.8039993230579735,4.6923076923076925
2321,2356,2576.554866484149,256,200,0.050000000000000044,42,True,2356,220.55486648414868,2576.554866484149,100.0,0.8203995867133516,5.07
2322,2336,2592.4928449402096,256,198,0.050000000000000044,42,True,2336,256.492844940207,2592.4928449402096,86.86868686868686,0.8004764927871965,5.05050505050505
2323,1936,2163.2705334987604,128,203,0.050000000000000044,42,True,1936,227.2705334987593,2163.2705334987604,99.01477832512315,0.8533752362927847,4.847290640394089
2324,5416,5697.781574752261,512,378,0.050000000000000044,42,True,5416,281.7815747522661,5697.781574752261,98.14814814814815,0.8309970654602299,3.8306878306878307
2325,3068,3331.645776493874,256,249,0.050000000000000044,42,True,3068,263.64577649387473,3331.645776493874,100.0,0.8428438590935572,4.405622489959839
2326,2372,2629.593166103633,256,202,0.050000000000000044,42,True,2372,257.5931661036318,2629.593166103633,76.23762376237623,0.8113995934809033,5.03960396039604
2327,3288,3552.984925748023,256,277,0.050000000000000044,42,True,3288,264.9849257480213,3552.984925748023,99.63898916967509,0.7971629416010236,4.184115523465704
2328,1364,1552.852687069345,128,142,0.050000000000000044,42,True,1364,188.8526870693446,1552.852687069345,100.0,0.7965703415036125,5.823943661971831
2329,3276,3532.1796010596854,256,272,0.050000000000000044,42,True,3276,256.1796010596852,3532.1796010596854,99.63235294117646,0.7904754536567526,4.669117647058823
2330,3092,3349.2873713109143,256,254,0.050000000000000044,42,True,3092,257.2873713109128,3349.2873713109143,99.21259842519684,0.7986534697226856,4.677165354330708
2331,2380,2644.353554496682,256,200,0.050000000000000044,42,True,2380,264.3535544966836,2644.353554496682,100.0,0.83321885776089,5.335
2332,5300,5580.890039133376,512,367,0.050000000000000044,42,True,5300,280.8900391333772,5580.890039133376,99.4550408719346,0.8079368202655168,4.523160762942779
2333,5432,5713.877772404899,512,382,0.050000000000000044,42,True,5432,281.87777240490004,5713.877772404899,93.717277486911,0.8472400853859444,5.052356020942408
2334,2160,2429.6750862243853,256,176,0.050000000000000044,42,True,2160,269.6750862243863,2429.6750862243853,100.0,0.833639378341502,4.715909090909091
2335,2780,3046.3419470921326,256,227,0.050000000000000044,42,True,2780,266.3419470921309,3046.3419470921326,100.0,0.808978717334692,4.533039647577093
2336,2444,2710.8364483216415,256,208,0.050000000000000044,42,True,2444,266.83644832164134,2710.8364483216415,100.0,0.8082988545081893,5.4951923076923075
2337,2372,2629.4706751264803,256,202,0.050000000000000044,42,True,2372,257.4706751264801,2629.4706751264803,98.01980198019803,0.8495598034382996,5.247524752475248
2338,2572,2762.8970138111226,256,223,0.050000000000000044,42,True,2572,190.89701381112354,2762.8970138111226,100.0,0.8251640352298054,5.0358744394618835
2339,5268,5556.996710761022,512,364,0.050000000000000044,42,True,5268,288.99671076102004,5556.996710761022,91.75824175824175,0.810181310107601,4.467032967032967
2340,1048,1266.1868763533816,128,114,0.050000000000000044,42,True,1048,218.18687635338136,1266.1868763533816,97.36842105263158,0.784421394626089,6.508771929824562
2341,9984,10304.907220202944,1024,584,0.050000000000000044,42,True,9984,320.90722020293805,10304.907220202944,99.65753424657534,0.8315107551616197,3.703767123287671
2342,2380,2369.139255457806,256,199,0.050000000000000044,42,True,2380,-10.860744542196162,2369.139255457806,84.42211055276383,0.8266593580073591,4.653266331658291
2343,3212,3469.6669638593826,256,271,0.050000000000000044,42,True,3212,257.6669638593827,3469.6669638593826,99.2619926199262,0.8282784471376838,4.915129151291513
2344,1676,1905.1930328472533,128,175,0.050000000000000044,42,True,1676,229.1930328472529,1905.1930328472533,99.42857142857143,0.8214752339283182,5.291428571428572
2345,2736,2726.4518033906006,256,218,0.050000000000000044,42,True,2736,-9.548196609398117,2726.4518033906006,55.96330275229358,0.7690365088510464,3.86697247706422
2346,2380,2612.152625257376,128,206,0.050000000000000044,42,True,2380,232.15262525737816,2612.152625257376,99.51456310679612,0.783845942361429,4.354368932038835
2347,2820,3088.256272401436,256,233,0.050000000000000044,42,True,2820,268.2562724014337,3088.256272401436,99.57081545064378,0.832210832961488,4.055793991416309
2348,3824,4091.542650208903,256,307,0.050000000000000044,42,True,3824,267.5426502089033,4091.542650208903,100.0,0.8403334145420236,4.299674267100977
2349,5072,5309.343073974737,512,352,0.050000000000000044,42,True,5072,237.3430739747408,5309.343073974737,99.43181818181819,0.7726858617791085,4.409090909090909
2350,4156,4420.886012634029,256,342,0.050000000000000044,42,True,4156,264.8860126340262,4420.886012634029,100.0,0.8105645558729397,4.538011695906433
2351,1316,1541.8881198454953,128,136,0.050000000000000044,42,True,1316,225.88811984549537,1541.8881198454953,98.52941176470588,0.7994649933310979,6.404411764705882
2352,5124,5411.007126376736,512,356,0.050000000000000044,42,True,5124,287.00712637673587,5411.007126376736,99.71910112359551,0.8002645240374717,4.030898876404494
2353,2828,3095.998838425935,256,246,0.050000000000000044,42,True,2828,267.99883842593414,3095.998838425935,100.0,0.8416635682631709,4.097560975609756
2354,4484,4782.078129367695,512,309,0.050000000000000044,42,True,4484,298.0781293676972,4782.078129367695,98.70550161812298,0.8193584642079923,4.016181229773463
2355,3688,3954.908591761183,256,294,0.050000000000000044,42,True,3688,266.9085917611839,3954.908591761183,99.31972789115646,0.8576075958007919,3.8401360544217686
2356,7460,7758.0015243558,512,527,0.050000000000000044,42,True,7460,298.00152435580094,7758.0015243558,99.81024667931689,0.8304240480425259,3.6261859582542693
2357,1552,1784.6094874364005,128,160,0.050000000000000044,42,True,1552,232.60948743640125,1784.6094874364005,100.0,0.8084625996896841,4.53125
2358,2844,3111.8917449888013,256,235,0.050000000000000044,42,True,2844,267.8917449887996,3111.8917449888013,100.0,0.80372038259469,4.468085106382978
2359,5668,5948.799878813911,512,402,0.050000000000000044,42,True,5668,280.7998788139103,5948.799878813911,99.0049751243781,0.7911667277007309,4.208955223880597
2360,3044,3307.004992319509,256,247,0.050000000000000044,42,True,3044,263.00499231950846,3307.004992319509,100.0,0.8090453515352569,5.036437246963563
2361,2796,3062.4661633154224,256,228,0.050000000000000044,42,True,2796,266.46616331542106,3062.4661633154224,99.56140350877193,0.7908039786064578,3.6535087719298245
2362,7096,7394.671656608853,512,501,0.050000000000000044,42,True,7096,298.6716566088525,7394.671656608853,99.8003992015968,0.794380065321703,4.0039920159680635
2363,784,976.8582706068618,64,100,0.050000000000000044,42,True,784,192.85827060686205,976.8582706068618,99.0,0.8178432073496554,6.27
2364,1996,2254.345629334023,256,162,0.050000000000000044,42,True,1996,258.3456293340231,2254.345629334023,98.76543209876543,0.8536535630628048,4.648148148148148
2365,2576,2837.3349201209962,256,217,0.050000000000000044,42,True,2576,261.33492012099697,2837.3349201209962,100.0,0.8274648600993991,4.949308755760368
2366,2948,3214.6949060849424,256,249,0.050000000000000044,42,True,2948,266.6949060849441,3214.6949060849424,99.59839357429719,0.8121889254033706,4.590361445783133
2367,2640,2899.316909509087,256,225,0.050000000000000044,42,True,2640,259.31690950908705,2899.316909509087,99.11111111111111,0.8275909148249114,4.737777777777778
2368,1840,2076.373892695972,128,176,0.050000000000000044,42,True,1840,236.3738926959719,2076.373892695972,99.43181818181819,0.8046991206164414,4.3352272727272725
2369,3940,4196.11693465504,256,320,0.050000000000000044,42,True,3940,256.11693465504095,4196.11693465504,99.6875,0.8273675849809317,4.034375
2370,4644,4940.874625498649,512,321,0.050000000000000044,42,True,4644,296.8746254986519,4940.874625498649,100.0,0.8490654343460476,3.8753894080996885
2371,2040,2298.656344752412,256,169,0.050000000000000044,42,True,2040,258.6563447524121,2298.656344752412,99.40828402366864,0.8223997619189519,5.769230769230769
2372,4476,4773.7186793990895,512,305,0.050000000000000044,42,True,4476,297.7186793990916,4773.7186793990895,99.67213114754098,0.8025785860120319,4.281967213114754
2373,3908,4175.337223797021,256,317,0.050000000000000044,42,True,3908,267.3372237970227,4175.337223797021,100.0,0.7876645896003602,3.9873817034700316
2374,5300,5590.144837141216,512,362,0.050000000000000044,42,True,5300,290.144837141214,5590.144837141216,99.4475138121547,0.7880548474444576,5.060773480662983
2375,584,748.9882728304884,32,87,0.050000000000000044,42,True,584,164.98827283048882,748.9882728304884,100.0,0.8230008001073902,3.9655172413793105
2376,3796,4054.187814849663,256,305,0.050000000000000044,42,True,3796,258.18781484966604,4054.187814849663,99.67213114754098,0.8357806079925899,3.960655737704918
2377,1804,2030.96121724606,128,186,0.050000000000000044,42,True,1804,226.96121724605908,2030.96121724606,97.84946236559139,0.8320692146268178,5.338709677419355
2378,6740,7035.400952197368,512,466,0.050000000000000044,42,True,6740,295.400952197369,7035.400952197368,100.0,0.7902328668234314,4.208154506437769
2379,2560,2816.3266223661517,256,218,0.050000000000000044,42,True,2560,256.32662236615215,2816.3266223661517,98.62385321100918,0.8390424881389082,5.802752293577981
2380,2464,2732.4606181968475,256,212,0.050000000000000044,42,True,2464,268.4606181968477,2732.4606181968475,99.52830188679245,0.8434135901435509,4.533018867924528
2381,1412,1646.858801900106,128,147,0.050000000000000044,42,True,1412,234.85880190010536,1646.858801900106,99.31972789115646,0.7771065360453323,5.428571428571429
2382,5620,5892.6326957456,512,393,0.050000000000000044,42,True,5620,272.63269574559894,5892.6326957456,98.9821882951654,0.8208417815674756,4.1603053435114505
2383,2952,3219.162387336598,256,246,0.050000000000000044,42,True,2952,267.16238733659566,3219.162387336598,96.34146341463415,0.793100297831692,4.951219512195122
2384,2532,2757.8991832976767,128,226,0.050000000000000044,42,True,2532,225.8991832976771,2757.8991832976767,60.61946902654867,0.7590483370615319,2.7831858407079646
2385,3340,3603.9231124174926,256,281,0.050000000000000044,42,True,3340,263.92311241749496,3603.9231124174926,100.0,0.7937878537576109,4.437722419928826
2386,1512,1507.9923927243494,128,149,0.050000000000000044,42,True,1512,-4.0076072756506935,1507.9923927243494,6.040268456375839,0.705740605160334,4.583892617449664
2387,1368,1356.2158428550383,128,141,0.050000000000000044,42,True,1368,-11.784157144961359,1356.2158428550383,34.04255319148936,0.7275898744426731,4.6879432624113475
2388,2684,2944.8311845715352,256,211,0.050000000000000044,42,True,2684,260.8311845715351,2944.8311845715352,99.0521327014218,0.8306102587864588,5.834123222748815
2389,1880,2114.0830504908845,128,179,0.050000000000000044,42,True,1880,234.0830504908836,2114.0830504908845,99.44134078212291,0.8016372608189866,4.899441340782123
2390,3020,3274.8779784946228,256,251,0.050000000000000044,42,True,3020,254.87797849462368,3274.8779784946228,98.80478087649402,0.8183981149832154,4.972111553784861
2391,3212,3468.524801005448,256,272,0.050000000000000044,42,True,3212,256.5248010054462,3468.524801005448,99.26470588235294,0.7663381648445988,5.147058823529412
2392,3720,3985.560255629948,256,292,0.050000000000000044,42,True,3720,265.5602556299453,3985.560255629948,100.0,0.7932446168899236,4.198630136986301
2393,5324,5621.640413784036,512,369,0.050000000000000044,42,True,5324,297.640413784037,5621.640413784036,99.7289972899729,0.7818020164335017,3.5907859078590785
2394,5104,5400.034254992319,512,360,0.050000000000000044,42,True,5104,296.0342549923195,5400.034254992319,99.72222222222223,0.7814754802795691,3.6416666666666666
2395,2908,3161.0869593744465,256,240,0.050000000000000044,42,True,2908,253.0869593744452,3161.0869593744465,99.58333333333333,0.8063861964962873,5.066666666666666
2396,2344,2327.3019798227333,256,195,0.050000000000000044,42,True,2344,-16.69802017726733,2327.3019798227333,71.28205128205128,0.7748858160443698,5.369230769230769
2397,2100,2368.645121878538,256,176,0.050000000000000044,42,True,2100,268.6451218785387,2368.645121878538,99.43181818181819,0.8196332032700465,5.107954545454546
2398,3352,3618.0127014466,256,275,0.050000000000000044,42,True,3352,266.01270144660083,3618.0127014466,99.27272727272727,0.8126562575464713,4.96
2399,3552,3806.9889915633403,256,296,0.050000000000000044,42,True,3552,254.98899156333772,3806.9889915633403,99.66216216216216,0.7965693889947832,4.875
2400,3104,3363.809135356328,256,258,0.050000000000000044,42,True,3104,259.80913535632675,3363.809135356328,99.2248062015504,0.8097347657028642,4.988372093023256
2401,4620,4561.031699186196,512,309,0.050000000000000044,42,True,4620,-58.968300813805286,4561.031699186196,44.01294498381877,0.8117247052826582,4.851132686084142
2402,708,694.9051229190343,64,95,0.050000000000000044,42,True,708,-13.094877080965803,694.9051229190343,44.21052631578947,0.7459681256505231,5.28421052631579
2403,2312,2577.0920462899785,256,193,0.050000000000000044,42,True,2312,265.09204628997884,2577.0920462899785,99.48186528497409,0.8473556858385981,4.709844559585492
2404,2648,2905.576869073987,256,234,0.050000000000000044,42,True,2648,257.57686907398494,2905.576869073987,99.14529914529915,0.8252824621711555,4.9743589743589745
2405,1728,1954.1517408837622,128,172,0.050000000000000044,42,True,1728,226.15174088376264,1954.1517408837622,98.83720930232558,0.8320668029531503,4.505813953488372
2406,3628,3895.2159437629653,256,306,0.050000000000000044,42,True,3628,267.21594376296736,3895.2159437629653,99.34640522875817,0.840828115388852,4.388888888888889
2407,1404,1628.0000810568476,128,144,0.050000000000000044,42,True,1404,224.00008105684898,1628.0000810568476,92.36111111111111,0.849896917741442,4.590277777777778
2408,4832,5121.985887563579,512,340,0.050000000000000044,42,True,4832,289.9858875635788,5121.985887563579,99.41176470588235,0.8291438022818829,4.158823529411765
2409,6076,6366.95133120958,512,401,0.050000000000000044,42,True,6076,290.9513312095842,6366.95133120958,99.50124688279301,0.8260711105078467,4.553615960099751
2410,1616,1606.460501530492,128,163,0.050000000000000044,42,True,1616,-9.539498469507876,1606.460501530492,21.47239263803681,0.787442520236895,4.331288343558282
2411,1488,1720.9669312908823,128,156,0.050000000000000044,42,True,1488,232.96693129088166,1720.9669312908823,100.0,0.7918483617917106,4.916666666666667
2412,5012,5004.259360058544,512,353,0.050000000000000044,42,True,5012,-7.740639941451715,5004.259360058544,88.95184135977337,0.8241432229131437,3.7790368271954673
2413,2636,2900.266208805052,256,224,0.050000000000000044,42,True,2636,264.2662088050502,2900.266208805052,100.0,0.8191017741625286,5.236607142857143
2414,2300,2568.930668511159,256,194,0.050000000000000044,42,True,2300,268.9306685111595,2568.930668511159,99.48453608247422,0.7978665564800989,5.06701030927835
2415,1036,1270.5813728684689,128,109,0.050000000000000044,42,True,1036,234.58137286846963,1270.5813728684689,99.08256880733946,0.8252709295897876,6.330275229357798
2416,6568,6858.7252478704095,512,449,0.050000000000000044,42,True,6568,290.72524787040913,6858.7252478704095,99.55456570155901,0.8350916325773765,4.472160356347438
2417,3796,4061.099380852248,256,305,0.050000000000000044,42,True,3796,265.09938085225116,4061.099380852248,99.67213114754098,0.8048694317088482,4.7081967213114755
2418,7196,7493.516336902989,512,498,0.050000000000000044,42,True,7196,297.5163369029896,7493.516336902989,99.79919678714859,0.8278983869554707,3.5281124497991967
2419,3340,3608.0044528672315,256,281,0.050000000000000044,42,True,3340,268.00445286723203,3608.0044528672315,100.0,0.7771175711905655,4.932384341637011
2420,1424,1661.046634903278,128,145,0.050000000000000044,42,True,1424,237.04663490327786,1661.046634903278,100.0,0.814920876007842,5.027586206896552
2421,2216,2474.1401537207403,256,191,0.050000000000000044,42,True,2216,258.1401537207406,2474.1401537207403,98.95287958115183,0.8108570760855746,5.424083769633508
2422,8376,8654.938222085038,512,585,0.050000000000000044,42,True,8376,278.9382220850385,8654.938222085038,99.65811965811966,0.8230808079838192,3.562393162393162
2423,412,567.0597364935019,32,68,0.050000000000000044,42,True,412,155.05973649350187,567.0597364935019,89.70588235294117,0.8095915275682798,4.088235294117647
2424,3136,3403.0722515166112,256,264,0.050000000000000044,42,True,3136,267.0722515166105,3403.0722515166112,99.62121212121212,0.8334409624709891,4.537878787878788
2425,5988,6277.452674200539,512,409,0.050000000000000044,42,True,5988,289.4526742005342,6277.452674200539,99.02200488997555,0.8067186118776559,3.743276283618582
2426,3172,3437.128293651641,256,262,0.050000000000000044,42,True,3172,265.1282936516397,3437.128293651641,100.0,0.8125602971782819,4.5038167938931295
2427,1316,1540.1274944757727,128,135,0.050000000000000044,42,True,1316,224.12749447577164,1540.1274944757727,99.25925925925925,0.7993719832655809,6.0814814814814815
2428,5104,5399.4521999047065,512,356,0.050000000000000044,42,True,5104,295.45219990470434,5399.4521999047065,100.0,0.7983226778306352,4.353932584269663
2429,6636,6932.976331031052,512,456,0.050000000000000044,42,True,6636,296.97633103105477,6932.976331031052,99.56140350877193,0.7954676255744442,4.4298245614035086
2430,1992,1981.9435484279218,256,166,0.050000000000000044,42,True,1992,-10.056451572078688,1981.9435484279218,80.12048192771084,0.8042969691263782,6.4397590361445785
2431,8072,8371.175283439608,512,546,0.050000000000000044,42,True,8072,299.17528343960686,8371.175283439608,99.81684981684981,0.805318759629047,3.9267399267399266
2432,908,1088.7246610937316,128,95,0.050000000000000044,42,True,908,180.7246610937313,1088.7246610937316,98.94736842105263,0.8443724404119238,6.684210526315789
2433,2056,2279.3199981683224,256,171,0.050000000000000044,42,True,2056,223.31999816832356,2279.3199981683224,100.0,0.8271886147562226,4.754385964912281
2434,1920,2152.762711549097,128,189,0.050000000000000044,42,True,1920,232.7627115490962,2152.762711549097,96.29629629629629,0.8187064058749948,4.518518518518518
2435,3192,3449.2546640161463,256,266,0.050000000000000044,42,True,3192,257.25466401614415,3449.2546640161463,99.62406015037594,0.8139433500632551,4.7669172932330826
2436,2000,2223.841517542622,128,192,0.050000000000000044,42,True,2000,223.84151754262365,2223.841517542622,26.041666666666668,0.7503669192586132,4.333333333333333
2437,3352,3613.968649102978,256,275,0.050000000000000044,42,True,3352,261.96864910297654,3613.968649102978,99.63636363636364,0.8350749325296909,4.912727272727273
2438,4920,5210.1329467323285,512,347,0.050000000000000044,42,True,4920,290.13294673232366,5210.1329467323285,95.67723342939482,0.7826514946603585,4.645533141210374
2439,1044,1277.1871345199033,128,113,0.050000000000000044,42,True,1044,233.1871345199036,1277.1871345199033,100.0,0.8023537178042678,4.743362831858407
2440,2304,2567.120667713469,256,190,0.050000000000000044,42,True,2304,263.1206677134688,2567.120667713469,69.47368421052632,0.7906081414672828,4.468421052631579
2441,2848,3116.9579358260507,256,240,0.050000000000000044,42,True,2848,268.9579358260526,3116.9579358260507,100.0,0.7973137711959041,5.479166666666667
2442,6876,7156.869653524492,512,470,0.050000000000000044,42,True,6876,280.8696535244922,7156.869653524492,99.57446808510639,0.7695247981108483,4.7957446808510635
2443,5556,5809.8742644452295,512,389,0.050000000000000044,42,True,5556,253.87426444523214,5809.8742644452295,100.0,0.7997304976202401,4.506426735218509
2444,3144,3410.6915420286914,256,265,0.050000000000000044,42,True,3144,266.6915420286891,3410.6915420286914,100.0,0.7895772549874848,5.626415094339623
2445,5612,5910.829867457482,512,392,0.050000000000000044,42,True,5612,298.8298674574835,5910.829867457482,100.0,0.8238634261662973,4.497448979591836
2446,1332,1569.8136874444178,128,138,0.050000000000000044,42,True,1332,237.8136874444175,1569.8136874444178,99.27536231884058,0.8103143485618703,6.36231884057971
2447,3320,3587.765995154914,256,281,0.050000000000000044,42,True,3320,267.76599515491523,3587.765995154914,99.644128113879,0.8028823751914266,4.903914590747331
2448,2236,2494.854206533626,256,186,0.050000000000000044,42,True,2236,258.85420653362496,2494.854206533626,98.9247311827957,0.7985042512170291,5.048387096774194
2449,3196,3172.252527488827,256,266,0.050000000000000044,42,True,3196,-23.747472511173306,3172.252527488827,76.3157894736842,0.8071895582583041,3.1466165413533833
2450,1104,1305.285688818116,64,128,0.050000000000000044,42,True,1104,201.28568881811577,1305.285688818116,99.21875,0.8059386952907748,4.546875
2451,6568,6867.924939398321,512,450,0.050000000000000044,42,True,6568,299.92493939832286,6867.924939398321,99.77777777777777,0.8078491491050745,4.068888888888889
2452,1424,1371.8241620060369,128,146,0.050000000000000044,42,True,1424,-52.17583799396311,1371.8241620060369,91.0958904109589,0.81204886255371,4.075342465753424
2453,1156,1377.6282482373688,128,125,0.050000000000000044,42,True,1156,221.62824823736864,1377.6282482373688,99.2,0.8091874587788791,5.504
2454,1232,1222.2152777982935,128,133,0.050000000000000044,42,True,1232,-9.784722201706215,1222.2152777982935,22.55639097744361,0.7705134233345805,2.8345864661654137
2455,540,741.9376900347536,64,75,0.050000000000000044,42,True,540,201.93769003475362,741.9376900347536,100.0,0.8147465420620089,6.96
2456,3668,3923.594260943114,256,305,0.050000000000000044,42,True,3668,255.5942609431113,3923.594260943114,99.67213114754098,0.8004415022219155,5.00327868852459
2457,372,364.40375917392055,32,67,0.050000000000000044,42,True,372,-7.596240826079541,364.40375917392055,7.462686567164179,0.7731051804198186,4.08955223880597
2458,6980,7275.40970951693,512,477,0.050000000000000044,42,True,6980,295.40970951693146,7275.40970951693,99.58071278825996,0.7963099255703419,4.515723270440252
2459,2016,2282.423260819095,256,167,0.050000000000000044,42,True,2016,266.42326081909505,2282.423260819095,99.40119760479043,0.8079460097543476,6.1437125748503
2460,3732,3998.1984707963425,256,319,0.050000000000000044,42,True,3732,266.19847079634314,3998.1984707963425,93.41692789968653,0.8007453250038413,4.438871473354232
2461,2552,2817.6472411023597,256,219,0.050000000000000044,42,True,2552,265.64724110236034,2817.6472411023597,100.0,0.7920237136874998,5.155251141552512
2462,5364,5653.683956055261,512,374,0.050000000000000044,42,True,5364,289.6839560552634,5653.683956055261,99.46524064171123,0.7897652606585195,4.981283422459893
2463,3100,3366.302878277826,256,256,0.050000000000000044,42,True,3100,266.3028782778268,3366.302878277826,100.0,0.7882761306040786,4.51953125
2464,5676,5975.666453380069,512,395,0.050000000000000044,42,True,5676,299.6664533800649,5975.666453380069,99.74683544303798,0.8374825431597669,4.794936708860759
2465,1356,1584.4083983226708,128,143,0.050000000000000044,42,True,1356,228.40839832267076,1584.4083983226708,98.6013986013986,0.8121896022873855,5.685314685314685
2466,3300,3556.6989497374348,256,281,0.050000000000000044,42,True,3300,256.69894973743436,3556.6989497374348,99.644128113879,0.8008658800747591,4.419928825622776
2467,6900,7197.173265440673,512,468,0.050000000000000044,42,True,6900,297.1732654406818,7197.173265440673,99.78632478632478,0.8182851240104397,4.1752136752136755
2468,2892,3152.7723479377337,256,236,0.050000000000000044,42,True,2892,260.77234793773073,3152.7723479377337,100.0,0.8219828638715027,4.211864406779661
2469,508,709.6052029245865,64,68,0.050000000000000044,42,True,508,201.6052029245863,709.6052029245865,98.52941176470588,0.8303252204078538,6.882352941176471
2470,6860,7157.559744577274,512,455,0.050000000000000044,42,True,6860,297.55974457727615,7157.559744577274,99.56043956043956,0.7672396634182762,4.043956043956044
2471,2948,3214.79742017423,256,238,0.050000000000000044,42,True,2948,266.79742017422905,3214.79742017423,97.47899159663865,0.7912167125678657,4.760504201680672
2472,2324,2546.7139414163903,256,195,0.050000000000000044,42,True,2324,222.71394141638856,2546.7139414163903,100.0,0.8239908610698162,5.015384615384615
2473,1240,1222.005442769959,128,127,0.050000000000000044,42,True,1240,-17.99455723004109,1222.005442769959,65.35433070866142,0.7961710658259582,5.803149606299213
2474,7212,7499.747739333284,512,503,0.050000000000000044,42,True,7212,287.7477393332776,7499.747739333284,99.80119284294234,0.7894648448613333,4.204771371769383
2475,1196,1189.9493494720132,128,131,0.050000000000000044,42,True,1196,-6.050650527986765,1189.9493494720132,11.450381679389313,0.7489519753551233,4.366412213740458
2476,1648,1624.5879211540052,128,169,0.050000000000000044,42,True,1648,-23.412078845995204,1624.5879211540052,43.19526627218935,0.7742436667654836,4.4733727810650885
2477,5276,5559.663225494323,512,371,0.050000000000000044,42,True,5276,283.6632254943271,5559.663225494323,99.46091644204851,0.8164227811194396,4.725067385444744
2478,3184,3418.2115501155076,256,264,0.050000000000000044,42,True,3184,234.2115501155057,3418.2115501155076,98.48484848484848,0.8031600771963223,4.443181818181818
2479,2972,3230.8940714908445,256,240,0.050000000000000044,42,True,2972,258.89407149084565,3230.8940714908445,99.16666666666667,0.8231299158682478,4.245833333333334
2480,4912,5207.278716960877,512,341,0.050000000000000044,42,True,4912,295.27871696088016,5207.278716960877,100.0,0.8173536622475198,4.146627565982405
2481,3340,3546.3898802157614,256,279,0.050000000000000044,42,True,3340,206.38988021576094,3546.3898802157614,99.2831541218638,0.7961583603053003,4.437275985663082
2482,1564,1556.7397073495179,128,167,0.050000000000000044,42,True,1564,-7.2602926504822065,1556.7397073495179,18.562874251497007,0.7571040985328266,3.0119760479041915
2483,3548,3761.1069082010686,256,294,0.050000000000000044,42,True,3548,213.10690820106845,3761.1069082010686,99.65986394557824,0.8134333161325321,4.244897959183674
2484,3204,3462.0709677419377,256,276,0.050000000000000044,42,True,3204,258.0709677419355,3462.0709677419377,99.6376811594203,0.7914293596055444,5.119565217391305
2485,2756,3021.224543499889,256,233,0.050000000000000044,42,True,2756,265.2245434998877,3021.224543499889,56.652360515021456,0.7597371850407875,4.081545064377682
2486,6880,7171.003471039388,512,470,0.050000000000000044,42,True,6880,291.00347103938725,7171.003471039388,94.8936170212766,0.8108099591059303,4.082978723404255
2487,4472,4760.131336405527,512,307,0.050000000000000044,42,True,4472,288.13133640552996,4760.131336405527,99.6742671009772,0.8296684980699457,4.55700325732899
2488,4260,4542.069442083126,512,279,0.050000000000000044,42,True,4260,282.06944208312825,4542.069442083126,98.9247311827957,0.8470987533644745,4.767025089605735
2489,1336,1569.6003653024577,128,137,0.050000000000000044,42,True,1336,233.60036530245804,1569.6003653024577,99.27007299270073,0.7979791269908221,5.613138686131387
2490,2500,2767.854234343131,256,216,0.050000000000000044,42,True,2500,267.8542343431291,2767.854234343131,99.53703703703704,0.8082739759433997,5.393518518518518
2491,2044,2270.959928808936,128,192,0.050000000000000044,42,True,2044,226.95992880893775,2270.959928808936,98.95833333333333,0.8234220615467535,5.109375
2492,3492,3746.8828270196705,256,293,0.050000000000000044,42,True,3492,254.88282701966983,3746.8828270196705,99.65870307167235,0.8090959273505973,4.5290102389078495
2493,2212,2435.598677627519,128,208,0.050000000000000044,42,True,2212,223.59867762751875,2435.598677627519,17.307692307692307,0.7675196256586609,3.6298076923076925
2494,3104,3373.3564637139957,256,256,0.050000000000000044,42,True,3104,269.35646371399923,3373.3564637139957,100.0,0.8061864769831366,4.84375
2495,2388,2649.413312366055,256,205,0.050000000000000044,42,True,2388,261.41331236605527,2649.413312366055,99.51219512195122,0.7983389812879067,4.380487804878049
2496,2944,3210.3471645794643,256,232,0.050000000000000044,42,True,2944,266.34716457946365,3210.3471645794643,99.56896551724138,0.8133195946866019,4.698275862068965
2497,7348,7638.279925459455,512,515,0.050000000000000044,42,True,7348,290.2799254594525,7638.279925459455,99.6116504854369,0.8057202363759055,4.122330097087379
2498,1332,1565.3684269178766,128,133,0.050000000000000044,42,True,1332,233.3684269178764,1565.3684269178766,99.24812030075188,0.802674798897813,6.06015037593985
2499,3664,3935.335013688332,256,306,0.050000000000000044,42,True,3664,271.3350136883326,3935.335013688332,100.0,0.7953848151924805,4.483660130718954
2500,3316,3582.7888027295285,256,273,0.050000000000000044,42,True,3316,266.7888027295286,3582.7888027295285,100.0,0.8002823133940379,5.531135531135531
2501,7016,7313.915062058665,512,475,0.050000000000000044,42,True,7016,297.91506205866796,7313.915062058665,100.0,0.787939061459994,4.191578947368421
2502,3416,3673.8376138292947,256,285,0.050000000000000044,42,True,3416,257.83761382929464,3673.8376138292947,98.24561403508773,0.8004624833357208,4.575438596491228
2503,6896,7173.780705269485,512,473,0.050000000000000044,42,True,6896,277.78070526948505,7173.780705269485,99.57716701902748,0.7907479863789171,3.8477801268498943
2504,1356,1590.0341010092475,128,141,0.050000000000000044,42,True,1356,234.0341010092473,1590.0341010092475,99.29078014184397,0.7897165300446009,6.340425531914893
2505,6408,6707.806023123391,512,442,0.050000000000000044,42,True,6408,299.8060231233985,6707.806023123391,99.77375565610859,0.7925405413239429,3.8484162895927603
2506,4676,4975.618023553508,512,323,0.050000000000000044,42,True,4676,299.61802355350744,4975.618023553508,99.38080495356037,0.8151364440087351,4.7368421052631575
2507,1448,1672.348719733891,128,151,0.050000000000000044,42,True,1448,224.3487197338903,1672.348719733891,97.35099337748345,0.8001648510754369,5.774834437086093
2508,3420,3663.735321953499,256,287,0.050000000000000044,42,True,3420,243.7353219535,3663.735321953499,98.95470383275261,0.7935317141184054,5.048780487804878
2509,3208,3186.118254628606,256,270,0.050000000000000044,42,True,3208,-21.88174537139577,3186.118254628606,84.07407407407408,0.7804646695707582,5.125925925925926
2510,3484,3746.0188012979584,256,290,0.050000000000000044,42,True,3484,262.0188012979576,3746.0188012979584,100.0,0.7891400055542047,4.76551724137931
2511,2388,2645.643079710232,256,205,0.050000000000000044,42,True,2388,257.64307971023277,2645.643079710232,99.02439024390245,0.8301533403452975,5.4975609756097565
2512,5032,5321.155986649979,512,344,0.050000000000000044,42,True,5032,289.15598664997907,5321.155986649979,99.12790697674419,0.7942205170266281,5.0145348837209305
2513,1220,1221.6731330830203,64,138,0.050000000000000044,42,True,1220,1.6731330830204438,1221.6731330830203,0.0,0.7274971365670487,3.7246376811594204
2514,1380,1616.6417269781098,128,146,0.050000000000000044,42,True,1380,236.64172697811028,1616.6417269781098,100.0,0.8314390548562266,5.3561643835616435
2515,1584,1809.9338214434504,128,164,0.050000000000000044,42,True,1584,225.9338214434507,1809.9338214434504,99.39024390243902,0.7960010568944652,4.762195121951219
2516,3256,3519.7306070449904,256,264,0.050000000000000044,42,True,3256,263.730607044991,3519.7306070449904,98.86363636363636,0.8077978838162287,4.401515151515151
2517,4816,5112.845082146173,512,325,0.050000000000000044,42,True,4816,296.8450821461711,5112.845082146173,100.0,0.8208946127257405,4.473846153846154
2518,5336,5619.281630345198,512,371,0.050000000000000044,42,True,5336,283.28163034519775,5619.281630345198,99.46091644204851,0.8025307732016429,4.9245283018867925
2519,320,317.2838676256399,32,58,0.050000000000000044,42,True,320,-2.716132374359976,317.2838676256399,0.0,0.7015264028533388,5.327586206896552
2520,4760,5042.836152685455,512,324,0.050000000000000044,42,True,4760,282.83615268545327,5042.836152685455,99.07407407407408,0.7876076407379573,4.675925925925926
2521,3652,3875.309062151859,256,312,0.050000000000000044,42,True,3652,223.30906215185888,3875.309062151859,100.0,0.7827113917244249,5.1923076923076925
2522,2804,2799.5872534694436,256,230,0.050000000000000044,42,True,2804,-4.4127465305555535,2799.5872534694436,49.56521739130435,0.7604407531541986,3.882608695652174
2523,5292,5282.459732797269,512,365,0.050000000000000044,42,True,5292,-9.540267202732482,5282.459732797269,85.75342465753425,0.7621095274776475,4.597260273972603
2524,3020,3005.3653793361395,256,251,0.050000000000000044,42,True,3020,-14.634620663861638,3005.3653793361395,35.059760956175296,0.7535417591529103,4.824701195219124
2525,3068,3331.764762873784,256,252,0.050000000000000044,42,True,3068,263.76476287378296,3331.764762873784,100.0,0.8139608683991054,4.857142857142857
2526,660,854.6043524914489,64,87,0.050000000000000044,42,True,660,194.60435249144925,854.6043524914489,97.70114942528735,0.8172862541890061,6.379310344827586
2527,1356,1590.166319982571,128,144,0.050000000000000044,42,True,1356,234.1663199825699,1590.166319982571,99.30555555555556,0.8004309239695008,5.638888888888889
2528,4508,4763.244765564431,512,304,0.050000000000000044,42,True,4508,255.24476556443182,4763.244765564431,100.0,0.7776382139204987,4.743421052631579
2529,2924,3179.0528453629245,256,243,0.050000000000000044,42,True,2924,255.05284536292373,3179.0528453629245,98.76543209876543,0.807351707068553,4.518518518518518
2530,1508,1741.568727759253,128,160,0.050000000000000044,42,True,1508,233.56872775925223,1741.568727759253,100.0,0.7884126647256681,5.74375
2531,4908,5146.260406415165,512,337,0.050000000000000044,42,True,4908,238.2604064151631,5146.260406415165,99.40652818991099,0.7852646025147924,4.160237388724036
2532,3420,3669.165540194569,256,286,0.050000000000000044,42,True,3420,249.1655401945725,3669.165540194569,99.3006993006993,0.8027494465000582,5.094405594405594
2533,5564,5851.106208121751,512,394,0.050000000000000044,42,True,5564,287.1062081217564,5851.106208121751,99.49238578680203,0.7967013080605004,3.8426395939086295
2534,1272,1262.4222074015497,128,129,0.050000000000000044,42,True,1272,-9.577792598450058,1262.4222074015497,55.81395348837209,0.7727994586874353,4.992248062015504
2535,5040,5328.803923568246,512,340,0.050000000000000044,42,True,5040,288.8039235682465,5328.803923568246,99.11764705882354,0.7879708041687101,5.508823529411765
2536,3120,3387.7097559810236,256,260,0.050000000000000044,42,True,3120,267.70975598102234,3387.7097559810236,99.61538461538461,0.7683549957715896,5.626923076923077
2537,2864,3129.7672833356064,256,239,0.050000000000000044,42,True,2864,265.7672833356092,3129.7672833356064,99.581589958159,0.7755646825337005,5.669456066945607
2538,1332,1546.8470449172578,128,140,0.050000000000000044,42,True,1332,214.84704491725768,1546.8470449172578,98.57142857142857,0.7962228311724844,5.764285714285714
2539,2380,2645.275510397146,256,204,0.050000000000000044,42,True,2380,265.2755103971453,2645.275510397146,100.0,0.801878593072475,5.392156862745098
2540,7240,7537.524576148679,512,501,0.050000000000000044,42,True,7240,297.52457614867325,7537.524576148679,99.8003992015968,0.7779436000617332,4.574850299401198
2541,6408,6705.488938372653,512,436,0.050000000000000044,42,True,6408,297.48893837265285,6705.488938372653,100.0,0.7952383494611861,4.995412844036697
2542,316,306.7862061222962,32,58,0.050000000000000044,42,True,316,-9.213793877703761,306.7862061222962,10.344827586206897,0.6760336796704337,5.982758620689655
2543,2864,3128.1578789367404,256,233,0.050000000000000044,42,True,2864,264.1578789367392,3128.1578789367404,100.0,0.7881356038372471,5.828326180257511
2544,6368,6666.3855487865785,512,433,0.050000000000000044,42,True,6368,298.3855487865775,6666.3855487865785,99.7690531177829,0.7865274714590145,4.840646651270208
2545,3424,3691.8965945953496,256,287,0.050000000000000044,42,True,3424,267.89659459534715,3691.8965945953496,99.65156794425087,0.8068815488914075,5.320557491289199
2546,668,866.1461528787507,64,93,0.050000000000000044,42,True,668,198.1461528787505,866.1461528787507,100.0,0.7897465976514326,5.473118279569892
2547,3252,3504.526907831126,256,270,0.050000000000000044,42,True,3252,252.526907831124,3504.526907831126,99.62962962962963,0.7947860013464301,4.433333333333334
2548,2792,3039.373307593938,256,242,0.050000000000000044,42,True,2792,247.3733075939391,3039.373307593938,91.32231404958678,0.7888494200393579,5.578512396694215
2549,5352,5644.145568959722,512,374,0.050000000000000044,42,True,5352,292.14556895972555,5644.145568959722,99.46524064171123,0.8229146136256051,4.593582887700535
2550,2136,2393.2891858678963,256,180,0.050000000000000044,42,True,2136,257.2891858678955,2393.2891858678963,99.44444444444444,0.8235547159468675,6.083333333333333
2551,2260,2511.9943627176876,256,188,0.050000000000000044,42,True,2260,251.99436271768855,2511.9943627176876,98.93617021276596,0.7883696156495859,5.675531914893617
2552,708,700.1300678979004,64,95,0.050000000000000044,42,True,708,-7.869932102099341,700.1300678979004,11.578947368421053,0.7571278268498445,4.610526315789474
2553,2524,2772.187457180448,256,213,0.050000000000000044,42,True,2524,248.18745718044872,2772.187457180448,61.032863849765256,0.7575430745390149,4.582159624413146
2554,3560,3815.8669040636796,256,285,0.050000000000000044,42,True,3560,255.86690406367825,3815.8669040636796,99.64912280701755,0.8242880796400404,4.045614035087719
2555,2128,2396.8856621227383,256,177,0.050000000000000044,42,True,2128,268.88566212273815,2396.8856621227383,98.87005649717514,0.7971585332616082,5.581920903954802
2556,7040,7286.587761824854,512,476,0.050000000000000044,42,True,7040,246.58776182484925,7286.587761824854,99.78991596638656,0.7938009946106466,4.434873949579832
2557,4792,4784.3401433691715,512,333,0.050000000000000044,42,True,4792,-7.65985663082439,4784.3401433691715,93.3933933933934,0.7981670146162044,4.129129129129129
2558,820,1008.0879588973668,64,101,0.050000000000000044,42,True,820,188.087958897367,1008.0879588973668,69.3069306930693,0.7926159040605328,5.782178217821782
2559,5248,5521.224453222147,512,365,0.050000000000000044,42,True,5248,273.2244532221491,5521.224453222147,98.9041095890411,0.78912827621907,4.657534246575342
2560,2944,3207.7745792906344,256,241,0.050000000000000044,42,True,2944,263.77457929063445,3207.7745792906344,100.0,0.7797389294150888,4.668049792531121
2561,1144,1133.808507640016,128,122,0.050000000000000044,42,True,1144,-10.191492359984498,1133.808507640016,3.278688524590164,0.7391007877992231,4.713114754098361
2562,1916,2148.266610309294,128,197,0.050000000000000044,42,True,1916,232.26661030929375,2148.266610309294,100.0,0.8197333367337543,4.746192893401015
2563,2756,3020.5456725244267,256,220,0.050000000000000044,42,True,2756,264.545672524426,3020.5456725244267,100.0,0.8047114306754783,5.631818181818182
2564,2928,3109.2671075330654,256,241,0.050000000000000044,42,True,2928,181.267107533065,3109.2671075330654,99.5850622406639,0.8002463986426024,5.609958506224066
2565,6488,6785.1634186074925,512,449,0.050000000000000044,42,True,6488,297.1634186074843,6785.1634186074925,99.77728285077951,0.7924317027725296,4.5300668151447665
2566,3476,3723.7153798805894,256,274,0.050000000000000044,42,True,3476,247.71537988058842,3723.7153798805894,99.27007299270073,0.7771519271535535,4.492700729927007
2567,1432,1664.800597371566,128,151,0.050000000000000044,42,True,1432,232.80059737156512,1664.800597371566,99.33774834437087,0.8051296286104465,6.198675496688741
2568,5104,5399.840323991084,512,348,0.050000000000000044,42,True,5104,295.840323991086,5399.840323991084,99.71264367816092,0.7855740832305567,4.258620689655173
2569,2804,3002.528673835126,256,241,0.050000000000000044,42,True,2804,198.52867383512543,3002.528673835126,98.7551867219917,0.7874125128508538,5.153526970954357
2570,5236,5533.531455325572,512,354,0.050000000000000044,42,True,5236,297.53145532557085,5533.531455325572,99.43502824858757,0.7926673956229454,4.901129943502825
2571,1700,1937.1167887335007,128,176,0.050000000000000044,42,True,1700,237.11678873350135,1937.1167887335007,100.0,0.7548153517304468,5.2897727272727275
2572,2156,2421.391739301536,256,174,0.050000000000000044,42,True,2156,265.3917393015363,2421.391739301536,100.0,0.7980440075536577,5.879310344827586
2573,1204,1195.5320659445,128,124,0.050000000000000044,42,True,1204,-8.467934055500415,1195.5320659445,4.032258064516129,0.7335710904253115,3.9516129032258065
2574,5332,5629.270411355268,512,371,0.050000000000000044,42,True,5332,297.27041135526633,5629.270411355268,100.0,0.7869875650909168,4.638814016172507
2575,3188,3411.502283063763,256,265,0.050000000000000044,42,True,3188,223.50228306376312,3411.502283063763,100.0,0.7746783698057682,4.913207547169812
2576,1632,1858.187832484437,128,165,0.050000000000000044,42,True,1632,226.18783248443688,1858.187832484437,98.78787878787878,0.7859084140358216,5.345454545454546
2577,3544,3789.860185012034,256,294,0.050000000000000044,42,True,3544,245.86018501203583,3789.860185012034,99.31972789115646,0.7866439532524916,4.840136054421769
2578,4492,4788.954940672526,512,311,0.050000000000000044,42,True,4492,296.9549406725289,4788.954940672526,99.67845659163987,0.7864603611207694,4.704180064308682
2579,1416,1638.61693701673,128,145,0.050000000000000044,42,True,1416,222.61693701673047,1638.61693701673,99.3103448275862,0.7837315771775298,5.524137931034483
2580,9476,9805.29090428345,1024,526,0.050000000000000044,42,True,9476,329.29090428344796,9805.29090428345,99.80988593155894,0.7725831065617776,4.239543726235741
2581,2808,3029.545865025326,256,231,0.050000000000000044,42,True,2808,221.545865025327,3029.545865025326,100.0,0.7788374788264523,5.06926406926407
2582,3008,3273.1289495450783,256,252,0.050000000000000044,42,True,3008,265.12894954507857,3273.1289495450783,100.0,0.8098647831973982,5.7103174603174605
2583,12328,12650.133981946461,1024,726,0.050000000000000044,42,True,12328,322.1339819464612,12650.133981946461,99.72451790633609,0.8095050785977039,3.8057851239669422
2584,5344,5633.073401145626,512,373,0.050000000000000044,42,True,5344,289.0734011456311,5633.073401145626,99.73190348525469,0.8177457554270585,4.498659517426273
2585,6488,6780.912889155636,512,446,0.050000000000000044,42,True,6488,292.9128891556359,6780.912889155636,100.0,0.7863467853359103,4.349775784753363
2586,4516,4810.1946410691735,512,301,0.050000000000000044,42,True,4516,294.19464106917417,4810.1946410691735,99.33554817275747,0.7716355179678199,4.3887043189368775
2587,1352,1587.663151000481,128,139,0.050000000000000044,42,True,1352,235.6631510004807,1587.663151000481,100.0,0.8123618814708407,5.863309352517986
2588,3228,3490.3660882114264,256,271,0.050000000000000044,42,True,3228,262.3660882114287,3490.3660882114264,99.6309963099631,0.781075461178835,5.059040590405904
2589,1292,1482.869304291884,128,132,0.050000000000000044,42,True,1292,190.86930429188493,1482.869304291884,100.0,0.8108895913845673,5.113636363636363
2590,5820,6114.185882789704,512,423,0.050000000000000044,42,True,5820,294.18588278969685,6114.185882789704,99.29078014184397,0.7759900196063436,4.754137115839243
2591,3032,3281.3004500866396,256,253,0.050000000000000044,42,True,3032,249.30045008664166,3281.3004500866396,99.2094861660079,0.7570762917332956,5.055335968379446
2592,1396,1623.288489320015,128,143,0.050000000000000044,42,True,1396,227.28848932001455,1623.288489320015,82.51748251748252,0.7758029573644971,5.888111888111888
2593,5124,5421.210766807892,512,351,0.050000000000000044,42,True,5124,297.21076680789065,5421.210766807892,99.71509971509971,0.7682040884099204,5.301994301994302
2594,2988,3255.050336582474,256,243,0.050000000000000044,42,True,2988,267.0503365824762,3255.050336582474,98.76543209876543,0.8138350395494475,5.823045267489712
2595,3480,3736.9935356368737,256,293,0.050000000000000044,42,True,3480,256.9935356368736,3736.9935356368737,99.31740614334471,0.7771251349537313,5.180887372013652
2596,3452,3701.5809195516667,256,287,0.050000000000000044,42,True,3452,249.58091955166807,3701.5809195516667,98.95470383275261,0.7829750155691844,4.790940766550523
2597,1552,1777.371103360074,128,166,0.050000000000000044,42,True,1552,225.37110336007441,1777.371103360074,99.39759036144578,0.7967793265603088,5.759036144578313
2598,3180,3385.123298053713,256,270,0.050000000000000044,42,True,3180,205.1232980537128,3385.123298053713,99.25925925925925,0.8003829223727836,4.7592592592592595
2599,3052,3308.19390019485,256,248,0.050000000000000044,42,True,3052,256.1939001948474,3308.19390019485,99.59677419354838,0.7856073477336678,5.229838709677419
2600,5616,5903.84587673135,512,392,0.050000000000000044,42,True,5616,287.84587673134666,5903.84587673135,99.74489795918367,0.7738409059497812,4.747448979591836
2601,2956,3215.1462026141835,256,243,0.050000000000000044,42,True,2956,259.1462026141824,3215.1462026141835,99.58847736625515,0.7988227172293599,4.20164609053498
2602,2748,3005.258134682147,256,235,0.050000000000000044,42,True,2748,257.25813468214795,3005.258134682147,99.57446808510639,0.8153757675770705,5.140425531914894
2603,7092,7390.64560906367,512,489,0.050000000000000044,42,True,7092,298.64560906366785,7390.64560906367,99.79550102249489,0.8053482688645851,3.6012269938650308
2604,3276,3532.588479262675,256,274,0.050000000000000044,42,True,3276,256.5884792626728,3532.588479262675,99.63503649635037,0.8038649429780818,4.350364963503649
2605,5436,5717.338544251447,512,379,0.050000000000000044,42,True,5436,281.33854425144744,5717.338544251447,88.65435356200528,0.7887137671503883,4.266490765171504
2606,5316,5568.79383727929,512,366,0.050000000000000044,42,True,5316,252.7938372792924,5568.79383727929,100.0,0.8008651643979281,4.456284153005464
2607,6188,6181.315530313914,512,419,0.050000000000000044,42,True,6188,-6.684469686085002,6181.315530313914,96.65871121718376,0.7947972357949445,5.238663484486874
2608,6000,6271.143060424589,512,394,0.050000000000000044,42,True,6000,271.143060424586,6271.143060424589,98.98477157360406,0.7809068420237885,4.903553299492386
2609,2452,2720.641356064405,256,209,0.050000000000000044,42,True,2452,268.6413560644047,2720.641356064405,99.52153110047847,0.8529224040467158,5.358851674641149
2610,3064,3322.685375074797,256,252,0.050000000000000044,42,True,3064,258.6853750747974,3322.685375074797,99.2063492063492,0.8021810099341147,6.154761904761905
2611,2496,2657.8569193742474,256,206,0.050000000000000044,42,True,2496,161.85691937424792,2657.8569193742474,98.54368932038835,0.8150536836488537,4.927184466019417
2612,7268,7542.183037345787,512,501,0.050000000000000044,42,True,7268,274.1830373457859,7542.183037345787,99.00199600798403,0.8199909405721081,3.8982035928143715
2613,6648,6946.019204545019,512,462,0.050000000000000044,42,True,6648,298.0192045450229,6946.019204545019,99.78354978354979,0.8058244554474695,4.257575757575758
2614,2264,2523.350284651082,256,186,0.050000000000000044,42,True,2264,259.35028465108275,2523.350284651082,99.46236559139786,0.8187095058653455,5.89247311827957
2615,3368,3632.3308862634694,256,285,0.050000000000000044,42,True,3368,264.3308862634717,3632.3308862634694,100.0,0.7946252597415485,5.768421052631579
2616,2624,2880.23949253234,256,221,0.050000000000000044,42,True,2624,256.2394925323414,2880.23949253234,99.5475113122172,0.8024884970421642,4.895927601809955
2617,4864,5116.686889361935,512,337,0.050000000000000044,42,True,4864,252.6868893619344,5116.686889361935,100.0,0.7767262013536177,5.222551928783383
2618,1824,2049.4100884505087,128,190,0.050000000000000044,42,True,1824,225.41008845050953,2049.4100884505087,98.94736842105263,0.7954008688389296,4.9526315789473685
2619,11804,12123.12785345588,1024,688,0.050000000000000044,42,True,11804,319.1278534558731,12123.12785345588,96.36627906976744,0.813629165930999,3.8822674418604652
2620,2896,3161.711280507754,256,232,0.050000000000000044,42,True,2896,265.7112805077537,3161.711280507754,100.0,0.8204111363053118,5.168103448275862
2621,3708,3973.047915540049,256,313,0.050000000000000044,42,True,3708,265.0479155400499,3973.047915540049,99.68051118210863,0.7934242454419517,4.814696485623003
2622,4168,4417.985255407967,256,320,0.050000000000000044,42,True,4168,249.9852554079697,4417.985255407967,95.625,0.7982890644475549,4.421875
2623,6296,6585.93277646599,512,419,0.050000000000000044,42,True,6296,289.9327764659932,6585.93277646599,99.52267303102626,0.8071707947180454,4.143198090692124
2624,2812,3077.838073293832,256,231,0.050000000000000044,42,True,2812,265.83807329383365,3077.838073293832,98.7012987012987,0.8003700538919769,5.445887445887446
2625,2872,3121.6343808890383,256,235,0.050000000000000044,42,True,2872,249.6343808890367,3121.6343808890383,98.29787234042553,0.8034374969405865,6.229787234042553
2626,2336,2602.5811057093165,256,194,0.050000000000000044,42,True,2336,266.5811057093179,2602.5811057093165,99.48453608247422,0.8158325582619573,5.675257731958763
2627,1088,1262.5587516096487,128,117,0.050000000000000044,42,True,1088,174.55875160964908,1262.5587516096487,94.01709401709402,0.8411258619148625,6.384615384615385
2628,3044,3307.3139337662997,256,246,0.050000000000000044,42,True,3044,263.3139337663035,3307.3139337662997,100.0,0.8065183678893704,4.402439024390244
2629,7912,8208.98602008889,512,549,0.050000000000000044,42,True,7912,296.98602008889424,8208.98602008889,100.0,0.8031572963881657,3.568306010928962
2630,3596,3854.471676655653,256,291,0.050000000000000044,42,True,3596,258.4716766556538,3854.471676655653,99.65635738831615,0.7843452501758327,4.209621993127148
2631,2336,2591.122700119475,256,198,0.050000000000000044,42,True,2336,255.1227001194743,2591.122700119475,99.4949494949495,0.7955022270356625,5.055555555555555
2632,5032,5333.285323604739,512,342,0.050000000000000044,42,True,5032,301.285323604742,5333.285323604739,99.70760233918129,0.7903222516700661,5.064327485380117
2633,616,598.6397169423133,64,83,0.050000000000000044,42,True,616,-17.360283057686917,598.6397169423133,7.228915662650603,0.7105934895868609,4.397590361445783
2634,816,807.384059316921,64,104,0.050000000000000044,42,True,816,-8.615940683078763,807.384059316921,25.0,0.7921947137697722,5.211538461538462
2635,612,816.8464019851116,64,84,0.050000000000000044,42,True,612,204.84640198511167,816.8464019851116,100.0,0.8145829763989293,5.535714285714286
2636,3132,3391.804768234168,256,262,0.050000000000000044,42,True,3132,259.8047682341686,3391.804768234168,99.23664122137404,0.7929020923821899,4.423664122137405
2637,3076,3332.704620556471,256,250,0.050000000000000044,42,True,3076,256.7046205564695,3332.704620556471,99.2,0.8220167977038126,4.456
2638,6076,6373.617525195963,512,411,0.050000000000000044,42,True,6076,297.61752519596865,6373.617525195963,97.5669099756691,0.8249058383010082,3.7883211678832116
2639,4624,4894.271925272448,256,353,0.050000000000000044,42,True,4624,270.2719252724442,4894.271925272448,100.0,0.8048756649454051,3.424929178470255
2640,2168,2425.882759385907,256,177,0.050000000000000044,42,True,2168,257.8827593859065,2425.882759385907,99.43502824858757,0.7963830174998386,5.632768361581921
2641,5628,5927.195328864691,512,391,0.050000000000000044,42,True,5628,299.19532886468374,5927.195328864691,100.0,0.8035219962409265,4.189258312020461
2642,800,952.8003055088217,32,112,0.050000000000000044,42,True,800,152.80030550882208,952.8003055088217,97.32142857142857,0.8060952189321107,4.089285714285714
2643,2904,3168.2619901357252,256,243,0.050000000000000044,42,True,2904,264.2619901357238,3168.2619901357252,100.0,0.7898355633246233,5.078189300411522
2644,2960,3141.0377887501418,256,248,0.050000000000000044,42,True,2960,181.03778875014083,3141.0377887501418,99.59677419354838,0.7940531827057813,5.560483870967742
2645,5084,5374.22759853505,512,350,0.050000000000000044,42,True,5084,290.227598535054,5374.22759853505,99.14285714285714,0.8246459143482493,3.96
2646,6268,6564.688778103613,512,415,0.050000000000000044,42,True,6268,296.6887781036168,6564.688778103613,99.75903614457832,0.7958269187925234,4.891566265060241
2647,2320,2296.9323543572455,256,197,0.050000000000000044,42,True,2320,-23.06764564275397,2296.9323543572455,15.228426395939087,0.7781752689493916,2.746192893401015
2648,2488,2754.6171116054875,256,208,0.050000000000000044,42,True,2488,266.6171116054876,2754.6171116054875,99.51923076923077,0.7708435241189484,4.552884615384615
2649,3228,3486.854278929067,256,270,0.050000000000000044,42,True,3228,258.8542789290662,3486.854278929067,99.25925925925925,0.7918938155889448,4.503703703703704
2650,2128,2118.6159636062866,256,179,0.050000000000000044,42,True,2128,-9.384036393713828,2118.6159636062866,77.09497206703911,0.8223470617396662,5.849162011173185
2651,3024,3292.6362987480943,256,243,0.050000000000000044,42,True,3024,268.6362987480923,3292.6362987480943,100.0,0.8147763023626318,4.91358024691358
2652,2720,2978.419141547354,256,215,0.050000000000000044,42,True,2720,258.41914154735366,2978.419141547354,99.06976744186046,0.806199508435113,5.274418604651163
2653,5284,5572.935403359993,512,367,0.050000000000000044,42,True,5284,288.9354033599914,5572.935403359993,97.27520435967303,0.7905242257759031,4.267029972752043
2654,2328,2316.985215053764,256,203,0.050000000000000044,42,True,2328,-11.01478494623657,2316.985215053764,11.330049261083744,0.8030461859589668,4.596059113300493
2655,768,762.7017332950671,64,101,0.050000000000000044,42,True,768,-5.298266704932859,762.7017332950671,43.56435643564357,0.84662916095648,4.237623762376238
2656,5316,5607.410600430737,512,367,0.050000000000000044,42,True,5316,291.41060043073867,5607.410600430737,99.1825613079019,0.7848486718551667,5.76566757493188
2657,2560,2551.9856888770314,256,216,0.050000000000000044,42,True,2560,-8.014311122968483,2551.9856888770314,58.7962962962963,0.8059074749245609,4.828703703703703
2658,2880,3143.690303210026,256,238,0.050000000000000044,42,True,2880,263.690303210023,3143.690303210026,100.0,0.7881472163957043,5.147058823529412
2659,1992,2220.4552970209756,128,189,0.050000000000000044,42,True,1992,228.45529702097653,2220.4552970209756,96.29629629629629,0.7981480896282948,4.074074074074074
2660,5536,5817.96588658456,512,384,0.050000000000000044,42,True,5536,281.96588658456074,5817.96588658456,96.875,0.7845467225431694,5.221354166666667
2661,680,670.7930712729478,64,89,0.050000000000000044,42,True,680,-9.206928727052093,670.7930712729478,37.07865168539326,0.7175506355223837,6.235955056179775
2662,2724,2989.901652009694,256,220,0.050000000000000044,42,True,2724,265.9016520096908,2989.901652009694,99.54545454545455,0.806658664338122,5.15
2663,2800,3054.947144253595,256,230,0.050000000000000044,42,True,2800,254.94714425359587,3054.947144253595,96.08695652173913,0.8144739946049626,5.565217391304348
2664,5016,5304.7874532491805,512,359,0.050000000000000044,42,True,5016,288.78745324918185,5304.7874532491805,99.44289693593315,0.7729679580599397,5.311977715877437
2665,5508,5807.74055299539,512,377,0.050000000000000044,42,True,5508,299.7405529953917,5807.74055299539,100.0,0.7706455371879803,4.437665782493369
2666,3040,3302.23707245907,256,246,0.050000000000000044,42,True,3040,262.23707245906957,3302.23707245907,100.0,0.7835495804886015,4.991869918699187
2667,3204,3453.796140460235,256,266,0.050000000000000044,42,True,3204,249.79614046023585,3453.796140460235,96.99248120300751,0.7732051608727399,5.349624060150376
2668,4484,4777.168364025871,512,308,0.050000000000000044,42,True,4484,293.1683640258724,4777.168364025871,100.0,0.8069205933090985,4.837662337662338
2669,6588,6879.163375517405,512,459,0.050000000000000044,42,True,6588,291.1633755174054,6879.163375517405,99.56427015250544,0.7846587939105205,4.030501089324619
2670,6316,6538.68569590672,512,425,0.050000000000000044,42,True,6316,222.68569590671845,6538.68569590672,100.0,0.8162638967336641,4.682352941176471
2671,2772,2994.129573669764,256,226,0.050000000000000044,42,True,2772,222.12957366976403,2994.129573669764,100.0,0.8001463995612799,5.70353982300885
2672,2780,3036.1060201623413,256,228,0.050000000000000044,42,True,2780,256.1060201623396,3036.1060201623413,99.12280701754386,0.7944167516122672,5.3464912280701755
2673,3780,4037.0628264208904,256,310,0.050000000000000044,42,True,3780,257.06282642089093,4037.0628264208904,99.35483870967742,0.8251822562297285,3.9516129032258065
2674,3156,3413.475253382725,256,258,0.050000000000000044,42,True,3156,257.4752533827237,3413.475253382725,99.2248062015504,0.805963165810715,4.910852713178294
2675,6008,6297.478011807632,512,433,0.050000000000000044,42,True,6008,289.4780118076347,6297.478011807632,99.7690531177829,0.8313025129361038,4.30715935334873
2676,3012,3270.4745208041154,256,246,0.050000000000000044,42,True,3012,258.47452080411404,3270.4745208041154,99.1869918699187,0.8081539145459447,5.1138211382113825
2677,3020,3274.1947615702666,256,241,0.050000000000000044,42,True,3020,254.19476157026813,3274.1947615702666,99.1701244813278,0.8080735004375155,5.365145228215767
2678,1412,1643.4371018303168,128,144,0.050000000000000044,42,True,1412,231.43710183031652,1643.4371018303168,99.30555555555556,0.7852854946374883,5.305555555555555
2679,3080,3338.997341563616,256,255,0.050000000000000044,42,True,3080,258.99734156361717,3338.997341563616,98.82352941176471,0.8020036825270032,5.309803921568627
2680,6288,6568.612825783879,512,421,0.050000000000000044,42,True,6288,280.6128257838711,6568.612825783879,99.5249406175772,0.7869201082213764,4.484560570071259
2681,2812,3075.4421201454234,256,226,0.050000000000000044,42,True,2812,263.442120145421,3075.4421201454234,100.0,0.7713461350202181,5.738938053097345
2682,3216,3464.640033290628,256,271,0.050000000000000044,42,True,3216,248.6400332906281,3464.640033290628,99.2619926199262,0.7953895082404481,5.3099630996309966
2683,7076,7373.313734167078,512,485,0.050000000000000044,42,True,7076,297.31373416707595,7373.313734167078,99.79381443298969,0.8102733001360569,4.358762886597938
2684,3208,3463.661576742686,256,267,0.050000000000000044,42,True,3208,255.66157674268737,3463.661576742686,97.75280898876404,0.8136457496160622,4.629213483146067
2685,3052,3300.5994716985942,256,249,0.050000000000000044,42,True,3052,248.5994716985962,3300.5994716985942,87.14859437751004,0.8178033197990966,4.682730923694779
2686,5060,5353.90802255407,512,340,0.050000000000000044,42,True,5060,293.9080225540725,5353.90802255407,98.52941176470588,0.8183329595695581,4.6647058823529415
2687,1632,1863.7825806451615,128,168,0.050000000000000044,42,True,1632,231.7825806451613,1863.7825806451615,100.0,0.8151443124565148,5.690476190476191
2688,1312,1545.1947401875095,128,133,0.050000000000000044,42,True,1312,233.19474018750992,1545.1947401875095,99.24812030075188,0.8136382249572339,6.030075187969925
2689,1524,1749.3597000702086,128,161,0.050000000000000044,42,True,1524,225.35970007020865,1749.3597000702086,99.37888198757764,0.7812715523975166,5.341614906832298
2690,2404,2666.8489835210057,256,202,0.050000000000000044,42,True,2404,262.84898352100475,2666.8489835210057,99.5049504950495,0.8060925443639492,5.316831683168317
2691,1200,1332.652024708304,128,119,0.050000000000000044,42,True,1200,132.6520247083047,1332.652024708304,63.865546218487395,0.7645967641471738,4.4789915966386555
2692,2412,2678.997733302598,256,207,0.050000000000000044,42,True,2412,266.9977333025984,2678.997733302598,100.0,0.8045846077837507,4.908212560386473
2693,5368,5657.639582701317,512,374,0.050000000000000044,42,True,5368,289.639582701318,5657.639582701317,99.46524064171123,0.8174700843612545,3.729946524064171
2694,2836,3089.7341978416584,256,235,0.050000000000000044,42,True,2836,253.73419784165645,3089.7341978416584,99.57446808510639,0.8203426965684151,6.182978723404255
2695,2388,2640.7010695995614,256,202,0.050000000000000044,42,True,2388,252.7010695995616,2640.7010695995614,99.00990099009901,0.8134244628862549,4.821782178217822
2696,6944,7238.5903079782765,512,479,0.050000000000000044,42,True,6944,294.59030797828154,7238.5903079782765,99.79123173277662,0.8072986340797464,3.4384133611691023
2697,3856,4115.586813180852,256,309,0.050000000000000044,42,True,3856,259.58681318085445,4115.586813180852,100.0,0.83017486001703,4.679611650485437
2698,1176,1412.207547618122,128,128,0.050000000000000044,42,True,1176,236.20754761812188,1412.207547618122,99.21875,0.7901752128110535,5.6875
2699,3308,3574.8183261478325,256,275,0.050000000000000044,42,True,3308,266.81832614783383,3574.8183261478325,100.0,0.8013950402674865,4.810909090909091
2700,3188,3411.515662322963,256,266,0.050000000000000044,42,True,3188,223.51566232296284,3411.515662322963,100.0,0.8234396530514975,4.578947368421052
2701,5388,5684.251209677419,512,371,0.050000000000000044,42,True,5388,296.2512096774194,5684.251209677419,100.0,0.8136026550445171,4.741239892183288
2702,1936,1928.7280312760574,128,184,0.050000000000000044,42,True,1936,-7.271968723942599,1928.7280312760574,58.15217391304348,0.7979907167061906,3.9184782608695654
2703,5404,5684.540111956121,512,368,0.050000000000000044,42,True,5404,280.54011195612225,5684.540111956121,99.45652173913044,0.8379520144834295,4.709239130434782
2704,1560,1791.3838926903447,128,158,0.050000000000000044,42,True,1560,231.38389269034428,1791.3838926903447,100.0,0.7891740732913709,4.860759493670886
2705,3220,3469.605034460801,256,268,0.050000000000000044,42,True,3220,249.60503446080247,3469.605034460801,98.50746268656717,0.8211453152074628,4.4888059701492535
2706,2348,2611.9773530409984,256,196,0.050000000000000044,42,True,2348,263.9773530409982,2611.9773530409984,100.0,0.7914021860617619,5.244897959183674
2707,2452,2448.8994567260684,256,210,0.050000000000000044,42,True,2452,-3.1005432739303806,2448.8994567260684,50.0,0.7874731184210446,4.571428571428571
2708,7612,7904.930716270712,512,522,0.050000000000000044,42,True,7612,292.9307162707152,7904.930716270712,99.80842911877394,0.804406763651551,3.6455938697318007
2709,2828,3096.7482246707555,256,225,0.050000000000000044,42,True,2828,268.7482246707552,3096.7482246707555,100.0,0.8371809159885168,5.693333333333333
2710,6012,6310.474186741694,512,392,0.050000000000000044,42,True,6012,298.4741867416916,6310.474186741694,99.74489795918367,0.8118250391581804,4.260204081632653
2711,6472,6757.047779873505,512,443,0.050000000000000044,42,True,6472,285.0477798735041,6757.047779873505,99.77426636568849,0.8178836045049549,3.695259593679458
2712,1796,2029.2011790655079,128,174,0.050000000000000044,42,True,1796,233.20117906550544,2029.2011790655079,99.42528735632185,0.8052459509324426,5.091954022988506
2713,6840,7126.126332138585,512,459,0.050000000000000044,42,True,6840,286.1263321385902,7126.126332138585,99.78213507625273,0.8028644600122018,4.178649237472767
2714,928,1120.0655652528465,64,110,0.050000000000000044,42,True,928,192.06556525284702,1120.0655652528465,80.9090909090909,0.8175572611999117,4.845454545454546
2715,2700,2965.7737671132368,256,214,0.050000000000000044,42,True,2700,265.77376711323603,2965.7737671132368,99.53271028037383,0.799475400954677,5.775700934579439
2716,1504,1480.4663499364528,128,150,0.050000000000000044,42,True,1504,-23.533650063547757,1480.4663499364528,30.0,0.7482972755806294,3.1866666666666665
2717,1972,2224.384786075684,256,164,0.050000000000000044,42,True,1972,252.3847860756849,2224.384786075684,98.78048780487805,0.8038265927429359,6.036585365853658
2718,2508,2764.5535021663104,256,216,0.050000000000000044,42,True,2508,256.5535021663121,2764.5535021663104,99.53703703703704,0.807721231943363,5.328703703703703
2719,1316,1307.3187927663735,128,135,0.050000000000000044,42,True,1316,-8.68120723362658,1307.3187927663735,80.74074074074075,0.801260813066282,4.607407407407408
2720,3012,3279.213573993155,256,245,0.050000000000000044,42,True,3012,267.2135739931532,3279.213573993155,99.59183673469387,0.7971871444617415,4.96734693877551
2721,2056,2032.2387373932138,256,176,0.050000000000000044,42,True,2056,-23.7612626067857,2032.2387373932138,61.93181818181818,0.7933588765923275,5.636363636363637
2722,3008,3273.6437528396195,256,243,0.050000000000000044,42,True,3008,265.6437528396184,3273.6437528396195,99.58847736625515,0.8006237331964808,5.275720164609053
2723,1124,1349.1593678722713,128,120,0.050000000000000044,42,True,1124,225.15936787227105,1349.1593678722713,98.33333333333333,0.8074800694859758,6.283333333333333
2724,2628,2896.4231582172215,256,223,0.050000000000000044,42,True,2628,268.42315821722127,2896.4231582172215,96.8609865470852,0.794385003952726,5.37219730941704
2725,3108,3365.6176439734068,256,258,0.050000000000000044,42,True,3108,257.61764397340363,3365.6176439734068,99.2248062015504,0.8082113296656896,5.1434108527131785
2726,2140,2404.2489163528767,256,180,0.050000000000000044,42,True,2140,264.24891635287537,2404.2489163528767,98.88888888888889,0.8344419244294567,5.555555555555555
2727,2504,2770.7212559391346,256,213,0.050000000000000044,42,True,2504,266.72125593913574,2770.7212559391346,99.53051643192488,0.8503274783608051,4.31924882629108
2728,1876,2091.3845170706963,128,189,0.050000000000000044,42,True,1876,215.38451707069618,2091.3845170706963,98.94179894179894,0.8041903370604281,5.64021164021164
2729,2572,2839.727108215851,256,222,0.050000000000000044,42,True,2572,267.7271082158502,2839.727108215851,69.81981981981981,0.8000972893161585,4.599099099099099
2730,3132,3399.2198582974943,256,263,0.050000000000000044,42,True,3132,267.2198582974955,3399.2198582974943,100.0,0.8272929244425998,5.231939163498099
2731,3372,3577.9942284179783,256,278,0.050000000000000044,42,True,3372,205.99422841797707,3577.9942284179783,97.4820143884892,0.8208886734329822,5.071942446043166
2732,3108,3361.697190933112,256,255,0.050000000000000044,42,True,3108,253.6971909331109,3361.697190933112,99.6078431372549,0.844065632891267,4.811764705882353
2733,1560,1773.3836415538403,128,163,0.050000000000000044,42,True,1560,213.38364155383985,1773.3836415538403,50.920245398773005,0.7651940810053725,3.914110429447853
2734,3924,4181.252681676914,256,309,0.050000000000000044,42,True,3924,257.25268167691274,4181.252681676914,99.35275080906149,0.8391998447239963,4.495145631067961
2735,1476,1477.5769152981143,128,147,0.050000000000000044,42,True,1476,1.5769152981150398,1477.5769152981143,0.0,0.7387968023613459,3.925170068027211
2736,5952,6242.162787276031,512,386,0.050000000000000044,42,True,5952,290.1627872760307,6242.162787276031,99.74093264248705,0.8258584512942899,4.373056994818653
2737,1072,1264.884323712507,64,128,0.050000000000000044,42,True,1072,192.88432371250707,1264.884323712507,99.21875,0.8306113245620701,4.96875
2738,1648,1633.2528231405258,128,163,0.050000000000000044,42,True,1648,-14.747176859474505,1633.2528231405258,17.791411042944784,0.7231486895542074,5.404907975460123
2739,1624,1858.2181157194057,128,166,0.050000000000000044,42,True,1624,234.21811571940606,1858.2181157194057,99.39759036144578,0.8429167892144261,5.813253012048193
2740,5760,6053.4136676718335,512,406,0.050000000000000044,42,True,5760,293.4136676718334,6053.4136676718335,99.50738916256158,0.8392892311864696,4.733990147783251
2741,424,586.8534553440177,32,68,0.050000000000000044,42,True,424,162.85345534401742,586.8534553440177,88.23529411764706,0.7160543798210712,5.823529411764706
2742,2908,3171.9041469798426,256,241,0.050000000000000044,42,True,2908,263.904146979843,3171.9041469798426,100.0,0.8050396969269185,4.614107883817427
2743,1496,1729.7102644378601,128,158,0.050000000000000044,42,True,1496,233.7102644378599,1729.7102644378601,100.0,0.8307447206449874,5.4113924050632916
2744,2272,2540.0487895365636,256,185,0.050000000000000044,42,True,2272,268.04878953656544,2540.0487895365636,99.45945945945945,0.8326736323863222,5.448648648648649
2745,2720,2976.86516645628,256,219,0.050000000000000044,42,True,2720,256.8651664562789,2976.86516645628,99.08675799086758,0.8024092340865516,5.474885844748859
2746,2348,2609.0850859497314,256,197,0.050000000000000044,42,True,2348,261.08508594973034,2609.0850859497314,99.49238578680203,0.8225180777388402,4.807106598984771
2747,8932,9224.801396577612,512,583,0.050000000000000044,42,True,8932,292.80139657761504,9224.801396577612,99.65694682675814,0.7960546721164143,3.8027444253859346
2748,2996,3255.3987780480547,256,250,0.050000000000000044,42,True,2996,259.398778048055,3255.3987780480547,99.2,0.8165532420953743,4.856
2749,2320,2587.6059767627917,256,195,0.050000000000000044,42,True,2320,267.6059767627906,2587.6059767627917,99.48717948717949,0.8181843982030532,5.046153846153846
2750,1440,1622.0660144544327,128,146,0.050000000000000044,42,True,1440,182.0660144544333,1622.0660144544327,99.31506849315069,0.838937991854118,5.63013698630137
2751,5228,5525.670493904551,512,356,0.050000000000000044,42,True,5228,297.6704939045531,5525.670493904551,99.71910112359551,0.828517433833276,5.106741573033708
2752,2448,2705.5413090229067,256,212,0.050000000000000044,42,True,2448,257.5413090229079,2705.5413090229067,99.05660377358491,0.7982393255473417,5.2075471698113205
2753,2856,3104.3278934023565,256,242,0.050000000000000044,42,True,2856,248.32789340235405,3104.3278934023565,87.1900826446281,0.8193836777269785,5.012396694214876
2754,3008,3231.64204121382,128,266,0.050000000000000044,42,True,3008,223.6420412138216,3231.64204121382,85.33834586466165,0.8263877335577582,3.338345864661654
2755,3348,3604.9170476792856,256,278,0.050000000000000044,42,True,3348,256.9170476792867,3604.9170476792856,99.28057553956835,0.8043724565721677,4.809352517985611
2756,3216,3473.9944239673473,256,268,0.050000000000000044,42,True,3216,257.99442396734946,3473.9944239673473,98.88059701492537,0.8447386451848644,4.835820895522388
2757,1540,1765.246057090835,128,161,0.050000000000000044,42,True,1540,225.2460570908354,1765.246057090835,98.13664596273291,0.8145726387681027,5.6397515527950315
2758,1380,1569.6384904964243,128,146,0.050000000000000044,42,True,1380,189.63849049642462,1569.6384904964243,100.0,0.8363752544098332,6.13013698630137
2759,2940,2931.5259494152215,256,240,0.050000000000000044,42,True,2940,-8.47405058478196,2931.5259494152215,94.58333333333333,0.8162814518949908,5.166666666666667
2760,4984,5272.399669532999,512,337,0.050000000000000044,42,True,4984,288.39966953299705,5272.399669532999,92.58160237388724,0.809728068512078,4.563798219584569
2761,1180,1413.3141793690186,128,129,0.050000000000000044,42,True,1180,233.31417936901806,1413.3141793690186,100.0,0.8436087735855986,6.077519379844961
2762,2756,3020.5043439126375,256,236,0.050000000000000044,42,True,2756,264.50434391263633,3020.5043439126375,100.0,0.775843547973934,5.203389830508475
2763,3516,3781.9173457152037,256,292,0.050000000000000044,42,True,3516,265.9173457152032,3781.9173457152037,99.65753424657534,0.8223172307465723,4.828767123287672
2764,2624,2888.620201798641,256,222,0.050000000000000044,42,True,2624,264.6202017986401,2888.620201798641,99.54954954954955,0.8308075297252144,5.495495495495495
2765,3040,3020.082386196915,256,250,0.050000000000000044,42,True,3040,-19.917613803086873,3020.082386196915,96.0,0.8399652643561016,5.656
2766,852,844.5522984219206,64,109,0.050000000000000044,42,True,852,-7.447701578079606,844.5522984219206,4.587155963302752,0.7079006127445555,5.2110091743119265
2767,3124,3388.9134479076333,256,265,0.050000000000000044,42,True,3124,264.91344790763344,3388.9134479076333,99.62264150943396,0.8191023883759859,4.418867924528302
2768,2488,2740.5950764006802,256,214,0.050000000000000044,42,True,2488,252.59507640067903,2740.5950764006802,99.06542056074767,0.8130438394722468,5.107476635514018
2769,2948,3207.1461378328363,256,243,0.050000000000000044,42,True,2948,259.1461378328358,3207.1461378328363,99.58847736625515,0.8296387937736868,4.94238683127572
2770,2832,3086.565248226951,256,236,0.050000000000000044,42,True,2832,254.56524822695036,3086.565248226951,93.22033898305085,0.7940112343333441,5.190677966101695
2771,2028,2293.5549178049982,256,169,0.050000000000000044,42,True,2028,265.5549178049979,2293.5549178049982,100.0,0.8082247001220959,5.834319526627219
2772,1280,1513.5309564850318,128,129,0.050000000000000044,42,True,1280,233.53095648503185,1513.5309564850318,100.0,0.8298936991223431,6.457364341085271
2773,1908,2162.5120495434708,256,156,0.050000000000000044,42,True,1908,254.51204954347097,2162.5120495434708,99.35897435897436,0.8043827986896557,5.435897435897436
2774,5684,5938.4570021304335,512,403,0.050000000000000044,42,True,5684,254.45700213044,5938.4570021304335,100.0,0.8416007415025157,4.332506203473946
2775,2960,3218.772442829311,256,253,0.050000000000000044,42,True,2960,258.7724428293136,3218.772442829311,99.60474308300395,0.8177129578875584,4.924901185770751
2776,3064,3316.694129191268,256,252,0.050000000000000044,42,True,3064,252.6941291912678,3316.694129191268,98.80952380952381,0.8321031054139637,5.531746031746032
2777,2868,3124.5464866442844,256,245,0.050000000000000044,42,True,2868,256.5464866442855,3124.5464866442844,99.18367346938776,0.8369100510555664,4.257142857142857
2778,2888,3137.1998744610023,256,239,0.050000000000000044,42,True,2888,249.19987446100106,3137.1998744610023,97.48953974895397,0.8303699217866959,4.309623430962343
2779,3196,3459.128817529189,256,268,0.050000000000000044,42,True,3196,263.1288175291864,3459.128817529189,100.0,0.8382453978766926,5.082089552238806
2780,2168,2434.944083474651,256,183,0.050000000000000044,42,True,2168,266.9440834746507,2434.944083474651,99.4535519125683,0.8198445396974203,5.426229508196721
2781,2812,3062.2773236741386,256,223,0.050000000000000044,42,True,2812,250.27732367413887,3062.2773236741386,92.82511210762331,0.8200353332735991,5.36322869955157
2782,2452,2431.8251507439754,256,204,0.050000000000000044,42,True,2452,-20.174849256023997,2431.8251507439754,53.431372549019606,0.7612111913446822,3.3333333333333335
2783,3040,3304.915715347773,256,246,0.050000000000000044,42,True,3040,264.9157153477721,3304.915715347773,99.59349593495935,0.8284617580690151,4.378048780487805
2784,6832,7123.239667827758,512,457,0.050000000000000044,42,True,6832,291.239667827755,7123.239667827758,99.34354485776805,0.8176312915559376,3.9584245076586435
2785,684,666.6905628316496,64,89,0.050000000000000044,42,True,684,-17.30943716835039,666.6905628316496,13.48314606741573,0.6936238250343877,4.910112359550562
2786,1092,1285.207902377551,64,126,0.050000000000000044,42,True,1092,193.20790237755128,1285.207902377551,93.65079365079364,0.8181153077788799,4.365079365079365
2787,3608,3874.6022091034765,256,290,0.050000000000000044,42,True,3608,266.60220910347414,3874.6022091034765,99.65517241379311,0.8391207028078053,4.334482758620689
2788,2860,3117.1754171301454,256,236,0.050000000000000044,42,True,2860,257.17541713014464,3117.1754171301454,99.57627118644068,0.8260909963551291,4.961864406779661
2789,2816,3074.9837941935366,256,233,0.050000000000000044,42,True,2816,258.9837941935361,3074.9837941935366,92.70386266094421,0.8103886793003434,4.141630901287554
2790,4828,5115.628182501556,512,331,0.050000000000000044,42,True,4828,287.62818250155243,5115.628182501556,99.39577039274924,0.8295049557185153,4.601208459214502
2791,3304,3518.8570716960385,256,267,0.050000000000000044,42,True,3304,214.85707169603904,3518.8570716960385,99.62546816479401,0.8462738961443662,5.1722846441947565
2792,1428,1655.8589892648151,128,150,0.050000000000000044,42,True,1428,227.85898926481417,1655.8589892648151,96.0,0.8031035784604861,5.706666666666667
2793,2348,2609.384738058402,256,196,0.050000000000000044,42,True,2348,261.38473805840454,2609.384738058402,100.0,0.8241690907385515,4.821428571428571
2794,3132,3345.438440860213,256,260,0.050000000000000044,42,True,3132,213.43844086021505,3345.438440860213,99.61538461538461,0.8039225609990376,4.6038461538461535
2795,3980,4221.945247904451,256,323,0.050000000000000044,42,True,3980,241.94524790445092,4221.945247904451,99.07120743034056,0.8087863451013769,3.9938080495356036
2796,1188,1169.7398288923557,128,124,0.050000000000000044,42,True,1188,-18.26017110764381,1169.7398288923557,37.096774193548384,0.7567671113443671,5.685483870967742
2797,384,383.03252218792437,32,63,0.050000000000000044,42,True,384,-0.9674778120756145,383.03252218792437,0.0,0.7324010290786825,5.809523809523809
2798,3172,3428.5862272984514,256,262,0.050000000000000044,42,True,3172,256.58622729845143,3428.5862272984514,99.61832061068702,0.8211266794077209,5.458015267175573
2799,5804,6091.619009216585,512,393,0.050000000000000044,42,True,5804,287.6190092165899,6091.619009216585,99.74554707379134,0.8332430540805593,4.091603053435114
2800,1708,1890.0271753091858,128,172,0.050000000000000044,42,True,1708,182.02717530918565,1890.0271753091858,99.4186046511628,0.8071735004170485,4.796511627906977
2801,3080,3335.3370726209037,256,255,0.050000000000000044,42,True,3080,255.33707262090059,3335.3370726209037,99.6078431372549,0.8141675051983543,5.341176470588235
2802,800,1002.9100112084147,64,99,0.050000000000000044,42,True,800,202.91001120841494,1002.9100112084147,100.0,0.8288483892453067,5.848484848484849
2803,2316,2583.584142972502,256,192,0.050000000000000044,42,True,2316,267.584142972502,2583.584142972502,100.0,0.8292136683696061,4.65625
2804,2776,2769.4716982174646,256,220,0.050000000000000044,42,True,2776,-6.528301782537087,2769.4716982174646,95.45454545454545,0.8349672161741288,4.945454545454545
2805,1592,1827.9825543816564,128,167,0.050000000000000044,42,True,1592,235.98255438165648,1827.9825543816564,99.40119760479043,0.8140136598083948,5.473053892215569
2806,2420,2685.3346645153647,256,202,0.050000000000000044,42,True,2420,265.33466451536435,2685.3346645153647,100.0,0.81423425945232,5.2772277227722775
2807,5536,5792.4457855270175,512,394,0.050000000000000044,42,True,5536,256.4457855270176,5792.4457855270175,100.0,0.8349683397459752,4.261421319796955
2808,2452,2677.757982295064,128,229,0.050000000000000044,42,True,2452,225.757982295064,2677.757982295064,86.46288209606988,0.8417008983683035,4.318777292576419
2809,2380,2639.461531777991,256,204,0.050000000000000044,42,True,2380,259.4615317779901,2639.461531777991,99.50980392156863,0.8125256490428269,5.137254901960785
2810,5668,5965.726068372497,512,400,0.050000000000000044,42,True,5668,297.72606837249606,5965.726068372497,100.0,0.8235192098252203,4.395
2811,3204,3463.0589412030295,256,268,0.050000000000000044,42,True,3204,259.0589412030302,3463.0589412030295,99.6268656716418,0.8482304108788737,5.2164179104477615
2812,1948,2164.587476484152,128,180,0.050000000000000044,42,True,1948,216.5874764841524,2164.587476484152,97.77777777777777,0.8079355028136594,5.555555555555555
2813,5404,5651.515220946591,512,370,0.050000000000000044,42,True,5404,247.515220946593,5651.515220946591,99.72972972972973,0.8204249484688303,4.091891891891892
2814,3168,3417.334215836873,256,263,0.050000000000000044,42,True,3168,249.3342158368724,3417.334215836873,99.23954372623574,0.8174975081245351,4.186311787072244
2815,2384,2647.6083567967744,256,206,0.050000000000000044,42,True,2384,263.6083567967756,2647.6083567967744,100.0,0.8249150568835661,5.077669902912621
2816,6800,7079.639061291781,512,461,0.050000000000000044,42,True,6800,279.63906129178156,7079.639061291781,99.56616052060737,0.7938169534209549,4.403470715835141
2817,3076,3332.81956858746,256,254,0.050000000000000044,42,True,3076,256.81956858745855,3332.81956858746,99.60629921259843,0.817534353225734,5.484251968503937
2818,788,971.5945006170812,64,102,0.050000000000000044,42,True,788,183.59450061708125,971.5945006170812,97.05882352941177,0.7990063273673277,5.176470588235294
2819,5280,5560.739624621223,512,361,0.050000000000000044,42,True,5280,280.7396246212216,5560.739624621223,99.44598337950139,0.8272958410457848,4.969529085872576
2820,880,1031.2016741752784,64,109,0.050000000000000044,42,True,880,151.20167417527819,1031.2016741752784,99.08256880733946,0.7887039151022202,5.091743119266055
2821,5268,5564.88012405789,512,366,0.050000000000000044,42,True,5268,296.8801240578937,5564.88012405789,98.90710382513662,0.788320639326011,4.3224043715847
2822,1676,1911.4490919836671,128,171,0.050000000000000044,42,True,1676,235.44909198366642,1911.4490919836671,91.81286549707602,0.7887717577860281,4.47953216374269
2823,2956,3220.1812898057474,256,247,0.050000000000000044,42,True,2956,264.18128980574926,3220.1812898057474,99.59514170040485,0.7874011374367895,5.8785425101214575
2824,1920,2144.4495659726463,128,180,0.050000000000000044,42,True,1920,224.44956597264581,2144.4495659726463,99.44444444444444,0.8112035892373557,5.283333333333333
2825,3380,3647.073669755009,256,285,0.050000000000000044,42,True,3380,267.0736697550079,3647.073669755009,99.64912280701755,0.809586668240426,4.32280701754386
2826,6512,6793.363260158257,512,452,0.050000000000000044,42,True,6512,281.36326015825017,6793.363260158257,99.5575221238938,0.7826410261982942,5.015486725663717
2827,2712,2977.122165142633,256,216,0.050000000000000044,42,True,2712,265.1221651426327,2977.122165142633,99.53703703703704,0.8134858905728124,4.907407407407407
2828,3700,3693.183099122481,256,279,0.050000000000000044,42,True,3700,-6.816900877519656,3693.183099122481,75.62724014336918,0.8023893018880442,3.3942652329749103
2829,2836,3102.6291571441047,256,227,0.050000000000000044,42,True,2836,266.62915714410605,3102.6291571441047,99.55947136563877,0.7987142597261251,5.352422907488987
2830,2316,2549.851648547101,128,223,0.050000000000000044,42,True,2316,233.85164854709976,2549.851648547101,86.09865470852019,0.7968592014190133,4.358744394618834
2831,2052,2282.3673636508574,128,195,0.050000000000000044,42,True,2052,230.36736365085733,2282.3673636508574,100.0,0.8020912295273762,5.271794871794872
2832,1392,1370.65497263305,128,148,0.050000000000000044,42,True,1392,-21.34502736695001,1370.65497263305,92.56756756756756,0.8297392321219087,4.493243243243243
2833,2556,2808.5777617673302,256,219,0.050000000000000044,42,True,2556,252.57776176733296,2808.5777617673302,93.15068493150685,0.8111646027931979,5.200913242009133
2834,3364,3614.250142528576,256,277,0.050000000000000044,42,True,3364,250.2501425285762,3614.250142528576,99.27797833935018,0.837121920516707,4.075812274368231
2835,5332,5628.830790925916,512,370,0.050000000000000044,42,True,5332,296.8307909259149,5628.830790925916,100.0,0.8332754039038013,4.4135135135135135
2836,2120,2378.3370649737567,256,175,0.050000000000000044,42,True,2120,258.337064973758,2378.3370649737567,76.0,0.7892384760388897,5.154285714285714
2837,6260,6555.514883907362,512,427,0.050000000000000044,42,True,6260,295.51488390736546,6555.514883907362,100.0,0.7938099265148463,4.3629976580796255
2838,1168,1391.6852511056609,128,119,0.050000000000000044,42,True,1168,223.68525110566102,1391.6852511056609,85.71428571428571,0.7945809636156079,5.915966386554622
2839,2752,3017.75513196481,256,222,0.050000000000000044,42,True,2752,265.7551319648094,3017.75513196481,99.54954954954955,0.7715442136444185,5.117117117117117
2840,2568,2563.738890765132,256,212,0.050000000000000044,42,True,2568,-4.2611092348681066,2563.738890765132,89.62264150943396,0.8049332199503875,4.806603773584905
2841,5252,5472.861429471328,512,356,0.050000000000000044,42,True,5252,220.86142947132876,5472.861429471328,100.0,0.8186153138231913,4.758426966292135
2842,6796,7086.533653177577,512,459,0.050000000000000044,42,True,6796,290.53365317758306,7086.533653177577,99.78213507625273,0.8139494992665804,4.10239651416122
2843,1580,1770.2192523973945,128,142,0.050000000000000044,42,True,1580,190.21925239739443,1770.2192523973945,100.0,0.8268279364083388,6.028169014084507
2844,3248,3514.8860506667784,256,266,0.050000000000000044,42,True,3248,266.88605066677775,3514.8860506667784,100.0,0.8299988663012715,5.387218045112782
2845,2884,3107.8770629939295,256,238,0.050000000000000044,42,True,2884,223.8770629939301,3107.8770629939295,100.0,0.8358738294727869,4.785714285714286
2846,732,857.7349360585247,64,97,0.050000000000000044,42,True,732,125.7349360585246,857.7349360585247,100.0,0.8277193964832702,5.587628865979381
2847,1420,1646.4416313743102,128,148,0.050000000000000044,42,True,1420,226.44163137430988,1646.4416313743102,98.64864864864865,0.8251086005603393,5.5
2848,2844,3099.156991067276,256,228,0.050000000000000044,42,True,2844,255.1569910672775,3099.156991067276,99.56140350877193,0.8219945596488902,4.855263157894737
2849,1400,1590.549626695094,128,144,0.050000000000000044,42,True,1400,190.54962669509345,1590.549626695094,100.0,0.8340277661442385,5.694444444444445
2850,1680,1911.7304717231475,128,167,0.050000000000000044,42,True,1680,231.73047172314728,1911.7304717231475,99.40119760479043,0.8395489776328944,4.772455089820359
2851,1560,1552.229351842605,128,162,0.050000000000000044,42,True,1560,-7.770648157395383,1552.229351842605,80.8641975308642,0.825843869027632,5.320987654320987
2852,2828,3052.871282874006,256,229,0.050000000000000044,42,True,2828,224.87128287400446,3052.871282874006,100.0,0.8297649400652994,5.454148471615721
2853,3056,3238.086982688426,256,252,0.050000000000000044,42,True,3056,182.08698268842707,3238.086982688426,99.60317460317461,0.8369132620518254,5.003968253968254
2854,3184,3440.6002822134096,256,270,0.050000000000000044,42,True,3184,256.60028221341054,3440.6002822134096,99.62962962962963,0.8208707387471244,4.318518518518519
2855,5348,5642.116412899881,512,366,0.050000000000000044,42,True,5348,294.11641289988125,5642.116412899881,99.72677595628416,0.8124719527698722,4.581967213114754
2856,2388,2603.8767961664594,256,206,0.050000000000000044,42,True,2388,215.8767961664609,2603.8767961664594,99.51456310679612,0.8395032646334353,5.79126213592233
2857,1884,2073.5871733614495,128,194,0.050000000000000044,42,True,1884,189.58717336144917,2073.5871733614495,100.0,0.7963434640528764,4.778350515463917
2858,2680,2934.008472970946,256,216,0.050000000000000044,42,True,2680,254.00847297094646,2934.008472970946,99.53703703703704,0.8090074745128798,5.4907407407407405
2859,936,1171.912737799834,128,100,0.050000000000000044,42,True,936,235.91273779983456,1171.912737799834,100.0,0.820302926731097,6.4
2860,1400,1635.1233682762274,128,150,0.050000000000000044,42,True,1400,235.12336827622897,1635.1233682762274,99.33333333333333,0.8007100930436027,6.266666666666667
2861,1680,1912.8346563012526,128,172,0.050000000000000044,42,True,1680,232.83465630125204,1912.8346563012526,99.4186046511628,0.8054759024231283,4.767441860465116
2862,2216,2474.8939594216527,256,184,0.050000000000000044,42,True,2216,258.8939594216545,2474.8939594216527,98.91304347826087,0.8205108000882582,5.391304347826087
2863,2244,2507.513389074063,256,196,0.050000000000000044,42,True,2244,263.5133890740636,2507.513389074063,100.0,0.8401122043877672,5.964285714285714
2864,1536,1773.0103686635944,128,159,0.050000000000000044,42,True,1536,237.01036866359448,1773.0103686635944,99.37106918238993,0.8230266492075539,5.119496855345912
2865,1224,1451.0644750650183,128,124,0.050000000000000044,42,True,1224,227.06447506501806,1451.0644750650183,98.38709677419355,0.8195490033401743,5.516129032258065
2866,3416,3674.157353896045,256,286,0.050000000000000044,42,True,3416,258.15735389604566,3674.157353896045,98.6013986013986,0.8334010826252961,5.031468531468532
2867,3052,3309.210365610714,256,250,0.050000000000000044,42,True,3052,257.2103656107154,3309.210365610714,99.2,0.8324974810693619,5.492
2868,7880,8177.972959003414,512,544,0.050000000000000044,42,True,7880,297.97295900342004,8177.972959003414,99.81617647058823,0.8139097307047978,3.431985294117647
2869,2312,2579.4271265184725,256,194,0.050000000000000044,42,True,2312,267.4271265184717,2579.4271265184725,99.48453608247422,0.8107161337635344,5.623711340206185
2870,3196,3463.5664665248833,256,266,0.050000000000000044,42,True,3196,267.56646652488286,3463.5664665248833,99.62406015037594,0.8209782394222839,4.909774436090226
2871,6732,7009.768364312749,512,453,0.050000000000000044,42,True,6732,277.7683643127468,7009.768364312749,99.33774834437087,0.8033935501341182,4.816777041942605
2872,2476,2742.6085197210887,256,211,0.050000000000000044,42,True,2476,266.6085197210894,2742.6085197210887,99.5260663507109,0.8025965081643119,4.900473933649289
2873,1372,1595.5930013205054,128,139,0.050000000000000044,42,True,1372,223.59300132050558,1595.5930013205054,58.992805755395686,0.7287389704762294,6.237410071942446
2874,2324,2591.326413880346,256,195,0.050000000000000044,42,True,2324,267.32641388034637,2591.326413880346,100.0,0.830311222599652,5.779487179487179
2875,776,762.0594979984033,64,103,0.050000000000000044,42,True,776,-13.940502001596261,762.0594979984033,68.93203883495146,0.7929932535053548,4.242718446601942
2876,3068,3053.7900143248303,256,253,0.050000000000000044,42,True,3068,-14.209985675170891,3053.7900143248303,87.35177865612648,0.7788699309682541,5.339920948616601
2877,2268,2525.3216001368755,256,183,0.050000000000000044,42,True,2268,257.3216001368763,2525.3216001368755,98.90710382513662,0.8017738482107699,5.934426229508197
2878,2988,3254.1539402755197,256,239,0.050000000000000044,42,True,2988,266.1539402755198,3254.1539402755197,99.581589958159,0.8148600638664327,4.393305439330544
2879,2636,2894.0245524052543,256,224,0.050000000000000044,42,True,2636,258.0245524052523,2894.0245524052543,99.55357142857143,0.7861328579155404,4.839285714285714
2880,1448,1440.1036468697382,128,151,0.050000000000000044,42,True,1448,-7.896353130261776,1440.1036468697382,78.1456953642384,0.8232159381641861,2.4900662251655628
2881,3232,3497.9025012778334,256,261,0.050000000000000044,42,True,3232,265.90250127783145,3497.9025012778334,99.23371647509579,0.8016169572269088,4.697318007662835
2882,2356,2616.1958038410176,256,201,0.050000000000000044,42,True,2356,260.1958038410198,2616.1958038410176,99.0049751243781,0.820068239205761,5.54228855721393
2883,2352,2578.231837307153,128,217,0.050000000000000044,42,True,2352,226.23183730715286,2578.231837307153,85.71428571428571,0.8077747446590827,4.235023041474655
2884,708,700.7423410494791,64,89,0.050000000000000044,42,True,708,-7.257658950521002,700.7423410494791,88.76404494382022,0.7832864961705971,3.9213483146067416
2885,2432,2690.18747519682,256,204,0.050000000000000044,42,True,2432,258.18747519681835,2690.18747519682,99.01960784313725,0.7949615599966396,4.392156862745098
2886,5228,5482.425108155169,512,356,0.050000000000000044,42,True,5228,254.42510815516903,5482.425108155169,100.0,0.8068398555194879,4.404494382022472
2887,2944,3208.921601579333,256,239,0.050000000000000044,42,True,2944,264.9216015793324,3208.921601579333,100.0,0.794786807059794,5.7280334728033475
2888,1292,1519.8389825068214,128,136,0.050000000000000044,42,True,1292,227.8389825068207,1519.8389825068214,98.52941176470588,0.7850619084404196,5.294117647058823
2889,2852,3117.354441603654,256,234,0.050000000000000044,42,True,2852,265.3544416036556,3117.354441603654,100.0,0.7763523433788321,5.1923076923076925
2890,1004,1189.5728726634652,64,119,0.050000000000000044,42,True,1004,185.5728726634656,1189.5728726634652,91.59663865546219,0.7963052544743635,5.65546218487395
2891,4408,4698.348075680122,512,299,0.050000000000000044,42,True,4408,290.34807568012224,4698.348075680122,99.66555183946488,0.8103872536227422,4.448160535117057
2892,1304,1527.8026846349755,128,136,0.050000000000000044,42,True,1304,223.80268463497455,1527.8026846349755,97.79411764705883,0.7858503104993886,6.463235294117647
2893,1440,1653.5459122717198,128,156,0.050000000000000044,42,True,1440,213.54591227171872,1653.5459122717198,98.71794871794872,0.8099871460443183,5.076923076923077
2894,2724,2980.5193554882226,256,234,0.050000000000000044,42,True,2724,256.51935548822274,2980.5193554882226,99.57264957264957,0.7867546009578785,5.034188034188034
2895,5272,5568.983329182388,512,360,0.050000000000000044,42,True,5272,296.983329182381,5568.983329182388,97.5,0.8087743348412169,4.813888888888889
2896,3124,3374.2460159911766,256,260,0.050000000000000044,42,True,3124,250.2460159911773,3374.2460159911766,99.23076923076923,0.8127014001227842,4.888461538461539
2897,2900,3121.199542593754,256,238,0.050000000000000044,42,True,2900,221.1995425937542,3121.199542593754,100.0,0.8140625388886571,4.642857142857143
2898,2220,2478.791117526463,256,185,0.050000000000000044,42,True,2220,258.7911175264633,2478.791117526463,98.91891891891892,0.7903726307311358,6.183783783783784
2899,692,685.1925352373271,64,88,0.050000000000000044,42,True,692,-6.807464762673302,685.1925352373271,7.954545454545454,0.7198413891286606,5.943181818181818
2900,3144,3395.2641569192315,256,259,0.050000000000000044,42,True,3144,251.26415691923225,3395.2641569192315,89.1891891891892,0.786809643173839,5.088803088803089
2901,3076,3012.373205401565,256,251,0.050000000000000044,42,True,3076,-63.6267945984364,3012.373205401565,81.27490039840637,0.7966151578571851,4.326693227091633
2902,5060,5314.07466583652,512,357,0.050000000000000044,42,True,5060,254.07466583651654,5314.07466583652,100.0,0.7956160860996514,4.081232492997199
2903,1360,1592.5964958855827,128,140,0.050000000000000044,42,True,1360,232.59649588558187,1592.5964958855827,100.0,0.8136763403079527,6.128571428571429
2904,2248,2505.4155663715296,256,187,0.050000000000000044,42,True,2248,257.41556637152866,2505.4155663715296,99.46524064171123,0.8075638379119944,5.53475935828877
2905,1196,1192.1517263190035,128,124,0.050000000000000044,42,True,1196,-3.848273680996316,1192.1517263190035,29.838709677419356,0.7398267558416817,5.903225806451613
2906,632,581.0851093371576,64,88,0.050000000000000044,42,True,632,-50.91489066284225,581.0851093371576,30.681818181818183,0.7564310284578241,6.0227272727272725
2907,1472,1706.6448466245827,128,149,0.050000000000000044,42,True,1472,234.64484662458253,1706.6448466245827,100.0,0.8122977451406788,5.771812080536913
2908,2500,2764.602480977387,256,216,0.050000000000000044,42,True,2500,264.6024809773872,2764.602480977387,100.0,0.8095865577602303,4.972222222222222
2909,320,310.79322708349304,32,60,0.050000000000000044,42,True,320,-9.206772916507056,310.79322708349304,86.66666666666667,0.7722477340772378,5.083333333333333
2910,2408,2572.957387350105,256,202,0.050000000000000044,42,True,2408,164.95738735010536,2572.957387350105,98.51485148514851,0.8026202880255721,5.707920792079208
2911,632,837.6671470184797,64,88,0.050000000000000044,42,True,632,205.6671470184794,837.6671470184797,100.0,0.852834552244952,6.136363636363637
2912,3216,3481.967822311499,256,272,0.050000000000000044,42,True,3216,265.96782231149615,3481.967822311499,99.63235294117646,0.8270933212157218,5.1875
2913,1440,1675.6884123231641,128,156,0.050000000000000044,42,True,1440,235.6884123231641,1675.6884123231641,99.35897435897436,0.813097564702265,5.038461538461538
2914,2904,3168.537371884778,256,242,0.050000000000000044,42,True,2904,264.5373718847772,3168.537371884778,100.0,0.8191828236502812,4.921487603305785
2915,660,662.7371313896062,64,88,0.050000000000000044,42,True,660,2.737131389606466,662.7371313896062,0.0,0.7110154879359711,4.909090909090909
2916,3036,3249.564910206608,256,250,0.050000000000000044,42,True,3036,213.56491020660923,3249.564910206608,99.6,0.7596839404629664,5.82
2917,2968,3225.1637181219385,256,244,0.050000000000000044,42,True,2968,257.1637181219389,3225.1637181219385,99.18032786885246,0.7756585623028192,5.094262295081967
2918,1276,1270.8329103497404,128,135,0.050000000000000044,42,True,1276,-5.167089650259358,1270.8329103497404,16.296296296296298,0.7075335444529167,3.8222222222222224
2919,2944,2934.3081010322403,256,242,0.050000000000000044,42,True,2944,-9.691898967757497,2934.3081010322403,91.32231404958678,0.7934964453297344,4.578512396694215
2920,3096,3360.367652547919,256,254,0.050000000000000044,42,True,3096,264.3676525479196,3360.367652547919,99.60629921259843,0.8294471251803559,4.681102362204724
2921,2880,3136.1975592047306,256,237,0.050000000000000044,42,True,2880,256.19755920473074,3136.1975592047306,99.15611814345992,0.8013775874549511,4.810126582278481
2922,324,309.65869130505405,32,59,0.050000000000000044,42,True,324,-14.34130869494593,309.65869130505405,71.1864406779661,0.789273462950541,4.4576271186440675
2923,1524,1712.4478081058726,128,153,0.050000000000000044,42,True,1524,188.44780810587264,1712.4478081058726,100.0,0.7956586053914217,6.078431372549019
2924,3324,3539.690590970479,256,275,0.050000000000000044,42,True,3324,215.6905909704771,3539.690590970479,99.63636363636364,0.8344203897970658,5.2727272727272725
2925,2264,2495.7204568615225,128,214,0.050000000000000044,42,True,2264,231.72045686152228,2495.7204568615225,99.06542056074767,0.8115603936583371,4.4392523364485985
2926,920,1114.2139895319,64,112,0.050000000000000044,42,True,920,194.21398953190047,1114.2139895319,36.607142857142854,0.7178239298824511,4.482142857142857
2927,300,294.51884414166403,32,55,0.050000000000000044,42,True,300,-5.481155858335903,294.51884414166403,74.54545454545455,0.7896372554872233,5.4
2928,1300,1283.984614782337,128,132,0.050000000000000044,42,True,1300,-16.015385217663646,1283.984614782337,52.27272727272727,0.7461873888881353,5.681818181818182
2929,2932,3191.8843602033166,256,238,0.050000000000000044,42,True,2932,259.88436020331653,3191.8843602033166,99.15966386554622,0.7949056076441222,4.323529411764706
2930,1044,1278.0493117418866,128,114,0.050000000000000044,42,True,1044,234.04931174188633,1278.0493117418866,100.0,0.8267672503531532,6.701754385964913
2931,2940,3205.162702266583,256,251,0.050000000000000044,42,True,2940,265.162702266581,3205.162702266583,100.0,0.8439239282665179,4.49800796812749
2932,1504,1499.898540794785,128,149,0.050000000000000044,42,True,1504,-4.101459205214635,1499.898540794785,76.51006711409396,0.7930222186062977,4.738255033557047
2933,3088,3354.0168653045985,256,271,0.050000000000000044,42,True,3088,266.01686530459824,3354.0168653045985,99.6309963099631,0.8583580231701292,4.682656826568266
2934,1060,1211.2922564054702,64,129,0.050000000000000044,42,True,1060,151.2922564054707,1211.2922564054702,99.2248062015504,0.8347196026545963,5.410852713178294
2935,656,650.4057558507274,64,86,0.050000000000000044,42,True,656,-5.594244149272601,650.4057558507274,89.53488372093024,0.8111520291358243,4.953488372093023
2936,3120,3387.7174573054986,256,252,0.050000000000000044,42,True,3120,267.7174573055028,3387.7174573054986,99.2063492063492,0.842538187247931,5.365079365079365
2937,668,860.9149650442291,64,91,0.050000000000000044,42,True,668,192.91496504422915,860.9149650442291,98.9010989010989,0.8223447821281988,5.637362637362638
2938,1320,1551.007526024421,128,136,0.050000000000000044,42,True,1320,231.00752602442017,1551.007526024421,99.26470588235294,0.8211671833957639,5.610294117647059
2939,372,364.8988623647068,32,64,0.050000000000000044,42,True,372,-7.101137635293224,364.8988623647068,7.8125,0.7512623596098055,4.78125
2940,1392,1617.8819274016073,128,142,0.050000000000000044,42,True,1392,225.88192740160662,1617.8819274016073,99.29577464788733,0.8501046559025782,6.577464788732394
2941,1200,1141.7230729732994,128,130,0.050000000000000044,42,True,1200,-58.27692702670053,1141.7230729732994,12.307692307692308,0.7429281092505755,4.9
2942,1528,1710.7607164744552,128,158,0.050000000000000044,42,True,1528,182.7607164744554,1710.7607164744552,99.36708860759494,0.8512908589516335,5.930379746835443
2943,2204,2430.357409704357,128,205,0.050000000000000044,42,True,2204,226.3574097043578,2430.357409704357,96.09756097560975,0.8265168607143493,4.1414634146341465
2944,3036,3294.014272843271,256,249,0.050000000000000044,42,True,3036,258.01427284327116,3294.014272843271,99.19678714859438,0.8404957206855523,4.57429718875502
2945,2372,2626.8604609929116,256,198,0.050000000000000044,42,True,2372,254.8604609929078,2626.8604609929116,87.37373737373737,0.817688854705415,5.222222222222222
2946,1116,1102.227398960313,128,118,0.050000000000000044,42,True,1116,-13.772601039686858,1102.227398960313,49.152542372881356,0.8063127318888457,4.432203389830509
2947,1364,1590.4499472133812,128,141,0.050000000000000044,42,True,1364,226.44994721338202,1590.4499472133812,97.16312056737588,0.8149087333048934,5.3120567375886525
2948,2348,2569.0039861583427,256,197,0.050000000000000044,42,True,2348,221.00398615834092,2569.0039861583427,100.0,0.8503347781682195,4.746192893401015
2949,1444,1668.5682292875374,128,153,0.050000000000000044,42,True,1444,224.5682292875377,1668.5682292875374,98.69281045751634,0.8358917511682292,6.019607843137255
2950,2272,2499.2721427820375,128,212,0.050000000000000044,42,True,2272,227.27214278203766,2499.2721427820375,99.05660377358491,0.8498114514795035,4.278301886792453
2951,1400,1632.8622461170853,128,143,0.050000000000000044,42,True,1400,232.86224611708485,1632.8622461170853,100.0,0.845249686817538,5.8671328671328675
2952,1520,1754.305924536907,128,161,0.050000000000000044,42,True,1520,234.30592453690798,1754.305924536907,100.0,0.8090012142108552,4.565217391304348
2953,4860,5154.875516956165,512,334,0.050000000000000044,42,True,4860,294.87551695616213,5154.875516956165,99.10179640718563,0.8440986798843271,4.6017964071856285
2954,852,827.6079936611853,64,109,0.050000000000000044,42,True,852,-24.39200633881484,827.6079936611853,46.788990825688074,0.7804323816959698,4.73394495412844
2955,2900,3166.6835680616873,256,238,0.050000000000000044,42,True,2900,266.6835680616873,3166.6835680616873,99.5798319327731,0.847633000075109,4.378151260504202
2956,1940,2175.64089456025,128,189,0.050000000000000044,42,True,1940,235.6408945602494,2175.64089456025,100.0,0.8416260311518938,5.201058201058201
2957,3556,3822.9356240970756,256,298,0.050000000000000044,42,True,3556,266.9356240970753,3822.9356240970756,98.65771812080537,0.8251846453145363,4.3355704697986575
2958,1316,1548.8846852737142,128,135,0.050000000000000044,42,True,1316,232.8846852737138,1548.8846852737142,95.55555555555556,0.7916823822153507,5.118518518518519
2959,3056,3321.795730147515,256,252,0.050000000000000044,42,True,3056,265.79573014751395,3321.795730147515,99.60317460317461,0.8387769198256896,4.396825396825397
2960,1576,1567.0867430536696,128,163,0.050000000000000044,42,True,1576,-8.913256946331611,1567.0867430536696,38.03680981595092,0.7871395545199483,4.110429447852761
2961,348,507.1800391006841,32,65,0.050000000000000044,42,True,348,159.18003910068427,507.1800391006841,81.53846153846153,0.8059708481185703,6.430769230769231
2962,2828,3085.97281105991,256,235,0.050000000000000044,42,True,2828,257.9728110599078,3085.97281105991,96.17021276595744,0.8109332858377623,4.012765957446809
2963,2192,2417.579867412317,128,207,0.050000000000000044,42,True,2192,225.57986741231807,2417.579867412317,99.03381642512078,0.8158237122479681,4.63768115942029
2964,708,691.5398981324279,64,93,0.050000000000000044,42,True,708,-16.46010186757215,691.5398981324279,5.376344086021505,0.7161948708524908,5.129032258064516
2965,2888,3145.825741611279,256,235,0.050000000000000044,42,True,2888,257.8257416112823,3145.825741611279,98.72340425531915,0.8181300990794886,4.919148936170213
2966,3532,3797.0211424221434,256,301,0.050000000000000044,42,True,3532,265.02114242214157,3797.0211424221434,99.66777408637874,0.8518291197186566,4.744186046511628
2967,1164,1397.014456963524,128,127,0.050000000000000044,42,True,1164,233.01445696352317,1397.014456963524,100.0,0.8157710752278861,5.732283464566929
2968,1904,2139.2752071121668,128,191,0.050000000000000044,42,True,1904,235.27520711216647,2139.2752071121668,100.0,0.8430592053347761,4.5811518324607325
2969,948,1142.784170154624,64,111,0.050000000000000044,42,True,948,194.78417015462375,1142.784170154624,97.29729729729729,0.8281973377923101,5.018018018018018
2970,1228,1223.5061371944093,64,142,0.050000000000000044,42,True,1228,-4.493862805590895,1223.5061371944093,1.408450704225352,0.712906919339051,3.6971830985915495
2971,1528,1762.1643874369943,128,159,0.050000000000000044,42,True,1528,234.16438743699453,1762.1643874369943,99.37106918238993,0.810581246915409,5.861635220125786
2972,1296,1476.9113885031147,128,137,0.050000000000000044,42,True,1296,180.91138850311435,1476.9113885031147,99.27007299270073,0.8093247276372598,6.248175182481752
2973,1792,2024.0296862101866,128,168,0.050000000000000044,42,True,1792,232.02968621018667,2024.0296862101866,99.4047619047619,0.8015994827504026,5.345238095238095
2974,1300,1532.9533990640523,128,135,0.050000000000000044,42,True,1300,232.95339906405175,1532.9533990640523,99.25925925925925,0.8125682757798347,6.318518518518519
2975,868,1060.267091309278,64,110,0.050000000000000044,42,True,868,192.26709130927767,1060.267091309278,99.0909090909091,0.8342348621700694,5.345454545454546
2976,1624,1858.603991207162,128,172,0.050000000000000044,42,True,1624,234.60399120716139,1858.603991207162,72.09302325581395,0.838941234435186,4.703488372093023
2977,2316,2576.825708113685,256,192,0.050000000000000044,42,True,2316,260.8257081136851,2576.825708113685,98.95833333333333,0.8236871658037357,5.203125
2978,1696,1679.530738766572,128,175,0.050000000000000044,42,True,1696,-16.469261233428366,1679.530738766572,14.285714285714286,0.7019770677107616,4.565714285714286
2979,1328,1280.151718078957,128,138,0.050000000000000044,42,True,1328,-47.84828192104308,1280.151718078957,31.884057971014492,0.765874431800954,4.811594202898551
2980,2316,2309.020477545857,256,193,0.050000000000000044,42,True,2316,-6.9795224541429235,2309.020477545857,68.9119170984456,0.7725271347251236,5.005181347150259
2981,1944,2167.56890807209,128,179,0.050000000000000044,42,True,1944,223.56890807208845,2167.56890807209,98.88268156424581,0.8011636857016275,4.921787709497207
2982,908,908.8391360412637,64,118,0.050000000000000044,42,True,908,0.8391360412636999,908.8391360412637,0.0,0.6923733896565578,4.576271186440678
2983,1340,1556.8252658468484,128,136,0.050000000000000044,42,True,1340,216.82526584684845,1556.8252658468484,97.05882352941177,0.7927487276036813,5.448529411764706
2984,2216,2400.9590771632033,128,207,0.050000000000000044,42,True,2216,184.9590771632036,2400.9590771632033,100.0,0.8336773863546566,4.164251207729468
2985,780,765.3190960175071,64,103,0.050000000000000044,42,True,780,-14.680903982493014,765.3190960175071,16.50485436893204,0.7113465362760332,5.048543689320389
2986,2124,2344.955282401405,256,170,0.050000000000000044,42,True,2124,220.9552824014043,2344.955282401405,100.0,0.7866306999245201,5.105882352941176
2987,1368,1591.0359647243158,128,143,0.050000000000000044,42,True,1368,223.03596472431533,1591.0359647243158,99.3006993006993,0.7926995759085503,5.594405594405594
2988,700,901.302405808619,64,95,0.050000000000000044,42,True,700,201.302405808619,901.302405808619,98.94736842105263,0.8165349028015224,5.905263157894737
2989,532,733.3427882832775,64,73,0.050000000000000044,42,True,532,201.3427882832777,733.3427882832775,100.0,0.816160966513236,6.739726027397261
2990,1004,1237.8723515267004,128,106,0.050000000000000044,42,True,1004,233.87235152670024,1237.8723515267004,99.05660377358491,0.7829752504117354,6.320754716981132
2991,2580,2844.579673708524,256,221,0.050000000000000044,42,True,2580,264.57967370852435,2844.579673708524,96.83257918552036,0.7951954700031559,4.755656108597285
2992,1072,1292.6965248269394,128,118,0.050000000000000044,42,True,1072,220.69652482693957,1292.6965248269394,99.15254237288136,0.787210652184862,5.305084745762712
2993,684,681.6577402787966,64,89,0.050000000000000044,42,True,684,-2.3422597212032485,681.6577402787966,35.95505617977528,0.80917971309629,5.685393258426966
2994,2892,3157.9589139187124,256,240,0.050000000000000044,42,True,2892,265.95891391871413,3157.9589139187124,99.58333333333333,0.7958047215787861,5.058333333333334
2995,1064,1252.9315865106255,64,126,0.050000000000000044,42,True,1064,188.93158651062484,1252.9315865106255,99.2063492063492,0.8155027251268757,3.9285714285714284
2996,1328,1321.653531654262,128,137,0.050000000000000044,42,True,1328,-6.3464683457382485,1321.653531654262,8.75912408759124,0.6882456625728539,4.0
2997,1460,1687.045241373401,128,153,0.050000000000000044,42,True,1460,227.04524137340215,1687.045241373401,99.34640522875817,0.7933816684843598,5.6797385620915035
2998,896,1097.9256902874317,64,106,0.050000000000000044,42,True,896,201.92569028743134,1097.9256902874317,99.05660377358491,0.7974629254476674,5.839622641509434
2999,1252,1484.7216870525936,128,130,0.050000000000000044,42,True,1252,232.7216870525941,1484.7216870525936,100.0,0.8182340199159192,5.7615384615384615
3000,1568,1555.9881926223184,128,164,0.050000000000000044,42,True,1568,-12.01180737768173,1555.9881926223184,65.85365853658537,0.7831811437783083,4.621951219512195
3001,1432,1659.6086253577776,128,147,0.050000000000000044,42,True,1432,227.6086253577783,1659.6086253577776,97.95918367346938,0.8115671483263398,4.142857142857143
3002,1180,1368.7001230522994,128,128,0.050000000000000044,42,True,1180,188.70012305229997,1368.7001230522994,100.0,0.8550121725747408,5.4765625
3003,1476,1710.083830544102,128,154,0.050000000000000044,42,True,1476,234.0838305441022,1710.083830544102,99.35064935064935,0.8177645778838913,4.616883116883117
3004,1396,1622.1792927814536,128,143,0.050000000000000044,42,True,1396,226.17929278145306,1622.1792927814536,98.6013986013986,0.8452981371605318,4.979020979020979
3005,1440,1432.7116625846925,128,150,0.050000000000000044,42,True,1440,-7.288337415307765,1432.7116625846925,94.0,0.8271556038915306,4.793333333333333
3006,3052,3320.2217467632195,256,249,0.050000000000000044,42,True,3052,268.2217467632214,3320.2217467632195,99.59839357429719,0.8234970104368703,4.78714859437751
3007,1548,1781.8822156196952,128,159,0.050000000000000044,42,True,1548,233.8822156196944,1781.8822156196952,99.37106918238993,0.8607778754560947,6.2578616352201255
3008,1472,1463.3836067882066,128,153,0.050000000000000044,42,True,1472,-8.616393211792884,1463.3836067882066,86.9281045751634,0.8043551966856135,5.908496732026144
3009,780,981.538001184464,64,100,0.050000000000000044,42,True,780,201.53800118446387,981.538001184464,99.0,0.8009328880349408,5.68
3010,1176,1117.7209188660802,128,127,0.050000000000000044,42,True,1176,-58.27908113391985,1117.7209188660802,34.645669291338585,0.7360002929782864,3.984251968503937
3011,1492,1466.3436907091511,128,147,0.050000000000000044,42,True,1492,-25.656309290849038,1466.3436907091511,87.07482993197279,0.7981176519110589,4.8979591836734695
3012,1444,1428.6681186720034,128,151,0.050000000000000044,42,True,1444,-15.331881327996243,1428.6681186720034,87.41721854304636,0.7589732557047376,5.2052980132450335
3013,936,1130.0269776551936,64,114,0.050000000000000044,42,True,936,194.02697765519446,1130.0269776551936,99.12280701754386,0.8142156190930897,5.298245614035087
3014,584,572.5169679061202,64,80,0.050000000000000044,42,True,584,-11.483032093879954,572.5169679061202,38.75,0.7853581907359526,6.625
3015,1424,1656.5213865621108,128,146,0.050000000000000044,42,True,1424,232.52138656211014,1656.5213865621108,99.31506849315069,0.7916949400592505,5.5
3016,1360,1349.5807857586747,128,145,0.050000000000000044,42,True,1360,-10.41921424132505,1349.5807857586747,48.96551724137931,0.7027747087389743,4.937931034482759
3017,1252,1445.8501545426843,64,138,0.050000000000000044,42,True,1252,193.85015454268427,1445.8501545426843,94.20289855072464,0.8112706232268803,4.949275362318841
3018,1328,1321.7019922635866,128,135,0.050000000000000044,42,True,1328,-6.298007736413808,1321.7019922635866,70.37037037037037,0.7516199193154499,6.785185185185185
3019,4916,5181.720073586035,256,377,0.050000000000000044,42,True,4916,265.72007358603577,5181.720073586035,99.73474801061008,0.7797771651475257,3.896551724137931
3020,944,1101.8717552064593,64,116,0.050000000000000044,42,True,944,157.8717552064596,1101.8717552064593,100.0,0.7978195182077579,4.9655172413793105
3021,3424,3681.56718879665,256,287,0.050000000000000044,42,True,3424,257.5671887966499,3681.56718879665,98.95470383275261,0.8086642600570231,4.543554006968641
3022,3096,3361.1448383059455,256,258,0.050000000000000044,42,True,3096,265.1448383059469,3361.1448383059455,93.02325581395348,0.8029785831891076,4.1395348837209305
3023,1584,1808.9758441190122,128,159,0.050000000000000044,42,True,1584,224.97584411901124,1808.9758441190122,98.74213836477988,0.814326076897671,5.0062893081761
3024,1388,1619.4544458714217,128,143,0.050000000000000044,42,True,1388,231.454445871421,1619.4544458714217,100.0,0.8409202141390254,5.545454545454546
3025,1340,1562.4085522039572,128,138,0.050000000000000044,42,True,1340,222.40855220395628,1562.4085522039572,97.82608695652173,0.816383307366296,5.311594202898551
3026,1020,1177.514325291677,64,119,0.050000000000000044,42,True,1020,157.51432529167622,1177.514325291677,100.0,0.8412723900759482,5.680672268907563
3027,3084,3348.5354702772383,256,251,0.050000000000000044,42,True,3084,264.53547027724045,3348.5354702772383,100.0,0.8069466054300583,4.824701195219124
3028,2276,2542.098214836142,256,194,0.050000000000000044,42,True,2276,266.0982148361427,2542.098214836142,98.45360824742268,0.8144969634399079,4.092783505154639
3029,3888,4152.409928739893,256,298,0.050000000000000044,42,True,3888,264.4099287398927,4152.409928739893,100.0,0.8364173956905332,3.9731543624161074
3030,2460,2707.377358284805,256,203,0.050000000000000044,42,True,2460,247.37735828480444,2707.377358284805,58.12807881773399,0.8402388711785003,5.157635467980295
3031,1732,1939.7742070229351,128,162,0.050000000000000044,42,True,1732,207.77420702293367,1939.7742070229351,98.14814814814815,0.8180756497311149,6.08641975308642
3032,556,548.7322822959262,64,76,0.050000000000000044,42,True,556,-7.267717704073938,548.7322822959262,43.421052631578945,0.7925899874395343,5.328947368421052
3033,2952,3220.434097805008,256,240,0.050000000000000044,42,True,2952,268.4340978050073,3220.434097805008,99.58333333333333,0.8225421590228225,5.625
3034,3920,4178.097043852266,256,299,0.050000000000000044,42,True,3920,258.0970438522674,4178.097043852266,99.66555183946488,0.8055455464221104,4.682274247491639
3035,2284,2550.5592093875102,256,196,0.050000000000000044,42,True,2284,266.55920938750955,2550.5592093875102,99.48979591836735,0.794507248818932,4.76530612244898
3036,1460,1694.0007923033402,128,153,0.050000000000000044,42,True,1460,234.00079230333898,1694.0007923033402,99.34640522875817,0.7873146499576802,5.2745098039215685
3037,1412,1404.5818010123141,128,150,0.050000000000000044,42,True,1412,-7.418198987686033,1404.5818010123141,79.33333333333333,0.8308941055435627,4.406666666666666
3038,2684,2617.931593095642,256,211,0.050000000000000044,42,True,2684,-66.06840690435767,2617.931593095642,95.260663507109,0.8011230162617542,3.8720379146919433
3039,1608,1602.5019781948965,128,159,0.050000000000000044,42,True,1608,-5.498021805102834,1602.5019781948965,81.76100628930817,0.7919421803537537,3.9559748427672954
3040,784,777.6257116342872,64,104,0.050000000000000044,42,True,784,-6.374288365712447,777.6257116342872,92.3076923076923,0.795034750320875,4.769230769230769
3041,1040,1230.9672404743055,64,124,0.050000000000000044,42,True,1040,190.96724047430598,1230.9672404743055,99.19354838709677,0.8143440056921634,5.169354838709677
3042,2352,2574.771207881733,256,195,0.050000000000000044,42,True,2352,222.77120788173113,2574.771207881733,100.0,0.768271041279412,6.317948717948718
3043,1164,1391.192151270975,128,130,0.050000000000000044,42,True,1164,227.19215127097473,1391.192151270975,98.46153846153847,0.8317149766339978,6.3538461538461535
3044,640,581.8774896508631,64,87,0.050000000000000044,42,True,640,-58.12251034913689,581.8774896508631,48.275862068965516,0.7616914203640615,6.586206896551724
3045,2720,2989.077572964672,256,224,0.050000000000000044,42,True,2720,269.07757296466974,2989.077572964672,100.0,0.779123025067881,5.629464285714286
3046,3392,3652.090411090786,256,278,0.050000000000000044,42,True,3392,260.0904110907866,3652.090411090786,98.20143884892086,0.8169545603755939,5.273381294964029
3047,1040,1266.9208033334128,128,114,0.050000000000000044,42,True,1040,226.92080333341247,1266.9208033334128,99.12280701754386,0.8334840183602593,6.7894736842105265
3048,1744,1976.1783532995673,128,162,0.050000000000000044,42,True,1744,232.178353299567,1976.1783532995673,100.0,0.8016224496553062,4.561728395061729
3049,868,1101.7871220746365,128,89,0.050000000000000044,42,True,868,233.78712207463633,1101.7871220746365,98.87640449438203,0.7654904555617952,7.089887640449438
3050,2064,2287.1409371597683,128,197,0.050000000000000044,42,True,2064,223.14093715976708,2287.1409371597683,81.7258883248731,0.78471708642326,4.649746192893401
3051,600,760.9003131856629,32,85,0.050000000000000044,42,True,600,160.90031318566264,760.9003131856629,90.58823529411765,0.7592764846994016,4.329411764705882
3052,1220,1453.5699939135725,128,124,0.050000000000000044,42,True,1220,233.56999391357272,1453.5699939135725,98.38709677419355,0.7658448192337649,5.661290322580645
3053,1212,1447.480626322072,128,128,0.050000000000000044,42,True,1212,235.4806263220728,1447.480626322072,100.0,0.8113733513934832,5.8515625
3054,1456,1690.7526131405998,128,152,0.050000000000000044,42,True,1456,234.75261314059802,1690.7526131405998,100.0,0.7965785642685569,6.046052631578948
3055,824,765.4178272427883,64,110,0.050000000000000044,42,True,824,-58.582172757211445,765.4178272427883,4.545454545454546,0.7132675861611053,4.609090909090909
3056,648,847.504191254665,64,84,0.050000000000000044,42,True,648,199.50419125466564,847.504191254665,95.23809523809524,0.7834010811935299,6.333333333333333
3057,2852,3106.7308546620225,256,235,0.050000000000000044,42,True,2852,254.7308546620223,3106.7308546620225,99.57446808510639,0.7841111054785935,5.302127659574468
3058,2436,2673.98254513994,128,225,0.050000000000000044,42,True,2436,237.98254513994223,2673.98254513994,100.0,0.8282926900265986,3.933333333333333
3059,1728,1722.3966226879616,128,174,0.050000000000000044,42,True,1728,-5.603377312038399,1722.3966226879616,83.33333333333333,0.7643138229597869,5.022988505747127
3060,2420,2678.998066616412,256,203,0.050000000000000044,42,True,2420,258.99806661641,2678.998066616412,99.01477832512315,0.8028713899899476,5.280788177339901
3061,1276,1250.5274926318586,128,129,0.050000000000000044,42,True,1276,-25.47250736814181,1250.5274926318586,92.24806201550388,0.793880947956393,4.131782945736434
3062,988,980.8045120618216,128,105,0.050000000000000044,42,True,988,-7.19548793817841,980.8045120618216,54.285714285714285,0.75844717736581,5.447619047619048
3063,1496,1719.870021868938,128,157,0.050000000000000044,42,True,1496,223.87002186893795,1719.870021868938,99.36305732484077,0.7798413743293378,4.885350318471337
3064,1588,1817.7977082654497,128,165,0.050000000000000044,42,True,1588,229.79770826545018,1817.7977082654497,99.39393939393939,0.8174475813652924,5.909090909090909
3065,1072,1299.553441435225,128,117,0.050000000000000044,42,True,1072,227.5534414352251,1299.553441435225,98.2905982905983,0.8373810809181972,5.726495726495727
3066,1100,1066.8783475043806,128,117,0.050000000000000044,42,True,1100,-33.12165249561885,1066.8783475043806,58.11965811965812,0.7580935875592225,4.854700854700854
3067,2716,2708.064042460445,256,230,0.050000000000000044,42,True,2716,-7.9359575395552575,2708.064042460445,51.30434782608695,0.7428063370075616,3.6
3068,2016,2282.5442514474776,256,168,0.050000000000000044,42,True,2016,266.5442514474773,2282.5442514474776,99.4047619047619,0.7729278806604236,5.375
3069,2108,2094.161783351906,128,199,0.050000000000000044,42,True,2108,-13.838216648095479,2094.161783351906,59.79899497487437,0.744535432783533,4.527638190954774
3070,1008,1202.04573204562,64,120,0.050000000000000044,42,True,1008,194.04573204562004,1202.04573204562,98.33333333333333,0.8146392081783997,5.416666666666667
3071,2344,2609.223368730382,256,199,0.050000000000000044,42,True,2344,265.2233687303813,2609.223368730382,99.49748743718592,0.7919980932576471,4.346733668341709
3072,1384,1608.4567434715818,128,144,0.050000000000000044,42,True,1384,224.45674347158217,1608.4567434715818,99.30555555555556,0.8096567172268192,6.326388888888889
3073,3168,3433.503173076035,256,260,0.050000000000000044,42,True,3168,265.5031730760336,3433.503173076035,99.61538461538461,0.7686509606238098,5.246153846153846
3074,1864,2096.125974974153,128,176,0.050000000000000044,42,True,1864,232.12597497415277,2096.125974974153,99.43181818181819,0.8077020282120742,4.2897727272727275
3075,4892,5182.128523847269,512,343,0.050000000000000044,42,True,4892,290.12852384726864,5182.128523847269,98.83381924198251,0.7811603510340871,4.653061224489796
3076,1332,1565.3976135099608,128,139,0.050000000000000044,42,True,1332,233.39761350996056,1565.3976135099608,100.0,0.7979249851121779,6.597122302158273
3077,3236,3485.8056946182687,256,276,0.050000000000000044,42,True,3236,249.80569461827287,3485.8056946182687,98.55072463768116,0.8034010065664681,4.1231884057971016
3078,1204,1360.2553614806998,128,124,0.050000000000000044,42,True,1204,156.25536148069997,1360.2553614806998,100.0,0.8095621788396364,6.129032258064516
3079,1340,1557.8328606876994,128,139,0.050000000000000044,42,True,1340,217.8328606876994,1557.8328606876994,98.56115107913669,0.832238288375635,5.446043165467626
3080,3068,3332.693287063375,256,251,0.050000000000000044,42,True,3068,264.69328706337467,3332.693287063375,96.41434262948208,0.8017289001341106,4.864541832669323
3081,3884,4133.311332603522,256,316,0.050000000000000044,42,True,3884,249.31133260352274,4133.311332603522,93.35443037974683,0.782227455983889,3.310126582278481
3082,2076,2299.111083540116,128,196,0.050000000000000044,42,True,2076,223.1110835401158,2299.111083540116,62.244897959183675,0.7476555229955066,3.806122448979592
3083,908,1098.2553349875934,64,112,0.050000000000000044,42,True,908,190.25533498759305,1098.2553349875934,98.21428571428571,0.7695020696443583,5.267857142857143
3084,2524,2780.0039558376507,256,215,0.050000000000000044,42,True,2524,256.0039558376542,2780.0039558376507,95.81395348837209,0.7801932166972992,5.037209302325581
3085,1436,1653.2466013914461,128,152,0.050000000000000044,42,True,1436,217.24660139144567,1653.2466013914461,98.6842105263158,0.8011630963019454,6.447368421052632
3086,1468,1419.9916149304406,128,152,0.050000000000000044,42,True,1468,-48.00838506955881,1419.9916149304406,54.60526315789474,0.7701262564826843,5.309210526315789
3087,3156,3132.0437195232053,256,271,0.050000000000000044,42,True,3156,-23.95628047679665,3132.0437195232053,63.46863468634686,0.7481287661310516,3.6752767527675276
3088,1332,1556.6313096848187,128,138,0.050000000000000044,42,True,1332,224.63130968481894,1556.6313096848187,99.27536231884058,0.781200319709097,6.079710144927536
3089,532,724.1348790523975,64,70,0.050000000000000044,42,True,532,192.13487905239725,724.1348790523975,58.57142857142857,0.7494970829255841,5.328571428571428
3090,3068,3333.645090387242,256,252,0.050000000000000044,42,True,3068,265.64509038724424,3333.645090387242,100.0,0.7597881553966803,5.031746031746032
3091,768,761.154032410237,64,97,0.050000000000000044,42,True,768,-6.845967589762976,761.154032410237,73.19587628865979,0.7435169441118631,5.505154639175258
3092,1376,1369.3464830557814,128,144,0.050000000000000044,42,True,1376,-6.65351694421803,1369.3464830557814,47.916666666666664,0.7403852108326543,3.9097222222222223
3093,1904,2138.0817013564165,128,182,0.050000000000000044,42,True,1904,234.0817013564167,2138.0817013564165,100.0,0.7792749049052046,4.626373626373627
3094,716,907.3104398664937,64,96,0.050000000000000044,42,True,716,191.31043986649377,907.3104398664937,98.95833333333333,0.814370230982692,5.135416666666667
3095,1272,1506.9531256655669,128,129,0.050000000000000044,42,True,1272,234.95312566556615,1506.9531256655669,100.0,0.7957487854023949,5.75968992248062
3096,7032,7333.63246829823,512,486,0.050000000000000044,42,True,7032,301.63246829823004,7333.63246829823,100.0,0.7869282623875664,3.6481481481481484
3097,3344,3601.877206073385,256,263,0.050000000000000044,42,True,3344,257.8772060733857,3601.877206073385,99.23954372623574,0.8037286827386857,4.47148288973384
3098,2420,2608.1331171540173,256,206,0.050000000000000044,42,True,2420,188.1331171540183,2608.1331171540173,100.0,0.7988511216285163,5.228155339805825
3099,924,1119.8122282735187,64,110,0.050000000000000044,42,True,924,195.8122282735186,1119.8122282735187,99.0909090909091,0.810891339603725,4.872727272727273
3100,1472,1695.658478227713,128,154,0.050000000000000044,42,True,1472,223.65847822771298,1695.658478227713,99.35064935064935,0.7681648687921848,5.701298701298701
3101,1448,1677.5537857005945,128,152,0.050000000000000044,42,True,1448,229.5537857005942,1677.5537857005945,83.55263157894737,0.7737610477398549,5.7631578947368425
3102,2120,2382.001020709722,256,177,0.050000000000000044,42,True,2120,262.0010207097229,2382.001020709722,99.43502824858757,0.807596936282991,5.406779661016949
3103,3812,4074.4338323846982,256,305,0.050000000000000044,42,True,3812,262.4338323846961,4074.4338323846982,100.0,0.8020118014133819,4.226229508196721
3104,6484,6780.644342186016,512,446,0.050000000000000044,42,True,6484,296.6443421860174,6780.644342186016,99.77578475336323,0.8207249141191302,3.4506726457399104
3105,3172,3438.6305489120946,256,258,0.050000000000000044,42,True,3172,266.63054891209237,3438.6305489120946,98.44961240310077,0.8056503201294055,4.961240310077519
3106,1500,1725.015297638842,128,155,0.050000000000000044,42,True,1500,225.0152976388427,1725.015297638842,96.7741935483871,0.7762794725629245,4.825806451612904
3107,1072,1300.5020400357,128,114,0.050000000000000044,42,True,1072,228.50204003570065,1300.5020400357,99.12280701754386,0.8074792858752541,5.973684210526316
3108,3176,3435.259599901832,256,262,0.050000000000000044,42,True,3176,259.2595999018311,3435.259599901832,99.61832061068702,0.789941171028244,4.599236641221374
3109,2056,2283.140969509054,128,193,0.050000000000000044,42,True,2056,227.14096950905318,2283.140969509054,98.96373056994818,0.7724724086064007,4.036269430051814
3110,1404,1621.4566521724475,128,146,0.050000000000000044,42,True,1404,217.45665217244746,1621.4566521724475,97.94520547945206,0.803575253055911,5.8561643835616435
3111,1004,1205.976138348667,64,119,0.050000000000000044,42,True,1004,201.97613834866658,1205.976138348667,100.0,0.7861808979305834,4.420168067226891
3112,248,241.11837380583475,32,47,0.050000000000000044,42,True,248,-6.8816261941652215,241.11837380583475,68.08510638297872,0.7445909678115465,5.382978723404255
3113,1280,1276.2236884978822,128,136,0.050000000000000044,42,True,1280,-3.7763115021179523,1276.2236884978822,6.617647058823529,0.6986145870812871,4.5588235294117645
3114,1232,1467.5893855414508,128,129,0.050000000000000044,42,True,1232,235.5893855414506,1467.5893855414508,99.2248062015504,0.7885163904061832,5.75968992248062
3115,2808,3074.298885575735,256,238,0.050000000000000044,42,True,2808,266.29888557573565,3074.298885575735,100.0,0.8072546121180386,3.6050420168067228
3116,1604,1833.8397298042462,128,163,0.050000000000000044,42,True,1604,229.83972980424593,1833.8397298042462,99.38650306748467,0.7882625410434896,4.754601226993865
3117,2832,3095.819169259321,256,232,0.050000000000000044,42,True,2832,263.8191692593199,3095.819169259321,100.0,0.7843797494718008,5.633620689655173
3118,5508,5762.470118728179,512,387,0.050000000000000044,42,True,5508,254.47011872817905,5762.470118728179,100.0,0.7976706453670445,4.10594315245478
3119,292,288.9561382509478,32,55,0.050000000000000044,42,True,292,-3.0438617490521516,288.9561382509478,9.090909090909092,0.7175682429658097,5.945454545454545
3120,4712,4976.73244215619,256,365,0.050000000000000044,42,True,4712,264.7324421561938,4976.73244215619,100.0,0.788048391134475,4.271232876712329
3121,2992,3205.6550545251434,256,240,0.050000000000000044,42,True,2992,213.6550545251425,3205.6550545251434,99.58333333333333,0.7861223208807966,5.158333333333333
3122,2796,3028.4182612554537,128,247,0.050000000000000044,42,True,2796,232.4182612554547,3028.4182612554537,100.0,0.8130485177917257,4.251012145748988
3123,1940,2169.9777899984415,128,186,0.050000000000000044,42,True,1940,229.9777899984408,2169.9777899984415,99.46236559139786,0.7921474658229584,4.752688172043011
3124,1636,1856.224122119421,128,175,0.050000000000000044,42,True,1636,220.22412211942037,1856.224122119421,98.28571428571429,0.7963085143106914,5.325714285714286
3125,1356,1583.6822718005049,128,143,0.050000000000000044,42,True,1356,227.68227180050508,1583.6822718005049,97.2027972027972,0.823518308970372,5.9020979020979025
3126,3700,3964.4825503315724,256,298,0.050000000000000044,42,True,3700,264.48255033157346,3964.4825503315724,100.0,0.7848810228766493,4.157718120805369
3127,644,633.768627665391,64,84,0.050000000000000044,42,True,644,-10.231372334609077,633.768627665391,84.52380952380952,0.7641897993909109,4.773809523809524
3128,1288,1273.95217940075,128,128,0.050000000000000044,42,True,1288,-14.047820599249453,1273.95217940075,28.90625,0.770801445814434,3.4140625
3129,2400,2657.0451556210664,256,205,0.050000000000000044,42,True,2400,257.045155621067,2657.0451556210664,99.02439024390245,0.810780850018643,4.809756097560975
3130,2116,2331.6520737327187,128,202,0.050000000000000044,42,True,2116,215.65207373271892,2331.6520737327187,98.51485148514851,0.7597108927270232,5.153465346534653
3131,1352,1343.7523789574486,128,142,0.050000000000000044,42,True,1352,-8.247621042551913,1343.7523789574486,32.394366197183096,0.7299086713314343,4.232394366197183
3132,1376,1342.6037993961081,128,138,0.050000000000000044,42,True,1376,-33.396200603891785,1342.6037993961081,84.78260869565217,0.8107902599037751,3.6231884057971016
3133,1336,1564.8566672080558,128,136,0.050000000000000044,42,True,1336,228.85666720805588,1564.8566672080558,94.11764705882354,0.7954019858365262,5.220588235294118
3134,2992,3250.363332540753,256,245,0.050000000000000044,42,True,2992,258.36333254075186,3250.363332540753,99.18367346938776,0.7996779327068305,4.848979591836735
3135,3404,3662.530684270542,256,284,0.050000000000000044,42,True,3404,258.53068427054177,3662.530684270542,99.64788732394366,0.7756873037756864,4.799295774647887
3136,2540,2771.61884448896,128,228,0.050000000000000044,42,True,2540,231.61884448896006,2771.61884448896,98.6842105263158,0.7848743734049471,3.763157894736842
3137,3088,3355.4668821647565,256,257,0.050000000000000044,42,True,3088,267.4668821647561,3355.4668821647565,99.22178988326849,0.8021370963971837,5.357976653696498
3138,3104,3370.146036416111,256,257,0.050000000000000044,42,True,3104,266.1460364161119,3370.146036416111,99.61089494163424,0.7910447172672789,5.1050583657587545
3139,2432,2699.422103391978,256,204,0.050000000000000044,42,True,2432,267.4221033919756,2699.422103391978,99.50980392156863,0.789002307601069,5.313725490196078
3140,1120,1351.9676989247303,128,121,0.050000000000000044,42,True,1120,231.9676989247312,1351.9676989247303,100.0,0.8065954961557176,5.4958677685950414
3141,1900,2114.077596164489,128,177,0.050000000000000044,42,True,1900,214.0775961644888,2114.077596164489,98.30508474576271,0.7896507879566025,5.220338983050848
3142,2040,2264.078146479798,128,191,0.050000000000000044,42,True,2040,224.07814647979873,2264.078146479798,98.95287958115183,0.7741679448287454,5.465968586387435
3143,2056,2291.4073949820786,128,207,0.050000000000000044,42,True,2056,235.40739498207887,2291.4073949820786,99.51690821256038,0.798709724213155,4.7729468599033815
3144,2796,3018.536635202297,256,228,0.050000000000000044,42,True,2796,222.53663520229793,3018.536635202297,100.0,0.7985697691114838,4.964912280701754
3145,2448,2705.3555949603015,256,209,0.050000000000000044,42,True,2448,257.35559496030146,2705.3555949603015,99.04306220095694,0.7881598638745397,5.679425837320574
3146,2444,2709.3718034430876,256,207,0.050000000000000044,42,True,2444,265.37180344308877,2709.3718034430876,99.51690821256038,0.8090356590194319,4.502415458937198
3147,2200,2184.601908730773,128,206,0.050000000000000044,42,True,2200,-15.398091269228793,2184.601908730773,45.14563106796116,0.7447000964511958,4.271844660194175
3148,3672,3895.7756177054735,256,291,0.050000000000000044,42,True,3672,223.77561770547544,3895.7756177054735,100.0,0.841995437973749,4.65979381443299
3149,3036,3291.538330170777,256,259,0.050000000000000044,42,True,3036,255.538330170778,3291.538330170777,99.61389961389962,0.7808364813563944,5.239382239382239
3150,2256,2522.549174860562,256,193,0.050000000000000044,42,True,2256,266.5491748605601,2522.549174860562,100.0,0.8204448278224181,4.730569948186528
3151,1316,1309.0295280631842,128,134,0.050000000000000044,42,True,1316,-6.970471936815546,1309.0295280631842,73.88059701492537,0.7901889222207918,5.522388059701493
3152,1796,1986.1695992179853,128,184,0.050000000000000044,42,True,1796,190.16959921798633,1986.1695992179853,100.0,0.8086227664181828,4.820652173913044
3153,2948,3202.4440187472114,256,238,0.050000000000000044,42,True,2948,254.4440187472103,3202.4440187472114,99.5798319327731,0.8002278413576441,4.781512605042017
3154,824,1019.1256235136292,64,107,0.050000000000000044,42,True,824,195.12562351362888,1019.1256235136292,98.13084112149532,0.792524117996796,5.4953271028037385
3155,7180,7474.145596014977,512,500,0.050000000000000044,42,True,7180,294.1455960149824,7474.145596014977,99.8,0.7839817724905798,4.092
3156,3112,3376.6546376035935,256,262,0.050000000000000044,42,True,3112,264.6546376035939,3376.6546376035935,99.61832061068702,0.7840556517954221,5.099236641221374
3157,1952,2175.971276610681,128,181,0.050000000000000044,42,True,1952,223.97127661068032,2175.971276610681,99.4475138121547,0.8118052459427736,4.475138121546961
3158,3224,3217.771589275523,256,269,0.050000000000000044,42,True,3224,-6.22841072447849,3217.771589275523,81.78438661710037,0.7583961660264121,5.096654275092937
3159,1852,2075.9630408682824,128,174,0.050000000000000044,42,True,1852,223.9630408682833,2075.9630408682824,99.42528735632185,0.7913909844852798,5.126436781609195
3160,2180,2369.883789763198,128,206,0.050000000000000044,42,True,2180,189.8837897631995,2369.883789763198,100.0,0.7938193054591405,4.679611650485437
3161,2492,2762.1939926807336,256,216,0.050000000000000044,42,True,2492,270.1939926807361,2762.1939926807336,94.9074074074074,0.7804867283274045,5.083333333333333
3162,1740,1969.5890766972184,128,160,0.050000000000000044,42,True,1740,229.5890766972186,1969.5890766972184,99.375,0.8163673704650838,5.6375
3163,2180,2177.519647856003,256,186,0.050000000000000044,42,True,2180,-2.480352143997072,2177.519647856003,0.5376344086021505,0.6473469084579058,4.849462365591398
3164,2908,3171.208952398129,256,247,0.050000000000000044,42,True,2908,263.2089523981248,3171.208952398129,99.59514170040485,0.8159210773769339,4.712550607287449
3165,4252,4505.331309200154,256,336,0.050000000000000044,42,True,4252,253.33130920015213,4505.331309200154,99.70238095238095,0.8121978703030643,4.050595238095238
3166,1416,1634.047826555636,128,149,0.050000000000000044,42,True,1416,218.0478265556364,1634.047826555636,98.65771812080537,0.7772602500314088,4.1879194630872485
3167,1576,1784.4024256971675,128,156,0.050000000000000044,42,True,1576,208.40242569716838,1784.4024256971675,97.43589743589743,0.7390362961906555,4.647435897435898
3168,1816,1757.9320674130756,128,188,0.050000000000000044,42,True,1816,-58.06793258692504,1757.9320674130756,26.595744680851062,0.7230734147372417,3.877659574468085
3169,1348,1573.464327920515,128,142,0.050000000000000044,42,True,1348,225.4643279205147,1573.464327920515,98.59154929577464,0.7995915690057563,6.21830985915493
3170,2460,2718.2191489361703,256,213,0.050000000000000044,42,True,2460,258.21914893617026,2718.2191489361703,99.06103286384976,0.7808689285483387,5.671361502347418
3171,3156,3415.576237255202,256,258,0.050000000000000044,42,True,3156,259.5762372552046,3415.576237255202,98.83720930232558,0.7681898964658617,4.821705426356589
3172,1908,2127.2503866639204,128,185,0.050000000000000044,42,True,1908,219.2503866639217,2127.2503866639204,98.37837837837837,0.8187452567714371,4.113513513513514
3173,3048,3296.649222296191,256,243,0.050000000000000044,42,True,3048,248.64922229619316,3296.649222296191,98.76543209876543,0.7812600609693748,5.7407407407407405
3174,6024,6305.225298077335,512,399,0.050000000000000044,42,True,6024,281.22529807733173,6305.225298077335,99.24812030075188,0.7669547217734187,5.072681704260652
3175,856,1054.2050531649618,64,111,0.050000000000000044,42,True,856,198.20505316496101,1054.2050531649618,100.0,0.8498274620565441,5.117117117117117
3176,1012,1204.4084428358608,64,120,0.050000000000000044,42,True,1012,192.4084428358608,1204.4084428358608,88.33333333333333,0.8124219929306722,4.191666666666666
3177,3260,3518.415767890257,256,271,0.050000000000000044,42,True,3260,258.41576789025714,3518.415767890257,99.2619926199262,0.8126600542016761,4.682656826568266
3178,3264,3518.3242101836313,256,264,0.050000000000000044,42,True,3264,254.3242101836317,3518.3242101836313,99.62121212121212,0.8011268163485833,5.045454545454546
3179,1784,2007.5392697644952,128,169,0.050000000000000044,42,True,1784,223.5392697644946,2007.5392697644952,99.40828402366864,0.7994563650283836,5.485207100591716
3180,1548,1773.3806367898198,128,160,0.050000000000000044,42,True,1548,225.3806367898203,1773.3806367898198,98.75,0.8141282511196863,5.3125
3181,2068,2062.266333396215,256,172,0.050000000000000044,42,True,2068,-5.733666603785464,2062.266333396215,83.72093023255815,0.7833452614755458,5.924418604651163
3182,5384,5672.647524803903,512,372,0.050000000000000044,42,True,5384,288.6475248039063,5672.647524803903,98.9247311827957,0.8062585804829515,4.618279569892473
3183,2916,3166.4004393284717,256,233,0.050000000000000044,42,True,2916,250.40043932847257,3166.4004393284717,97.42489270386267,0.7961309812675814,3.686695278969957
3184,2672,2924.3836936417874,256,214,0.050000000000000044,42,True,2672,252.3836936417858,2924.3836936417874,79.4392523364486,0.817238704636335,4.607476635514018
3185,2288,2546.72497098288,256,190,0.050000000000000044,42,True,2288,258.72497098288136,2546.72497098288,99.47368421052632,0.8141043116758024,5.252631578947368
3186,2396,2645.5789441634265,256,201,0.050000000000000044,42,True,2396,249.57894416342575,2645.5789441634265,98.50746268656717,0.811844451727007,4.8606965174129355
3187,1624,1857.985578399092,128,170,0.050000000000000044,42,True,1624,233.985578399091,1857.985578399092,99.41176470588235,0.8396459270553729,5.605882352941176
3188,1152,1347.9827489481067,64,137,0.050000000000000044,42,True,1152,195.98274894810658,1347.9827489481067,91.24087591240875,0.8098361607333234,4.043795620437956
3189,572,774.8081670035916,64,78,0.050000000000000044,42,True,572,202.80816700359162,774.8081670035916,89.74358974358974,0.8001581922544794,6.641025641025641
3190,1640,1873.7835870860617,128,166,0.050000000000000044,42,True,1640,233.78358708606166,1873.7835870860617,99.39759036144578,0.8162506533509241,3.9939759036144578
3191,1216,1163.5652003810856,128,123,0.050000000000000044,42,True,1216,-52.434799618914155,1163.5652003810856,54.47154471544715,0.7554976189659726,4.186991869918699
3192,6416,6705.63935827087,512,434,0.050000000000000044,42,True,6416,289.6393582708676,6705.63935827087,99.53917050691244,0.813499328819179,4.154377880184332
3193,3024,3284.8096185206864,256,251,0.050000000000000044,42,True,3024,260.80961852068634,3284.8096185206864,99.60159362549801,0.8252258954080597,4.446215139442231
3194,1260,1451.8082748948104,64,147,0.050000000000000044,42,True,1260,191.80827489481067,1451.8082748948104,99.31972789115646,0.831507029147935,4.503401360544218
3195,480,463.64442048903095,32,75,0.050000000000000044,42,True,480,-16.35557951096896,463.64442048903095,14.666666666666666,0.7314529441208087,5.92
3196,332,493.97173449681713,32,60,0.050000000000000044,42,True,332,161.9717344968171,493.97173449681713,98.33333333333333,0.8183165884321786,6.25
3197,3260,3518.184214041745,256,267,0.050000000000000044,42,True,3260,258.18421404174575,3518.184214041745,99.25093632958801,0.7816891615802913,4.299625468164794
3198,4956,5253.142022658194,512,330,0.050000000000000044,42,True,4956,297.14202265819284,5253.142022658194,99.6969696969697,0.8058323529862352,5.009090909090909
3199,1920,2145.6478073984217,128,192,0.050000000000000044,42,True,1920,225.64780739842183,2145.6478073984217,99.47916666666667,0.8259547855620545,4.869791666666667
3200,1808,2042.9636465953315,128,172,0.050000000000000044,42,True,1808,234.9636465953332,2042.9636465953315,99.4186046511628,0.8141210172322547,4.941860465116279
3201,980,971.5082816934032,64,120,0.050000000000000044,42,True,980,-8.49171830659641,971.5082816934032,46.666666666666664,0.7442723852486542,6.075
3202,844,1042.8370694368505,64,101,0.050000000000000044,42,True,844,198.83706943685073,1042.8370694368505,100.0,0.8146123987036747,5.702970297029703
3203,1220,1446.804017914978,128,127,0.050000000000000044,42,True,1220,226.8040179149779,1446.804017914978,99.21259842519684,0.7884662756671645,6.2362204724409445
3204,1560,1791.8283887555378,128,152,0.050000000000000044,42,True,1560,231.82838875553733,1791.8283887555378,99.34210526315789,0.7857559639246086,5.322368421052632
3205,2280,2548.828077871903,256,190,0.050000000000000044,42,True,2280,268.82807787190194,2548.828077871903,100.0,0.8066772578788176,5.3578947368421055
3206,2168,2431.4243229618137,256,174,0.050000000000000044,42,True,2168,263.4243229618154,2431.4243229618137,100.0,0.7767811729590469,6.097701149425287
3207,3028,3293.1294539321098,256,249,0.050000000000000044,42,True,3028,265.12945393211044,3293.1294539321098,100.0,0.8185563983461015,4.353413654618474
3208,2236,2502.5415157265243,256,188,0.050000000000000044,42,True,2236,266.5415157265252,2502.5415157265243,98.93617021276596,0.7951677771287103,5.218085106382978
3209,1496,1728.7055235695443,128,155,0.050000000000000044,42,True,1496,232.70552356954383,1728.7055235695443,100.0,0.8068146432144072,5.567741935483871
3210,1812,1984.3016516431385,128,173,0.050000000000000044,42,True,1812,172.30165164313928,1984.3016516431385,98.84393063583815,0.7969237014248316,5.410404624277457
3211,2468,2702.938607510948,128,218,0.050000000000000044,42,True,2468,234.93860751094792,2702.938607510948,100.0,0.8103829439780769,4.834862385321101
3212,1976,2242.7678643657373,256,161,0.050000000000000044,42,True,1976,266.76786436573803,2242.7678643657373,100.0,0.7953975181553328,4.919254658385094
3213,4272,4558.677473106158,512,286,0.050000000000000044,42,True,4272,286.67747310615516,4558.677473106158,98.25174825174825,0.7958596335018203,4.916083916083916
3214,3372,3631.156213519666,256,290,0.050000000000000044,42,True,3372,259.1562135196648,3631.156213519666,99.3103448275862,0.8140402180632642,4.010344827586207
3215,1712,1902.2130324378386,128,159,0.050000000000000044,42,True,1712,190.2130324378378,1902.2130324378386,100.0,0.7779145140191772,5.081761006289308
3216,2308,2573.7932723602344,256,191,0.050000000000000044,42,True,2308,265.7932723602356,2573.7932723602344,99.47643979057591,0.7780765721193248,5.382198952879581
3217,3024,3289.8497892394485,256,253,0.050000000000000044,42,True,3024,265.8497892394494,3289.8497892394485,99.60474308300395,0.7923671125069696,4.545454545454546
3218,3048,3223.2928566068813,256,247,0.050000000000000044,42,True,3048,175.29285660688026,3223.2928566068813,99.19028340080972,0.8023046699254435,4.8582995951417
3219,2928,3187.015082824758,256,235,0.050000000000000044,42,True,2928,259.01508282476027,3187.015082824758,99.57446808510639,0.7874875594190043,5.863829787234042
3220,2432,2686.881414006352,256,204,0.050000000000000044,42,True,2432,254.8814140063513,2686.881414006352,99.01960784313725,0.814994231096837,5.176470588235294
3221,3788,4035.303452918461,256,284,0.050000000000000044,42,True,3788,247.30345291845728,4035.303452918461,99.29577464788733,0.7884752722820909,4.774647887323944
3222,2416,2681.8694197543196,256,205,0.050000000000000044,42,True,2416,265.8694197543194,2681.8694197543196,100.0,0.8003537159180018,5.5268292682926825
3223,6212,6501.111298756154,512,418,0.050000000000000044,42,True,6212,289.1112987561527,6501.111298756154,85.64593301435407,0.7738799233892354,3.748803827751196
3224,2876,3139.8316227104206,256,236,0.050000000000000044,42,True,2876,263.8316227104214,3139.8316227104206,99.57627118644068,0.8076150545953164,4.330508474576271
3225,896,894.6434137304399,64,107,0.050000000000000044,42,True,896,-1.3565862695601147,894.6434137304399,0.0,0.7841318979801662,4.672897196261682
3226,1512,1734.4010909375793,128,149,0.050000000000000044,42,True,1512,222.40109093757957,1734.4010909375793,99.32885906040268,0.8198748576882318,5.604026845637584
3227,2968,3231.5530290625284,256,242,0.050000000000000044,42,True,2968,263.5530290625264,3231.5530290625284,100.0,0.8106047929293427,4.909090909090909
3228,5016,5299.433253627022,512,340,0.050000000000000044,42,True,5016,283.43325362702046,5299.433253627022,99.41176470588235,0.823591592450043,4.473529411764706
3229,1056,1256.2418999626732,64,127,0.050000000000000044,42,True,1056,200.24189996267262,1256.2418999626732,100.0,0.8056152148669149,4.6141732283464565
3230,3212,3471.325992565289,256,267,0.050000000000000044,42,True,3212,259.3259925652898,3471.325992565289,99.62546816479401,0.7956766253390614,4.52434456928839
3231,776,976.4958522125293,64,96,0.050000000000000044,42,True,776,200.49585221252903,976.4958522125293,100.0,0.7967473044929241,5.770833333333333
3232,2156,2420.8547411203217,256,175,0.050000000000000044,42,True,2156,264.8547411203207,2420.8547411203217,100.0,0.7934442804620184,5.611428571428571
3233,3484,3750.4645585738535,256,280,0.050000000000000044,42,True,3484,266.464558573854,3750.4645585738535,99.64285714285714,0.8081399334650387,4.114285714285714
3234,2388,2653.8936890662844,256,200,0.050000000000000044,42,True,2388,265.8936890662828,2653.8936890662844,100.0,0.8129439032445405,5.46
3235,3208,3473.310998532099,256,267,0.050000000000000044,42,True,3208,265.31099853209696,3473.310998532099,100.0,0.8332093312591111,4.453183520599251
3236,3756,4020.210125448031,256,277,0.050000000000000044,42,True,3756,264.2101254480287,4020.210125448031,99.63898916967509,0.8183555813910475,4.588447653429603
3237,1248,1231.5587488091455,64,145,0.050000000000000044,42,True,1248,-16.441251190854214,1231.5587488091455,31.724137931034484,0.7298193855593016,5.675862068965517
3238,1416,1355.6488894121342,128,144,0.050000000000000044,42,True,1416,-60.351110587865904,1355.6488894121342,59.02777777777778,0.7578089890466854,2.75
3239,944,1178.0368209664703,128,100,0.050000000000000044,42,True,944,234.0368209664709,1178.0368209664703,95.0,0.7993410971343619,7.04
3240,2868,3124.1209958412956,256,235,0.050000000000000044,42,True,2868,256.12099584129487,3124.1209958412956,98.29787234042553,0.787460749248656,5.319148936170213
3241,2172,2379.5615899771683,128,207,0.050000000000000044,42,True,2172,207.56158997716994,2379.5615899771683,83.09178743961353,0.8076773870564172,3.4444444444444446
3242,984,1203.142762942392,128,103,0.050000000000000044,42,True,984,219.14276294239124,1203.142762942392,98.05825242718447,0.8075832960514564,6.398058252427185
3243,6180,6475.615510329941,512,414,0.050000000000000044,42,True,6180,295.6155103299414,6475.615510329941,89.61352657004831,0.7908571379722321,4.526570048309178
3244,2312,2569.712331116548,256,193,0.050000000000000044,42,True,2312,257.71233111654857,2569.712331116548,99.48186528497409,0.8160928249813135,5.430051813471502
3245,5244,5538.648762090415,512,359,0.050000000000000044,42,True,5244,294.6487620904134,5538.648762090415,99.72144846796657,0.8329197961920891,4.958217270194986
3246,872,870.5506026231831,64,114,0.050000000000000044,42,True,872,-1.4493973768167319,870.5506026231831,0.0,0.7584923263563511,5.228070175438597
3247,2388,2642.929943748384,256,202,0.050000000000000044,42,True,2388,254.92994374838582,2642.929943748384,99.00990099009901,0.8142044170923614,5.326732673267327
3248,2240,2412.476236529426,256,187,0.050000000000000044,42,True,2240,172.47623652942804,2412.476236529426,97.86096256684492,0.8103910396352922,4.9411764705882355
3249,3032,3290.440147026553,256,244,0.050000000000000044,42,True,3032,258.44014702655255,3290.440147026553,99.18032786885246,0.8244977598839802,4.598360655737705
3250,1392,1625.8891440270022,128,143,0.050000000000000044,42,True,1392,233.8891440270016,1625.8891440270022,99.3006993006993,0.8106690456023289,5.538461538461538
3251,1444,1678.672657450077,128,150,0.050000000000000044,42,True,1444,234.67265745007683,1678.672657450077,99.33333333333333,0.8195998282679003,5.6866666666666665
3252,2412,2671.147312734209,256,204,0.050000000000000044,42,True,2412,259.14731273420966,2671.147312734209,99.50980392156863,0.8039057147690111,5.632352941176471
3253,1716,1949.9531509810438,128,174,0.050000000000000044,42,True,1716,233.95315098104422,1949.9531509810438,100.0,0.8050039517537688,5.471264367816092
3254,2040,2274.0026288511735,128,191,0.050000000000000044,42,True,2040,234.0026288511733,2274.0026288511735,100.0,0.817286803806587,5.560209424083769
3255,5136,5434.666495416431,512,358,0.050000000000000044,42,True,5136,298.66649541643034,5434.666495416431,100.0,0.8153196559430453,4.754189944134078
3256,1420,1422.5147494907296,128,144,0.050000000000000044,42,True,1420,2.514749490729997,1422.5147494907296,0.0,0.7436015949229569,4.215277777777778
3257,1576,1802.2443791926146,128,155,0.050000000000000044,42,True,1576,226.24437919261493,1802.2443791926146,98.70967741935483,0.8142475956918244,5.212903225806452
3258,2564,2828.135840116034,256,221,0.050000000000000044,42,True,2564,264.13584011603274,2828.135840116034,98.64253393665159,0.8171700928292263,5.321266968325792
3259,2792,3049.9247156083434,256,228,0.050000000000000044,42,True,2792,257.9247156083442,3049.9247156083434,90.78947368421052,0.8102082531130879,5.048245614035087
3260,2884,3150.0392588780514,256,238,0.050000000000000044,42,True,2884,266.0392588780504,3150.0392588780514,100.0,0.8317194787707417,5.46218487394958
3261,2332,2558.8446662378956,128,213,0.050000000000000044,42,True,2332,226.84466623789658,2558.8446662378956,99.06103286384976,0.7999267777344988,4.549295774647887
3262,1620,1847.5819278671515,128,162,0.050000000000000044,42,True,1620,227.581927867151,1847.5819278671515,98.76543209876543,0.8352429132345411,4.709876543209877
3263,2448,2658.549132191762,256,208,0.050000000000000044,42,True,2448,210.54913219176092,2658.549132191762,99.51923076923077,0.8160570796271339,5.158653846153846
3264,2876,3139.7787405627996,256,240,0.050000000000000044,42,True,2876,263.7787405628003,3139.7787405627996,100.0,0.8319271761339573,3.975
3265,3144,3400.6006951060663,256,262,0.050000000000000044,42,True,3144,256.6006951060629,3400.6006951060663,99.61832061068702,0.8275677273863764,4.797709923664122
3266,2828,3094.1003035961066,256,230,0.050000000000000044,42,True,2828,266.1003035961076,3094.1003035961066,99.56521739130434,0.8142618848342951,5.143478260869565
3267,2848,3107.0403639045335,256,235,0.050000000000000044,42,True,2848,259.04036390453547,3107.0403639045335,99.14893617021276,0.8143716059141541,5.1191489361702125
3268,1596,1588.2813934084272,128,165,0.050000000000000044,42,True,1596,-7.7186065915728115,1588.2813934084272,7.878787878787879,0.7908449869322641,3.624242424242424
3269,3376,3626.000782407529,256,286,0.050000000000000044,42,True,3376,250.00078240752777,3626.000782407529,99.3006993006993,0.8260305042197463,4.825174825174825
3270,2332,2599.3494771006117,256,197,0.050000000000000044,42,True,2332,267.34947710061306,2599.3494771006117,99.49238578680203,0.8027922020903434,5.16243654822335
3271,2740,3004.3279569892497,256,220,0.050000000000000044,42,True,2740,264.32795698924735,3004.3279569892497,99.54545454545455,0.8036046667388195,5.118181818181818
3272,1520,1748.610224068425,128,157,0.050000000000000044,42,True,1520,228.6102240684249,1748.610224068425,99.36305732484077,0.7953154846635733,5.579617834394904
3273,736,885.2991163861119,64,98,0.050000000000000044,42,True,736,149.29911638611156,885.2991163861119,98.9795918367347,0.8069449934659447,6.428571428571429
3274,2468,2682.2731292891485,256,210,0.050000000000000044,42,True,2468,214.27312928914822,2682.2731292891485,99.52380952380952,0.8227509000186292,5.180952380952381
3275,1816,2050.5315357811214,128,174,0.050000000000000044,42,True,1816,234.53153578112185,2050.5315357811214,99.42528735632185,0.8231903356436523,4.494252873563219
3276,1756,1987.1366146697906,128,161,0.050000000000000044,42,True,1756,231.13661466979056,1987.1366146697906,98.75776397515529,0.8031141156401893,5.173913043478261
3277,4500,4790.4981056636,512,302,0.050000000000000044,42,True,4500,290.49810566360003,4790.4981056636,99.66887417218543,0.8256209137697431,4.629139072847682
3278,3000,3258.0734068115808,256,244,0.050000000000000044,42,True,3000,258.0734068115821,3258.0734068115808,99.18032786885246,0.8294932181048555,5.520491803278689
3279,5636,5937.312975957743,512,400,0.050000000000000044,42,True,5636,301.31297595774555,5937.312975957743,99.75,0.8204111325780485,4.6375
3280,2812,3075.315606004263,256,233,0.050000000000000044,42,True,2812,263.3156060042642,3075.315606004263,100.0,0.812014485398366,5.120171673819742
3281,4172,4421.591425545439,256,320,0.050000000000000044,42,True,4172,249.59142554544462,4421.591425545439,98.75,0.7999487601019777,4.66875
3282,2820,3074.824518094199,256,233,0.050000000000000044,42,True,2820,254.82451809419894,3074.824518094199,97.42489270386267,0.8136368199626794,4.828326180257511
3283,5116,5404.645149212269,512,348,0.050000000000000044,42,True,5116,288.6451492122694,5404.645149212269,99.42528735632185,0.8265121427245293,4.290229885057471
3284,1484,1716.8686539435907,128,155,0.050000000000000044,42,True,1484,232.86865394359063,1716.8686539435907,98.70967741935483,0.8382676096134503,4.8
3285,4792,5088.683883491227,512,334,0.050000000000000044,42,True,4792,296.6838834912269,5088.683883491227,100.0,0.823700715397824,4.206586826347305
3286,2392,2647.641452358466,256,197,0.050000000000000044,42,True,2392,255.64145235846712,2647.641452358466,98.98477157360406,0.8126624322261122,5.213197969543147
3287,2704,2970.7095968050107,256,212,0.050000000000000044,42,True,2704,266.70959680501204,2970.7095968050107,99.05660377358491,0.843580952029143,5.221698113207547
3288,1268,1495.2829949765435,128,134,0.050000000000000044,42,True,1268,227.28299497654336,1495.2829949765435,98.50746268656717,0.8095908656338724,6.477611940298507
3289,1456,1682.0203959720095,128,152,0.050000000000000044,42,True,1456,226.02039597200888,1682.0203959720095,99.34210526315789,0.8330115503192213,5.796052631578948
3290,4948,5246.677392942256,512,344,0.050000000000000044,42,True,4948,298.67739294225606,5246.677392942256,100.0,0.800108458625216,3.933139534883721
3291,2560,2790.5824454871,128,240,0.050000000000000044,42,True,2560,230.5824454871012,2790.5824454871,96.66666666666667,0.8095363812595139,4.720833333333333
3292,3036,3293.8809444743774,256,252,0.050000000000000044,42,True,3036,257.88094447437646,3293.8809444743774,96.82539682539682,0.8245561341028238,4.392857142857143
3293,1152,1385.0700940425793,128,115,0.050000000000000044,42,True,1152,233.07009404257983,1385.0700940425793,100.0,0.819492575142501,6.095652173913043
3294,2240,2446.530695511146,256,181,0.050000000000000044,42,True,2240,206.53069551114672,2446.530695511146,92.26519337016575,0.8165795462768995,5.801104972375691
3295,2868,3126.2724694997964,256,238,0.050000000000000044,42,True,2868,258.2724694997975,3126.2724694997964,99.15966386554622,0.8175179654064657,5.415966386554622
3296,2060,2311.9328009595365,256,173,0.050000000000000044,42,True,2060,251.9328009595354,2311.9328009595365,98.26589595375722,0.8248756596482243,5.676300578034682
3297,2392,2618.860988447299,128,222,0.050000000000000044,42,True,2392,226.86098844729918,2618.860988447299,99.09909909909909,0.7993216843916577,4.126126126126126
3298,3444,3708.576030651996,256,285,0.050000000000000044,42,True,3444,264.57603065199703,3708.576030651996,100.0,0.8182879489684763,4.803508771929825
3299,1412,1642.4918034001087,128,145,0.050000000000000044,42,True,1412,230.49180340010767,1642.4918034001087,100.0,0.8286077176368976,5.758620689655173
3300,1456,1672.001792114696,128,153,0.050000000000000044,42,True,1456,216.00179211469535,1672.001792114696,98.69281045751634,0.8286699527066108,5.718954248366013
3301,952,954.2998166697416,64,115,0.050000000000000044,42,True,952,2.2998166697423397,954.2998166697416,0.0,0.7986989505072221,5.2956521739130435
3302,3156,3423.0805254973807,256,261,0.050000000000000044,42,True,3156,267.0805254973821,3423.0805254973807,40.61302681992337,0.8125410896756513,3.3065134099616857
3303,2280,2544.5268412967885,256,188,0.050000000000000044,42,True,2280,264.52684129679034,2544.5268412967885,100.0,0.8342455963109368,5.345744680851064
3304,1272,1462.68857114969,128,129,0.050000000000000044,42,True,1272,190.6885711496894,1462.68857114969,100.0,0.8221437515090902,5.604651162790698
3305,1648,1872.7313283416072,128,165,0.050000000000000044,42,True,1648,224.73132834160674,1872.7313283416072,97.57575757575758,0.8131125549813405,5.16969696969697
3306,2460,2725.0723100000696,256,208,0.050000000000000044,42,True,2460,265.07231000007073,2725.0723100000696,96.15384615384616,0.8101862603572602,5.211538461538462
3307,1464,1694.8908846196377,128,150,0.050000000000000044,42,True,1464,230.89088461963937,1694.8908846196377,98.66666666666667,0.8238287701031705,4.98
3308,2708,2958.1388579903587,256,216,0.050000000000000044,42,True,2708,250.13885799035967,2958.1388579903587,99.07407407407408,0.8230763677174757,5.111111111111111
3309,4400,4663.08246158064,256,346,0.050000000000000044,42,True,4400,263.0824615806416,4663.08246158064,78.61271676300578,0.8002056755478025,4.028901734104046
3310,628,824.644816446988,64,83,0.050000000000000044,42,True,628,196.64481644698802,824.644816446988,91.56626506024097,0.8114961930050129,6.240963855421687
3311,2432,2698.4633469137184,256,202,0.050000000000000044,42,True,2432,266.46334691371806,2698.4633469137184,99.5049504950495,0.803449792867187,6.0594059405940595
3312,1456,1692.1270237652216,128,152,0.050000000000000044,42,True,1456,236.12702376522225,1692.1270237652216,100.0,0.8300995136832217,5.125
3313,2516,2782.346605333643,256,211,0.050000000000000044,42,True,2516,266.34660533364394,2782.346605333643,100.0,0.8123384173147036,5.260663507109005
3314,6580,6881.594908182112,512,456,0.050000000000000044,42,True,6580,301.5949081821117,6881.594908182112,100.0,0.7998202231403174,3.9210526315789473
3315,2956,3219.116419744739,256,238,0.050000000000000044,42,True,2956,263.11641974473974,3219.116419744739,99.5798319327731,0.7854624426815624,4.966386554621849
3316,3048,3311.3762122210233,256,248,0.050000000000000044,42,True,3048,263.37621222102274,3311.3762122210233,99.19354838709677,0.8006638667499978,4.217741935483871
3317,2380,2584.698118039768,256,203,0.050000000000000044,42,True,2380,204.69811803976864,2584.698118039768,99.01477832512315,0.7974315573122338,5.773399014778325
3318,2324,2593.2972350230407,256,195,0.050000000000000044,42,True,2324,269.2972350230414,2593.2972350230407,100.0,0.8025131170085631,6.107692307692307
3319,3028,3282.896748956929,256,247,0.050000000000000044,42,True,3028,254.8967489569256,3282.896748956929,97.16599190283401,0.7916405951415811,5.319838056680162
3320,1244,1468.3090198891082,128,128,0.050000000000000044,42,True,1244,224.3090198891089,1468.3090198891082,98.4375,0.8029979486934684,5.9375
3321,2460,2726.0594923320973,256,212,0.050000000000000044,42,True,2460,266.0594923320994,2726.0594923320973,100.0,0.810207719303715,4.806603773584905
3322,2836,3102.5079633075425,256,232,0.050000000000000044,42,True,2836,266.5079633075435,3102.5079633075425,100.0,0.802302659949963,5.008620689655173
3323,2284,2550.2884388390335,256,189,0.050000000000000044,42,True,2284,266.2884388390331,2550.2884388390335,98.94179894179894,0.8182392365692985,5.708994708994709
3324,1088,1078.043876943653,128,117,0.050000000000000044,42,True,1088,-9.956123056347016,1078.043876943653,3.4188034188034186,0.779380373209519,4.846153846153846
3325,3148,3414.2353915555113,256,260,0.050000000000000044,42,True,3148,266.23539155551265,3414.2353915555113,100.0,0.7933339812039252,5.3961538461538465
3326,540,489.9344386096525,64,75,0.050000000000000044,42,True,540,-50.065561390347554,489.9344386096525,93.33333333333333,0.8312718144339587,7.213333333333333
3327,4996,5242.951460921771,512,336,0.050000000000000044,42,True,4996,246.95146092176753,5242.951460921771,99.70238095238095,0.8040967785040203,5.461309523809524
3328,3200,3458.7229047367928,256,268,0.050000000000000044,42,True,3200,258.72290473679504,3458.7229047367928,99.25373134328358,0.7934709300899474,4.92910447761194
3329,2772,2953.2245631400506,256,227,0.050000000000000044,42,True,2772,181.2245631400497,2953.2245631400506,99.55947136563877,0.778220463731119,5.744493392070485
3330,2424,2685.2872544052266,256,211,0.050000000000000044,42,True,2424,261.2872544052243,2685.2872544052266,98.10426540284361,0.7815989473995034,5.758293838862559
3331,4136,4402.265302637739,256,341,0.050000000000000044,42,True,4136,266.26530263773793,4402.265302637739,99.70674486803519,0.8281962451900998,3.695014662756598
3332,2908,3173.3792185771827,256,240,0.050000000000000044,42,True,2908,265.37921857718186,3173.3792185771827,99.58333333333333,0.8631996140079614,4.6625
3333,1484,1678.5017339413396,128,158,0.050000000000000044,42,True,1484,194.50173394133873,1678.5017339413396,100.0,0.87254386154885,5.0886075949367084
3334,1156,1389.365423119706,128,123,0.050000000000000044,42,True,1156,233.36542311970567,1389.365423119706,99.1869918699187,0.8278816941959439,6.0894308943089435
3335,1488,1712.917825977612,128,157,0.050000000000000044,42,True,1488,224.9178259776117,1712.917825977612,96.17834394904459,0.7956906659194343,5.547770700636943
3336,4076,4072.2096867290375,256,327,0.050000000000000044,42,True,4076,-3.7903132709584444,4072.2096867290375,58.71559633027523,0.7936292494264114,5.425076452599388
3337,924,917.5440368075526,64,113,0.050000000000000044,42,True,924,-6.455963192446944,917.5440368075526,4.424778761061947,0.817213250778415,4.513274336283186
3338,6292,6588.597446636825,512,432,0.050000000000000044,42,True,6292,296.597446636823,6588.597446636825,100.0,0.8172165372553842,4.141203703703703
3339,3056,3312.7706642331254,256,249,0.050000000000000044,42,True,3056,256.77066423312755,3312.7706642331254,76.70682730923694,0.805639766217256,4.373493975903615
3340,3000,3264.8201612903226,256,250,0.050000000000000044,42,True,3000,264.8201612903226,3264.8201612903226,99.6,0.8056497879617196,4.648
3341,2492,2747.5129876549945,256,209,0.050000000000000044,42,True,2492,255.51298765499553,2747.5129876549945,99.04306220095694,0.7700929051829041,5.894736842105263
3342,3260,3517.069492373091,256,278,0.050000000000000044,42,True,3260,257.0694923730933,3517.069492373091,98.56115107913669,0.7783900027182258,5.025179856115108
3343,1448,1681.4024184664847,128,149,0.050000000000000044,42,True,1448,233.40241846648397,1681.4024184664847,95.97315436241611,0.8048970660906354,5.348993288590604
3344,3140,3401.6965886712564,256,258,0.050000000000000044,42,True,3140,261.696588671258,3401.6965886712564,80.62015503875969,0.7903596369639049,4.011627906976744
3345,6016,6300.187970804027,512,420,0.050000000000000044,42,True,6016,284.1879708040313,6300.187970804027,99.28571428571429,0.8260671359501511,4.178571428571429
3346,3472,3728.9487056184144,256,288,0.050000000000000044,42,True,3472,256.9487056184179,3728.9487056184144,99.30555555555556,0.7949837004495948,4.701388888888889
3347,3212,3471.1889960154376,256,267,0.050000000000000044,42,True,3212,259.18899601543956,3471.1889960154376,99.62546816479401,0.7931472571000947,4.52808988764045
3348,2804,3062.26512761892,256,230,0.050000000000000044,42,True,2804,258.2651276189201,3062.26512761892,99.56521739130434,0.7776018931251022,5.839130434782609
3349,3492,3737.9902936403346,256,288,0.050000000000000044,42,True,3492,245.99029364033422,3737.9902936403346,99.30555555555556,0.800677328049706,4.440972222222222
3350,1840,2108.9901769149383,256,143,0.050000000000000044,42,True,1840,268.99017691493816,2108.9901769149383,100.0,0.8166790578559353,5.384615384615385
3351,3464,3732.0029528246623,256,286,0.050000000000000044,42,True,3464,268.0029528246629,3732.0029528246623,100.0,0.806403225279143,4.216783216783217
3352,6544,6825.627256103502,512,454,0.050000000000000044,42,True,6544,281.62725610350157,6825.627256103502,99.55947136563877,0.7966662753742347,4.383259911894273
3353,2888,3154.1293237144296,256,235,0.050000000000000044,42,True,2888,266.1293237144301,3154.1293237144296,99.14893617021276,0.7952540725495902,5.085106382978723
3354,2868,3131.698506316133,256,235,0.050000000000000044,42,True,2868,263.69850631613394,3131.698506316133,98.29787234042553,0.8044109647331968,4.791489361702127
3355,1500,1732.373132934972,128,159,0.050000000000000044,42,True,1500,232.3731329349715,1732.373132934972,97.48427672955975,0.8073675995969338,6.19496855345912
3356,2712,2972.4256668515554,256,213,0.050000000000000044,42,True,2712,260.42566685155475,2972.4256668515554,99.06103286384976,0.807330906551745,4.483568075117371
3357,4788,5078.706386335202,512,326,0.050000000000000044,42,True,4788,290.706386335201,5078.706386335202,99.079754601227,0.7776811321692737,5.346625766871166
3358,1328,1559.0387529544928,128,139,0.050000000000000044,42,True,1328,231.0387529544925,1559.0387529544928,100.0,0.7993120783900226,6.410071942446043
3359,2488,2750.83416716261,256,200,0.050000000000000044,42,True,2488,262.8341671626096,2750.83416716261,100.0,0.7819899687823386,4.615
3360,1424,1638.0741935483875,128,145,0.050000000000000044,42,True,1424,214.07419354838706,1638.0741935483875,85.51724137931035,0.784972286353741,5.620689655172414
3361,3588,3852.5895054280677,256,300,0.050000000000000044,42,True,3588,264.58950542806815,3852.5895054280677,99.66666666666667,0.8061911426663586,4.52
3362,5476,5765.317373220282,512,376,0.050000000000000044,42,True,5476,289.31737322028476,5765.317373220282,99.73404255319149,0.8008225429685476,3.720744680851064
3363,4672,4970.30324868451,512,322,0.050000000000000044,42,True,4672,298.3032486845116,4970.30324868451,100.0,0.7996074794508299,4.645962732919255
3364,1360,1540.4895421753063,128,141,0.050000000000000044,42,True,1360,180.48954217530616,1540.4895421753063,99.29078014184397,0.8212023748000833,5.326241134751773
3365,1016,1239.5797055556136,128,108,0.050000000000000044,42,True,1016,223.57970555561323,1239.5797055556136,98.14814814814815,0.7822879154066273,6.296296296296297
3366,2240,2470.057649916678,128,205,0.050000000000000044,42,True,2240,230.05764991668082,2470.057649916678,99.51219512195122,0.7813229569501583,5.04390243902439
3367,3012,3276.705611931541,256,245,0.050000000000000044,42,True,3012,264.7056119315421,3276.705611931541,99.59183673469387,0.8038917110938042,5.036734693877551
3368,1236,1470.8202764976959,128,128,0.050000000000000044,42,True,1236,234.82027649769586,1470.8202764976959,99.21875,0.7958672627907113,6.1484375
3369,1276,1507.1793251523166,128,130,0.050000000000000044,42,True,1276,231.17932515231698,1507.1793251523166,100.0,0.7963822515394561,5.161538461538462
3370,1672,1891.0378111508785,128,170,0.050000000000000044,42,True,1672,219.0378111508781,1891.0378111508785,98.23529411764706,0.7903507881932663,5.617647058823529
3371,1208,1438.6867490824804,128,123,0.050000000000000044,42,True,1208,230.6867490824802,1438.6867490824804,100.0,0.7991172658111346,6.512195121951219
3372,1580,1804.970420532189,128,164,0.050000000000000044,42,True,1580,224.97042053218897,1804.970420532189,40.24390243902439,0.7340349164555059,4.475609756097561
3373,3176,3433.681217022199,256,269,0.050000000000000044,42,True,3176,257.68121702219645,3433.681217022199,9.66542750929368,0.7295981393382615,3.7137546468401488
3374,984,1210.5180935494764,128,103,0.050000000000000044,42,True,984,226.51809354947653,1210.5180935494764,98.05825242718447,0.8419487032324342,7.339805825242719
3375,3944,4208.8703645423575,256,315,0.050000000000000044,42,True,3944,264.8703645423551,4208.8703645423575,99.68253968253968,0.7727804252373547,3.7523809523809524
3376,3956,4223.421656310818,256,325,0.050000000000000044,42,True,3956,267.4216563108224,4223.421656310818,99.6923076923077,0.8057865619493586,4.332307692307692
3377,2384,2642.051139955666,256,197,0.050000000000000044,42,True,2384,258.05113995566614,2642.051139955666,99.49238578680203,0.8144467145382884,5.258883248730965
3378,2524,2780.8125636672344,256,218,0.050000000000000044,42,True,2524,256.81256366723255,2780.8125636672344,99.54128440366972,0.815850697577989,4.825688073394495
3379,2288,2537.5405867045974,256,190,0.050000000000000044,42,True,2288,249.54058670459636,2537.5405867045974,98.94736842105263,0.8078689463695953,5.7
3380,4416,4713.349980874669,512,290,0.050000000000000044,42,True,4416,297.3499808746653,4713.349980874669,99.65517241379311,0.8128957265520974,4.810344827586207
3381,1620,1827.2256659548154,128,162,0.050000000000000044,42,True,1620,207.22566595481624,1827.2256659548154,98.14814814814815,0.775619639143604,5.685185185185185
3382,1764,1758.8159065628474,128,166,0.050000000000000044,42,True,1764,-5.184093437152377,1758.8159065628474,95.18072289156626,0.8046900547278387,6.150602409638554
3383,3328,3542.0371600252997,256,272,0.050000000000000044,42,True,3328,214.0371600253004,3542.0371600252997,99.63235294117646,0.8355886356933673,4.834558823529412
3384,3076,3342.8363956255407,256,255,0.050000000000000044,42,True,3076,266.8363956255406,3342.8363956255407,99.6078431372549,0.797076786721303,5.192156862745098
3385,1704,1884.882996200178,128,164,0.050000000000000044,42,True,1704,180.88299620017787,1884.882996200178,89.63414634146342,0.7868475885053928,6.024390243902439
3386,3212,3472.5390669095855,256,266,0.050000000000000044,42,True,3212,260.53906690958456,3472.5390669095855,99.62406015037594,0.7841394588480685,5.048872180451128
3387,2672,2936.2278176634104,256,213,0.050000000000000044,42,True,2672,264.2278176634091,2936.2278176634104,100.0,0.814695070894345,5.267605633802817
3388,1168,1392.9186131131485,128,120,0.050000000000000044,42,True,1168,224.91861311314813,1392.9186131131485,98.33333333333333,0.7962785648734284,7.008333333333334
3389,1388,1612.5369769661538,128,141,0.050000000000000044,42,True,1388,224.5369769661534,1612.5369769661538,98.58156028368795,0.7971281523308802,6.0
3390,3008,3273.2760205538098,256,246,0.050000000000000044,42,True,3008,265.276020553811,3273.2760205538098,100.0,0.784030614890941,5.394308943089431
3391,3552,3810.0871101731827,256,287,0.050000000000000044,42,True,3552,258.08711017318194,3810.0871101731827,99.30313588850174,0.7972006830546187,4.770034843205575
3392,692,692.0442351007667,64,91,0.050000000000000044,42,True,692,0.044235100766762514,692.0442351007667,0.0,0.6902305439437534,4.428571428571429
3393,5304,5600.870455812901,512,363,0.050000000000000044,42,True,5304,296.87045581289976,5600.870455812901,100.0,0.8002388947135378,4.674931129476584
3394,2984,3248.8823545630003,256,239,0.050000000000000044,42,True,2984,264.8823545629997,3248.8823545630003,98.74476987447699,0.7747395818625796,5.2677824267782425
3395,1720,1951.43491776394,128,170,0.050000000000000044,42,True,1720,231.4349177639401,1951.43491776394,92.94117647058823,0.7841713402921462,4.9
3396,1072,1061.6789494683505,64,126,0.050000000000000044,42,True,1072,-10.321050531649611,1061.6789494683505,33.333333333333336,0.8042364949315689,4.936507936507937
3397,2996,3254.9938698331116,256,246,0.050000000000000044,42,True,2996,258.993869833112,3254.9938698331116,99.1869918699187,0.7928829958334138,4.512195121951219
3398,2472,2721.1482562068413,256,214,0.050000000000000044,42,True,2472,249.14825620684053,2721.1482562068413,99.06542056074767,0.8179446746672326,5.126168224299065
3399,2952,3176.076310270273,256,238,0.050000000000000044,42,True,2952,224.07631027027415,3176.076310270273,100.0,0.8001442575754697,5.264705882352941
3400,2532,2799.1185036719653,256,215,0.050000000000000044,42,True,2532,267.11850367196513,2799.1185036719653,99.53488372093024,0.7717627308361423,5.613953488372093
3401,4736,5022.549522200518,512,329,0.050000000000000044,42,True,4736,286.5495222005174,5022.549522200518,99.69604863221885,0.7932087427757283,4.103343465045593
3402,1852,2064.3217836812137,128,186,0.050000000000000044,42,True,1852,212.3217836812144,2064.3217836812137,97.84946236559139,0.8000776528653113,5.376344086021505
3403,3352,3612.527348197346,256,275,0.050000000000000044,42,True,3352,260.52734819734343,3612.527348197346,99.27272727272727,0.7972991517591775,4.443636363636363
3404,4028,4276.007826405338,256,305,0.050000000000000044,42,True,4028,248.00782640533757,4276.007826405338,99.01639344262296,0.8196614712965636,3.6098360655737705
3405,2268,2493.7559340063076,128,207,0.050000000000000044,42,True,2268,225.75593400630873,2493.7559340063076,99.03381642512078,0.7921406279596979,4.6521739130434785
3406,2368,2637.6639691709297,256,194,0.050000000000000044,42,True,2368,269.66396917093084,2637.6639691709297,100.0,0.7717404469080685,5.443298969072165
3407,2440,2666.6264196770862,128,219,0.050000000000000044,42,True,2440,226.62641967708478,2666.6264196770862,97.26027397260275,0.7962046885554364,4.429223744292237
3408,3076,3330.0493295235224,256,258,0.050000000000000044,42,True,3076,254.0493295235231,3330.0493295235224,99.2248062015504,0.7995104579551653,5.135658914728682
3409,2012,2237.523063399934,128,184,0.050000000000000044,42,True,2012,225.52306339993302,2237.523063399934,38.58695652173913,0.7546715682108875,4.407608695652174
3410,2636,2900.474174491733,256,225,0.050000000000000044,42,True,2636,264.4741744917332,2900.474174491733,99.55555555555556,0.7742901732953109,4.964444444444444
3411,984,981.5605859106806,128,102,0.050000000000000044,42,True,984,-2.439414089319234,981.5605859106806,69.6078431372549,0.8038209375130062,4.578431372549019
3412,1300,1521.756672991778,128,132,0.050000000000000044,42,True,1300,221.75667299177738,1521.756672991778,98.48484848484848,0.8049157055907653,5.886363636363637
3413,748,941.3920360171344,64,94,0.050000000000000044,42,True,748,193.3920360171344,941.3920360171344,98.93617021276596,0.8106179567510468,5.191489361702128
3414,2980,3238.451096849256,256,236,0.050000000000000044,42,True,2980,258.4510968492559,3238.451096849256,99.15254237288136,0.7788876575665199,5.75
3415,2780,3038.434673844294,256,221,0.050000000000000044,42,True,2780,258.43467384429636,3038.434673844294,99.5475113122172,0.7951922637687459,5.502262443438914
3416,3728,3994.246594173756,256,308,0.050000000000000044,42,True,3728,266.2465941737551,3994.246594173756,99.67532467532467,0.7914207810303,3.75974025974026
3417,2116,2379.9391156102847,256,182,0.050000000000000044,42,True,2116,263.93911561028426,2379.9391156102847,99.45054945054945,0.7734374287818614,4.978021978021978
3418,428,588.7937045138199,32,67,0.050000000000000044,42,True,428,160.79370451381985,588.7937045138199,95.5223880597015,0.7849915212035521,5.626865671641791
3419,5788,6065.904446328247,512,404,0.050000000000000044,42,True,5788,277.9044463282495,6065.904446328247,95.54455445544555,0.813256029695207,3.8985148514851486
3420,3936,4192.549270441177,256,323,0.050000000000000044,42,True,3936,256.54927044118006,4192.549270441177,99.38080495356037,0.7926701464607456,4.684210526315789
3421,5048,5334.615259547541,512,337,0.050000000000000044,42,True,5048,286.6152595475434,5334.615259547541,98.81305637982196,0.8080939299119368,4.821958456973293
3422,444,433.26672710235647,32,69,0.050000000000000044,42,True,444,-10.733272897643607,433.26672710235647,72.46376811594203,0.7440505509794199,4.681159420289855
3423,1548,1747.716507770668,128,161,0.050000000000000044,42,True,1548,199.71650777066736,1747.716507770668,96.27329192546584,0.8196258692322357,4.9937888198757765
3424,4732,4977.720645161289,512,318,0.050000000000000044,42,True,4732,245.72064516129035,4977.720645161289,99.68553459119497,0.804168222575763,4.89622641509434
3425,6284,6572.086916309496,512,427,0.050000000000000044,42,True,6284,288.086916309497,6572.086916309496,99.53161592505855,0.8170368374285331,3.648711943793911
3426,1196,1391.6236177161522,64,138,0.050000000000000044,42,True,1196,195.62361771615193,1391.6236177161522,98.55072463768116,0.8128286766024643,5.391304347826087
3427,2788,3053.7778062240413,256,230,0.050000000000000044,42,True,2788,265.7778062240428,3053.7778062240413,93.47826086956522,0.7867970805516463,5.108695652173913
3428,3116,3384.845623655912,256,259,0.050000000000000044,42,True,3116,268.845623655914,3384.845623655912,99.61389961389962,0.8368792371007789,5.177606177606178
3429,2356,2621.835103006521,256,201,0.050000000000000044,42,True,2356,265.83510300652085,2621.835103006521,98.50746268656717,0.7933318580919944,5.223880597014926
3430,1432,1667.7139467513864,128,147,0.050000000000000044,42,True,1432,235.71394675138643,1667.7139467513864,100.0,0.7833575626890678,6.0
3431,2448,2708.7864859415604,256,199,0.050000000000000044,42,True,2448,260.78648594156056,2708.7864859415604,98.49246231155779,0.7831827856249831,4.130653266331659
3432,1576,1792.7980659491388,128,167,0.050000000000000044,42,True,1576,216.7980659491384,1792.7980659491388,86.82634730538922,0.7945458481135871,5.425149700598802
3433,2324,2583.046112307954,256,198,0.050000000000000044,42,True,2324,259.046112307954,2583.046112307954,98.98989898989899,0.7996425880208885,4.934343434343434
3434,3196,3419.9035982445953,256,263,0.050000000000000044,42,True,3196,223.9035982445956,3419.9035982445953,100.0,0.8177056174884624,4.775665399239544
3435,2692,2899.622661705144,256,223,0.050000000000000044,42,True,2692,207.62266170514295,2899.622661705144,65.91928251121077,0.7664046985317663,4.874439461883408
3436,3176,3433.422406931595,256,263,0.050000000000000044,42,True,3176,257.42240693159494,3433.422406931595,99.61977186311788,0.8065385412553551,4.585551330798479
3437,1792,2020.7523297491048,128,166,0.050000000000000044,42,True,1792,228.75232974910395,2020.7523297491048,100.0,0.8007971177955923,5.36144578313253
3438,1316,1550.7021965384397,128,136,0.050000000000000044,42,True,1316,234.7021965384394,1550.7021965384397,97.79411764705883,0.8015225872593456,6.705882352941177
3439,3144,3410.0752746123826,256,265,0.050000000000000044,42,True,3144,266.07527461238163,3410.0752746123826,98.86792452830188,0.8014154580408357,4.826415094339622
3440,4764,5061.166035376423,512,329,0.050000000000000044,42,True,4764,297.16603537641817,5061.166035376423,100.0,0.7898905164991523,4.319148936170213
3441,3088,3348.151664100994,256,258,0.050000000000000044,42,True,3088,260.15166410099135,3348.151664100994,96.51162790697674,0.7985166300653131,4.608527131782946
3442,1084,1285.5529099418638,64,124,0.050000000000000044,42,True,1084,201.55290994186413,1285.5529099418638,100.0,0.792932846736302,4.959677419354839
3443,1988,2167.6820210627275,128,194,0.050000000000000044,42,True,1988,179.6820210627271,2167.6820210627275,99.48453608247422,0.7648702184336215,5.257731958762887
3444,6144,6423.618673441254,512,419,0.050000000000000044,42,True,6144,279.6186734412541,6423.618673441254,99.28400954653938,0.7800092017377265,4.18854415274463
3445,2576,2796.4956761677186,256,214,0.050000000000000044,42,True,2576,220.49567616771918,2796.4956761677186,100.0,0.7755863270676963,4.649532710280374
3446,3324,3583.818075696292,256,283,0.050000000000000044,42,True,3324,259.8180756962941,3583.818075696292,99.29328621908127,0.7974062945398759,5.215547703180212
3447,1924,2114.1505611575467,128,190,0.050000000000000044,42,True,1924,190.15056115754751,2114.1505611575467,100.0,0.8058959911284784,5.036842105263158
3448,2776,3022.604828493129,256,223,0.050000000000000044,42,True,2776,246.60482849312933,3022.604828493129,98.65470852017937,0.7993138814645206,5.246636771300448
3449,1628,1862.1494329112465,128,164,0.050000000000000044,42,True,1628,234.14943291124703,1862.1494329112465,53.65853658536585,0.7458385603053383,4.408536585365853
3450,1572,1554.2742041491315,128,156,0.050000000000000044,42,True,1572,-17.725795850868742,1554.2742041491315,16.666666666666668,0.7370328892099811,4.435897435897436
3451,2768,3031.6465798054314,256,226,0.050000000000000044,42,True,2768,263.6465798054303,3031.6465798054314,98.67256637168141,0.8296323351707129,5.106194690265487
3452,3044,3302.0901498038697,256,255,0.050000000000000044,42,True,3044,258.09014980387093,3302.0901498038697,98.03921568627452,0.7992422784101566,4.588235294117647
3453,2760,3026.868122657485,256,225,0.050000000000000044,42,True,2760,266.8681226574844,3026.868122657485,100.0,0.790269223810202,5.266666666666667
3454,6416,6704.272032007832,512,442,0.050000000000000044,42,True,6416,288.2720320078369,6704.272032007832,99.77375565610859,0.8091555635232476,3.7194570135746607
3455,3112,3362.78056645332,256,258,0.050000000000000044,42,True,3112,250.78056645332128,3362.78056645332,93.4108527131783,0.7926895176598895,5.209302325581396
3456,3240,3495.7175989139023,256,268,0.050000000000000044,42,True,3240,255.71759891390354,3495.7175989139023,89.92537313432835,0.7628005268512922,4.481343283582089
3457,1708,1694.2407145455597,128,172,0.050000000000000044,42,True,1708,-13.759285454440402,1694.2407145455597,29.651162790697676,0.6947296436556457,3.9593023255813953
3458,3040,3297.683484741337,256,246,0.050000000000000044,42,True,3040,257.6834847413371,3297.683484741337,99.1869918699187,0.8194490157407083,4.82520325203252
3459,3052,3313.930481113037,256,251,0.050000000000000044,42,True,3052,261.9304811130385,3313.930481113037,99.60159362549801,0.8028972310886906,5.270916334661354
3460,2020,2284.189446658119,256,169,0.050000000000000044,42,True,2020,264.18944665811995,2284.189446658119,99.40828402366864,0.7980643206948678,6.556213017751479
3461,3144,3392.5918464910337,256,260,0.050000000000000044,42,True,3144,248.59184649103452,3392.5918464910337,99.23076923076923,0.8080345515498085,4.953846153846154
3462,3232,3498.3925055945465,256,271,0.050000000000000044,42,True,3232,266.392505594544,3498.3925055945465,99.6309963099631,0.7970444885957164,4.3837638376383765
3463,2092,2327.160410330136,128,196,0.050000000000000044,42,True,2092,235.1604103301357,2327.160410330136,99.48979591836735,0.7942852525217339,5.459183673469388
3464,4544,4835.348692724334,512,302,0.050000000000000044,42,True,4544,291.3486927243333,4835.348692724334,99.33774834437087,0.8117557423342846,4.23841059602649
3465,2624,2614.129336959773,256,221,0.050000000000000044,42,True,2624,-9.870663040225283,2614.129336959773,89.59276018099547,0.8192150658922766,5.16289592760181
3466,3380,3645.7190579543367,256,281,0.050000000000000044,42,True,3380,265.71905795433366,3645.7190579543367,99.28825622775801,0.8253079861555561,4.7188612099644125
3467,2752,3009.204679291623,256,222,0.050000000000000044,42,True,2752,257.2046792916248,3009.204679291623,96.84684684684684,0.7996262408200246,4.684684684684685
3468,3040,3305.9850439882707,256,249,0.050000000000000044,42,True,3040,265.9850439882698,3305.9850439882707,99.59839357429719,0.7971469186383057,5.341365461847389
3469,3164,3421.499161695857,256,260,0.050000000000000044,42,True,3164,257.499161695856,3421.499161695857,99.23076923076923,0.7988698663174759,5.269230769230769
3470,600,548.6564334712102,64,85,0.050000000000000044,42,True,600,-51.343566528789765,548.6564334712102,17.647058823529413,0.6891752300502904,6.141176470588236
3471,1532,1746.0250770734635,128,160,0.050000000000000044,42,True,1532,214.0250770734642,1746.0250770734635,97.5,0.8156874388747749,5.63125
3472,5288,5583.514386635758,512,363,0.050000000000000044,42,True,5288,295.51438663575095,5583.514386635758,100.0,0.8037401978950673,4.644628099173554
3473,3000,3220.866040763923,256,250,0.050000000000000044,42,True,3000,220.86604076392234,3220.866040763923,100.0,0.8178789838034587,6.136
3474,2768,3022.2402325694547,256,237,0.050000000000000044,42,True,2768,254.24023256945458,3022.2402325694547,54.0084388185654,0.7319278878891061,4.438818565400844
3475,2064,2330.1413178691196,256,175,0.050000000000000044,42,True,2064,266.14131786912003,2330.1413178691196,97.14285714285714,0.826368058330065,5.468571428571429
3476,1296,1530.9558047652317,128,131,0.050000000000000044,42,True,1296,234.95580476523165,1530.9558047652317,100.0,0.7925998086874371,5.900763358778626
3477,1604,1793.6795913087483,128,169,0.050000000000000044,42,True,1604,189.67959130874917,1793.6795913087483,100.0,0.8423871947337981,5.071005917159764
3478,2580,2580.0868567911575,256,215,0.050000000000000044,42,True,2580,0.08685679115786726,2580.0868567911575,0.0,0.730110294551189,4.083720930232558
3479,1448,1680.0348237539006,128,151,0.050000000000000044,42,True,1448,232.0348237539001,1680.0348237539006,100.0,0.8325447592254843,5.735099337748345
3480,1368,1594.3944725734839,128,143,0.050000000000000044,42,True,1368,226.3944725734842,1594.3944725734839,99.3006993006993,0.8327003761093902,5.909090909090909
3481,3216,3474.1520910266786,256,268,0.050000000000000044,42,True,3216,258.15209102667853,3474.1520910266786,99.6268656716418,0.8082496003298715,4.798507462686567
3482,1248,1232.021242345811,128,125,0.050000000000000044,42,True,1248,-15.978757654188506,1232.021242345811,57.6,0.7952806022772256,4.792
3483,2700,2956.3132700399146,256,228,0.050000000000000044,42,True,2700,256.313270039918,2956.3132700399146,98.24561403508773,0.8320784958500524,5.381578947368421
3484,1384,1371.0604226678943,128,147,0.050000000000000044,42,True,1384,-12.93957733210548,1371.0604226678943,55.78231292517007,0.7637163434510367,5.687074829931973
3485,2820,3076.0129886252344,256,227,0.050000000000000044,42,True,2820,256.01298862523294,3076.0129886252344,99.55947136563877,0.8361152561452161,5.370044052863436
3486,3164,3419.7422287390023,256,263,0.050000000000000044,42,True,3164,255.74222873900294,3419.7422287390023,99.61977186311788,0.8206176370270073,5.452471482889734
3487,4760,5056.176154332701,512,334,0.050000000000000044,42,True,4760,296.17615433270083,5056.176154332701,99.7005988023952,0.8081789779123738,4.38622754491018
3488,2424,2690.0476202284713,256,203,0.050000000000000044,42,True,2424,266.04762022847126,2690.0476202284713,99.50738916256158,0.8221680447591498,5.275862068965517
3489,3036,3306.0844643196206,256,244,0.050000000000000044,42,True,3036,270.08446431962204,3306.0844643196206,100.0,0.810836469685639,5.491803278688525
3490,1484,1714.9865904935666,128,150,0.050000000000000044,42,True,1484,230.9865904935664,1714.9865904935666,100.0,0.8107403026746397,5.466666666666667
3491,2332,2593.3731729211786,256,193,0.050000000000000044,42,True,2332,261.3731729211795,2593.3731729211786,98.96373056994818,0.8430232186315241,4.435233160621761
3492,3048,3270.7993481476838,256,247,0.050000000000000044,42,True,3048,222.79934814768347,3270.7993481476838,100.0,0.8099397493920825,5.08502024291498
3493,1444,1678.413333655752,128,151,0.050000000000000044,42,True,1444,234.41333365575275,1678.413333655752,100.0,0.8192228586916466,5.423841059602649
3494,2948,3213.6987268838325,256,242,0.050000000000000044,42,True,2948,265.6987268838333,3213.6987268838325,99.17355371900827,0.8213376429617281,4.264462809917355
3495,2916,3161.2580310485937,256,233,0.050000000000000044,42,True,2916,245.2580310485942,3161.2580310485937,99.14163090128756,0.797622768692485,4.957081545064377
3496,984,1179.4211506377358,64,119,0.050000000000000044,42,True,984,195.42115063773522,1179.4211506377358,95.7983193277311,0.7950782709805696,4.394957983193278
3497,1108,1292.7535506668191,64,130,0.050000000000000044,42,True,1108,184.75355066681865,1292.7535506668191,97.6923076923077,0.8265790408369145,4.015384615384615
3498,972,964.5060886364964,64,119,0.050000000000000044,42,True,972,-7.493911363503328,964.5060886364964,10.084033613445378,0.6933168687049791,5.453781512605042
3499,2316,2581.077066164351,256,192,0.050000000000000044,42,True,2316,265.0770661643513,2581.077066164351,99.47916666666667,0.8043946540211316,5.541666666666667
3500,2852,3115.399948973436,256,232,0.050000000000000044,42,True,2852,263.39994897343837,3115.399948973436,100.0,0.7868358750455836,5.862068965517241
3501,612,597.560225315798,64,83,0.050000000000000044,42,True,612,-14.439774684201907,597.560225315798,28.91566265060241,0.7430889391968017,6.0120481927710845
3502,1488,1712.836780902332,128,156,0.050000000000000044,42,True,1488,224.8367809023313,1712.836780902332,98.71794871794872,0.8107646677425877,5.410256410256411
3503,1548,1779.2503973539765,128,156,0.050000000000000044,42,True,1548,231.25039735397644,1779.2503973539765,100.0,0.8065047215011847,5.8076923076923075
3504,3500,3765.3329667424323,256,295,0.050000000000000044,42,True,3500,265.33296674243525,3765.3329667424323,99.66101694915254,0.7878452853551785,4.454237288135594
3505,784,986.2486595489105,64,102,0.050000000000000044,42,True,784,202.24865954891052,986.2486595489105,98.03921568627452,0.7853386564438447,4.96078431372549
3506,1660,1893.5858218533415,128,168,0.050000000000000044,42,True,1660,233.58582185334132,1893.5858218533415,100.0,0.7966728093514784,4.321428571428571
3507,1584,1810.678880421704,128,157,0.050000000000000044,42,True,1584,226.67888042170404,1810.678880421704,55.4140127388535,0.7512777990315864,3.3503184713375798
3508,2140,2371.035299467243,128,197,0.050000000000000044,42,True,2140,231.03529946724316,2371.035299467243,100.0,0.7551782263286689,4.441624365482234
3509,1328,1559.8598560677094,128,137,0.050000000000000044,42,True,1328,231.859856067709,1559.8598560677094,100.0,0.7980234994392871,6.0583941605839415
3510,1600,1836.6062717285486,128,166,0.050000000000000044,42,True,1600,236.60627172854956,1836.6062717285486,98.19277108433735,0.8320567423535512,4.86144578313253
3511,1512,1729.0556872777188,128,156,0.050000000000000044,42,True,1512,217.05568727771885,1729.0556872777188,98.71794871794872,0.7793901338807353,5.102564102564102
3512,1588,1819.540116384797,128,169,0.050000000000000044,42,True,1588,231.54011638479724,1819.540116384797,100.0,0.7806882609390963,5.207100591715976
3513,3004,3254.573473740336,256,246,0.050000000000000044,42,True,3004,250.57347374033594,3254.573473740336,99.1869918699187,0.8020559242351544,4.991869918699187
3514,3340,3597.086823314934,256,275,0.050000000000000044,42,True,3340,257.0868233149339,3597.086823314934,99.27272727272727,0.8155010729212623,4.872727272727273
3515,5284,5580.383535988288,512,372,0.050000000000000044,42,True,5284,296.3835359882921,5580.383535988288,99.73118279569893,0.7877065686385814,3.8736559139784945
3516,2160,2425.825735141636,256,185,0.050000000000000044,42,True,2160,265.8257351416366,2425.825735141636,99.45945945945945,0.7773938919504484,5.183783783783784
3517,5392,5688.000401219709,512,373,0.050000000000000044,42,True,5392,296.0004012197079,5688.000401219709,100.0,0.8108106068687783,4.597855227882038
3518,3556,3805.015973678662,256,304,0.050000000000000044,42,True,3556,249.01597367866222,3805.015973678662,99.01315789473684,0.8245575250085068,5.194078947368421
3519,2820,3084.598391260897,256,233,0.050000000000000044,42,True,2820,264.5983912608961,3084.598391260897,97.42489270386267,0.7656025787292573,4.309012875536481
3520,1436,1672.186180804461,128,155,0.050000000000000044,42,True,1436,236.18618080446035,1672.186180804461,99.35483870967742,0.7916883672855718,6.258064516129032
3521,2080,2301.811864971408,128,198,0.050000000000000044,42,True,2080,221.81186497140638,2301.811864971408,99.4949494949495,0.8166340881265531,4.494949494949495
3522,2532,2788.8077522627395,256,221,0.050000000000000044,42,True,2532,256.807752262741,2788.8077522627395,92.76018099547511,0.7898430737349365,4.552036199095022
3523,1340,1577.588204381923,128,140,0.050000000000000044,42,True,1340,237.58820438192257,1577.588204381923,100.0,0.8051353672403351,4.921428571428572
3524,3040,3287.526192683895,256,259,0.050000000000000044,42,True,3040,247.52619268389606,3287.526192683895,99.22779922779922,0.804966910077399,5.324324324324325
3525,5160,5458.601474830908,512,355,0.050000000000000044,42,True,5160,298.60147483091487,5458.601474830908,98.87323943661971,0.7856884847320732,4.357746478873239
3526,2324,2580.773357228195,256,195,0.050000000000000044,42,True,2324,256.77335722819595,2580.773357228195,93.33333333333333,0.767144938681981,5.5025641025641026
3527,1640,1860.863910250008,128,173,0.050000000000000044,42,True,1640,220.86391025000833,1860.863910250008,99.42196531791907,0.7984132731965722,5.15606936416185
3528,6124,6418.9830314873925,512,411,0.050000000000000044,42,True,6124,294.98303148739404,6418.9830314873925,100.0,0.8182099603625247,4.177615571776156
3529,1648,1858.2974972191334,128,165,0.050000000000000044,42,True,1648,210.29749721913237,1858.2974972191334,98.18181818181819,0.7911198445503608,4.884848484848485
3530,1136,1081.2354385964913,128,123,0.050000000000000044,42,True,1136,-54.764561403508765,1081.2354385964913,21.951219512195124,0.7942554949728395,5.780487804878049
3531,1480,1712.9423989559432,128,152,0.050000000000000044,42,True,1480,232.942398955944,1712.9423989559432,98.6842105263158,0.8065600208925904,5.9868421052631575
3532,3116,3329.847218195444,256,252,0.050000000000000044,42,True,3116,213.84721819544322,3329.847218195444,99.60317460317461,0.7877797317093651,4.162698412698413
3533,2192,2143.2472516449984,256,190,0.050000000000000044,42,True,2192,-48.752748354999206,2143.2472516449984,86.3157894736842,0.8082546054153161,5.926315789473684
3534,4828,5035.27465418986,256,367,0.050000000000000044,42,True,4828,207.27465418986327,5035.27465418986,98.91008174386921,0.784002204905758,4.204359673024523
3535,2828,3050.2658957203266,256,231,0.050000000000000044,42,True,2828,222.2658957203252,3050.2658957203266,100.0,0.831928639285511,5.021645021645021
3536,1520,1748.9665772216183,128,163,0.050000000000000044,42,True,1520,228.96657722161783,1748.9665772216183,97.54601226993866,0.7885134251821143,5.96319018404908
3537,4596,4869.605117809504,512,312,0.050000000000000044,42,True,4596,273.605117809507,4869.605117809504,98.3974358974359,0.7993263659238115,4.282051282051282
3538,2372,2629.6234419181733,256,202,0.050000000000000044,42,True,2372,257.62344191817186,2629.6234419181733,99.5049504950495,0.8065296229435949,6.415841584158416
3539,1736,1961.1524722696836,128,174,0.050000000000000044,42,True,1736,225.15247226968376,1961.1524722696836,99.42528735632185,0.7899971619288407,4.511494252873563
3540,2260,2523.483593265655,256,194,0.050000000000000044,42,True,2260,263.48359326565316,2523.483593265655,100.0,0.8097806821963337,4.649484536082475
3541,5532,5823.884169747305,512,387,0.050000000000000044,42,True,5532,291.88416974730336,5823.884169747305,99.48320413436693,0.8045839912055948,4.837209302325581
3542,4176,4166.64043752668,256,320,0.050000000000000044,42,True,4176,-9.359562473320423,4166.64043752668,77.5,0.7880972069400646,4.3125
3543,4872,5160.809239147948,512,341,0.050000000000000044,42,True,4872,288.80923914794886,5160.809239147948,43.988269794721404,0.7801288575699897,3.7829912023460412
3544,3544,3800.9720113485337,256,301,0.050000000000000044,42,True,3544,256.97201134853617,3800.9720113485337,99.33554817275747,0.8035033908623099,4.913621262458472
3545,4292,4549.990567999834,256,334,0.050000000000000044,42,True,4292,257.9905679998336,4549.990567999834,99.7005988023952,0.8002440494782709,4.634730538922156
3546,268,263.3677044422534,32,51,0.050000000000000044,42,True,268,-4.63229555774652,263.3677044422534,1.9607843137254901,0.7979751162050355,6.647058823529412
3547,4796,5093.77482888973,512,331,0.050000000000000044,42,True,4796,297.7748288897325,5093.77482888973,99.69788519637463,0.8075880957260992,4.8700906344410875
3548,2924,3177.7090304153894,256,242,0.050000000000000044,42,True,2924,253.70903041538924,3177.7090304153894,99.17355371900827,0.7826987303197709,5.396694214876033
3549,2936,3149.2242803279682,256,243,0.050000000000000044,42,True,2936,213.22428032796697,3149.2242803279682,99.58847736625515,0.8149317455248845,4.473251028806584
3550,3720,3974.8848002918917,256,302,0.050000000000000044,42,True,3720,254.88480029188935,3974.8848002918917,98.34437086092716,0.7798341410010907,4.7781456953642385
3551,2632,2890.11662751246,256,222,0.050000000000000044,42,True,2632,258.11662751246206,2890.11662751246,99.54954954954955,0.785584061250639,5.445945945945946
3552,1760,1708.6715846438228,128,180,0.050000000000000044,42,True,1760,-51.32841535617737,1708.6715846438228,20.0,0.7308373226866021,3.7944444444444443
3553,5204,5493.710466191592,512,354,0.050000000000000044,42,True,5204,289.71046619159006,5493.710466191592,99.71751412429379,0.7658220955283517,3.867231638418079
3554,3024,3245.5243260338157,256,252,0.050000000000000044,42,True,3024,221.52432603381368,3245.5243260338157,100.0,0.7893258531901277,5.313492063492063
3555,5296,5584.36921668127,512,361,0.050000000000000044,42,True,5296,288.3692166812719,5584.36921668127,99.44598337950139,0.7717570481476485,5.1024930747922435
3556,2956,3212.072428870882,256,240,0.050000000000000044,42,True,2956,256.07242887088125,3212.072428870882,99.58333333333333,0.7956300273011964,5.233333333333333
3557,3160,3417.956706364508,256,263,0.050000000000000044,42,True,3160,257.9567063645096,3417.956706364508,99.23954372623574,0.78724420818888,5.2091254752851714
3558,6400,6686.733818770783,512,432,0.050000000000000044,42,True,6400,286.7338187707877,6686.733818770783,99.76851851851852,0.7729473256186922,3.675925925925926
3559,3248,3507.6000104771765,256,275,0.050000000000000044,42,True,3248,259.60001047717725,3507.6000104771765,99.27272727272727,0.7855357660787833,4.836363636363636
3560,3232,3496.342561700234,256,275,0.050000000000000044,42,True,3232,264.3425617002368,3496.342561700234,99.63636363636364,0.7791747955285495,5.418181818181818
3561,2792,3032.502308269374,256,223,0.050000000000000044,42,True,2792,240.50230826937505,3032.502308269374,98.20627802690584,0.8086820360695766,5.170403587443946
3562,1616,1838.8186520236236,128,162,0.050000000000000044,42,True,1616,222.81865202362278,1838.8186520236236,98.76543209876543,0.756663082859674,5.907407407407407
3563,3972,4228.918536486223,256,322,0.050000000000000044,42,True,3972,256.91853648621907,4228.918536486223,99.37888198757764,0.7783738732186546,4.111801242236025
3564,2612,2602.860224153591,256,219,0.050000000000000044,42,True,2612,-9.139775846408137,2602.860224153591,5.936073059360731,0.6899570641646355,2.863013698630137
3565,3216,3481.43728775383,256,257,0.050000000000000044,42,True,3216,265.4372877538291,3481.43728775383,99.61089494163424,0.776423599105897,5.085603112840467
3566,2584,2848.895449799417,256,219,0.050000000000000044,42,True,2584,264.8954497994175,2848.895449799417,99.08675799086758,0.822229045550982,5.319634703196347
3567,3160,3427.539259502831,256,259,0.050000000000000044,42,True,3160,267.53925950283076,3427.539259502831,99.61389961389962,0.7893857571717661,4.054054054054054
3568,1304,1295.1129432879827,128,132,0.050000000000000044,42,True,1304,-8.88705671201707,1295.1129432879827,61.36363636363637,0.7698937059388299,5.083333333333333
3569,3084,3351.679971112183,256,255,0.050000000000000044,42,True,3084,267.6799711121811,3351.679971112183,99.6078431372549,0.8063336942785614,5.1568627450980395
3570,2660,2926.9293983357657,256,229,0.050000000000000044,42,True,2660,266.92939833576486,2926.9293983357657,100.0,0.8432164683521219,4.0873362445414845
3571,1332,1482.827022439252,128,141,0.050000000000000044,42,True,1332,150.82702243925124,1482.827022439252,99.29078014184397,0.8212283012854404,4.964539007092198
3572,2824,3082.205409194381,256,234,0.050000000000000044,42,True,2824,258.2054091943812,3082.205409194381,97.43589743589743,0.8126790542073725,4.589743589743589
3573,3196,3454.426754415875,256,262,0.050000000000000044,42,True,3196,258.4267544158767,3454.426754415875,99.23664122137404,0.7936085781365524,4.061068702290076
3574,2060,2318.275651661748,256,166,0.050000000000000044,42,True,2060,258.27565166174645,2318.275651661748,99.39759036144578,0.8083752993400882,5.680722891566265
3575,1352,1301.0763745181575,128,140,0.050000000000000044,42,True,1352,-50.92362548184215,1301.0763745181575,84.28571428571429,0.8250815649677654,5.0285714285714285
3576,2796,3055.859461787836,256,246,0.050000000000000044,42,True,2796,259.85946178783496,3055.859461787836,99.1869918699187,0.8172734306950845,4.861788617886178
3577,6624,6616.3239797901315,512,457,0.050000000000000044,42,True,6624,-7.676020209871732,6616.3239797901315,88.8402625820569,0.7963435840231113,3.6805251641137855
3578,2168,2393.8751630731294,128,209,0.050000000000000044,42,True,2168,225.8751630731279,2393.8751630731294,99.52153110047847,0.8245716095497768,4.339712918660287
3579,2728,2974.9987837535923,256,231,0.050000000000000044,42,True,2728,246.99878375359128,2974.9987837535923,99.13419913419914,0.7983106462989468,4.896103896103896
3580,4960,5240.988396357462,512,334,0.050000000000000044,42,True,4960,280.9883963574625,5240.988396357462,75.74850299401197,0.769426323359098,4.323353293413174
3581,2396,2660.8805168290255,256,201,0.050000000000000044,42,True,2396,264.8805168290264,2660.8805168290255,99.50248756218906,0.7959927942187716,5.114427860696518
3582,1836,2053.9948344929358,128,184,0.050000000000000044,42,True,1836,217.99483449293695,2053.9948344929358,97.82608695652173,0.7604543766073839,4.635869565217392
3583,1544,1776.7165136464762,128,159,0.050000000000000044,42,True,1544,232.71651364647636,1776.7165136464762,90.56603773584905,0.7941109150526036,4.7924528301886795
3584,736,935.0631013016412,64,98,0.050000000000000044,42,True,736,199.06310130164118,935.0631013016412,98.9795918367347,0.8300090510449852,4.448979591836735
3585,2304,2552.288789402675,256,191,0.050000000000000044,42,True,2304,248.2887894026739,2552.288789402675,98.42931937172774,0.8150007224362662,4.832460732984293
3586,1420,1608.9077048038982,128,144,0.050000000000000044,42,True,1420,188.90770480389884,1608.9077048038982,100.0,0.8410446348753443,6.388888888888889
3587,1692,1926.113138574096,128,168,0.050000000000000044,42,True,1692,234.11313857409635,1926.113138574096,99.4047619047619,0.7899826327440441,5.363095238095238
3588,3284,3534.4854127553062,256,277,0.050000000000000044,42,True,3284,250.48541275530525,3534.4854127553062,99.27797833935018,0.8137312572773604,5.483754512635379
3589,4668,4965.377490446995,512,322,0.050000000000000044,42,True,4668,297.37749044699194,4965.377490446995,99.68944099378882,0.8078295191652205,4.903726708074534
3590,3648,3913.9434133647574,256,299,0.050000000000000044,42,True,3648,265.94341336475674,3913.9434133647574,99.33110367892976,0.7860803730618061,4.622073578595318
3591,2532,2797.717267552184,256,217,0.050000000000000044,42,True,2532,265.71726755218214,2797.717267552184,99.53917050691244,0.7928339138786216,5.179723502304148
3592,1624,1847.7737269781896,128,164,0.050000000000000044,42,True,1624,223.77372697819,1847.7737269781896,99.39024390243902,0.8199387664936971,5.908536585365853
3593,3168,3424.8187117030416,256,260,0.050000000000000044,42,True,3168,256.8187117030435,3424.8187117030416,99.23076923076923,0.7905700027825695,4.180769230769231
3594,3400,3666.641824770072,256,283,0.050000000000000044,42,True,3400,266.64182477006904,3666.641824770072,99.64664310954063,0.799494330993582,5.003533568904594
3595,2972,3235.412314165498,256,241,0.050000000000000044,42,True,2972,263.4123141654979,3235.412314165498,100.0,0.8245245091571394,5.477178423236515
3596,940,1174.6127808361857,128,96,0.050000000000000044,42,True,940,234.6127808361851,1174.6127808361857,97.91666666666667,0.7870418725806552,6.770833333333333
3597,2548,2804.114771063658,256,214,0.050000000000000044,42,True,2548,256.1147710636579,2804.114771063658,99.53271028037383,0.7899768855006919,5.327102803738318
3598,688,682.1025391390024,64,91,0.050000000000000044,42,True,688,-5.897460860997503,682.1025391390024,20.87912087912088,0.7471437288857379,6.43956043956044
3599,3220,3478.8498321746983,256,269,0.050000000000000044,42,True,3220,258.8498321746946,3478.8498321746983,99.25650557620818,0.815679301374859,4.408921933085502
3600,1596,1827.5307290777723,128,164,0.050000000000000044,42,True,1596,231.5307290777721,1827.5307290777723,99.39024390243902,0.7711503734767925,5.298780487804878
3601,1280,1513.8234969202322,128,131,0.050000000000000044,42,True,1280,233.82349692023223,1513.8234969202322,93.12977099236642,0.8171119108085803,5.862595419847328
3602,3484,3749.8273909801023,256,295,0.050000000000000044,42,True,3484,265.82739098010205,3749.8273909801023,100.0,0.8099778292875816,4.911864406779661
3603,2756,3019.122326490712,256,223,0.050000000000000044,42,True,2756,263.1223264907136,3019.122326490712,99.10313901345292,0.8325252503641165,4.5874439461883405
3604,2048,2305.125937338096,256,173,0.050000000000000044,42,True,2048,257.12593733809615,2305.125937338096,97.6878612716763,0.8141512158995445,5.213872832369942
3605,2756,2748.154374243259,256,237,0.050000000000000044,42,True,2756,-7.845625756740308,2748.154374243259,92.82700421940929,0.7885451653849551,5.3881856540084385
3606,3048,3297.512773301988,256,256,0.050000000000000044,42,True,3048,249.51277330198906,3297.512773301988,98.828125,0.8123487061701976,5.1015625
3607,3296,3560.412967702859,256,272,0.050000000000000044,42,True,3296,264.4129677028585,3560.412967702859,100.0,0.8059881100226053,4.352941176470588
3608,5652,5942.059400875643,512,401,0.050000000000000044,42,True,5652,290.0594008756475,5942.059400875643,99.50124688279301,0.7839069279260693,4.6458852867830425
3609,1840,2067.5107859197715,128,184,0.050000000000000044,42,True,1840,227.51078591977134,2067.5107859197715,95.65217391304348,0.7734169847280196,5.364130434782608
3610,3648,3899.6004775492684,256,310,0.050000000000000044,42,True,3648,251.600477549264,3899.6004775492684,99.35483870967742,0.7931710940642631,4.54516129032258
3611,4680,4665.96768876515,512,320,0.050000000000000044,42,True,4680,-14.032311234849614,4665.96768876515,82.5,0.7962660375632639,5.21875
3612,2268,2251.63189528708,256,189,0.050000000000000044,42,True,2268,-16.36810471292177,2251.63189528708,24.867724867724867,0.7328255748533938,4.883597883597884
3613,1464,1689.265482509868,128,152,0.050000000000000044,42,True,1464,225.26548250986798,1689.265482509868,98.6842105263158,0.8048947880265408,5.953947368421052
3614,2048,2270.6504283589607,128,190,0.050000000000000044,42,True,2048,222.65042835896114,2270.6504283589607,99.47368421052632,0.8320818125710482,4.921052631578948
3615,3144,3349.0240072394326,256,263,0.050000000000000044,42,True,3144,205.02400723943362,3349.0240072394326,99.23954372623574,0.8129282715535432,4.596958174904943
3616,5536,5823.824616150772,512,392,0.050000000000000044,42,True,5536,287.82461615077614,5823.824616150772,99.74489795918367,0.8157431079264905,4.466836734693878
3617,4796,5055.589267302149,256,363,0.050000000000000044,42,True,4796,259.5892673021484,5055.589267302149,99.44903581267218,0.7763871575914113,3.975206611570248
3618,1648,1872.1471635150167,128,165,0.050000000000000044,42,True,1648,224.14716351501667,1872.1471635150167,98.78787878787878,0.828211333467769,4.915151515151515
3619,3252,3515.7261361114906,256,269,0.050000000000000044,42,True,3252,263.7261361114926,3515.7261361114906,100.0,0.7874918573564036,4.241635687732342
3620,2920,3189.046817859287,256,236,0.050000000000000044,42,True,2920,269.04681785928716,3189.046817859287,100.0,0.7903391299043702,5.4576271186440675
3621,2896,3118.86868994264,256,242,0.050000000000000044,42,True,2896,222.86868994264006,3118.86868994264,100.0,0.7878295458211311,5.533057851239669
3622,3196,3463.787171090161,256,267,0.050000000000000044,42,True,3196,267.7871710901629,3463.787171090161,99.62546816479401,0.795744631788523,5.340823970037453
3623,2832,3097.7680756395976,256,229,0.050000000000000044,42,True,2832,265.76807563959954,3097.7680756395976,99.56331877729258,0.7792660209185723,5.960698689956332
3624,3092,3340.728663312585,256,261,0.050000000000000044,42,True,3092,248.72866331258444,3340.728663312585,99.23371647509579,0.8061654254975835,6.0727969348659006
3625,1320,1536.453755356133,128,135,0.050000000000000044,42,True,1320,216.45375535613226,1536.453755356133,97.77777777777777,0.7750749730593743,5.548148148148148
3626,4832,5125.454821300057,512,337,0.050000000000000044,42,True,4832,293.4548213000629,5125.454821300057,98.21958456973294,0.8281985502712893,4.421364985163205
3627,2920,3172.4818805574932,256,243,0.050000000000000044,42,True,2920,252.48188055749378,3172.4818805574932,99.17695473251028,0.8015628705339828,4.489711934156379
3628,4096,4357.643028637086,256,336,0.050000000000000044,42,True,4096,261.64302863708633,4357.643028637086,99.70238095238095,0.8051426695156325,3.6488095238095237
3629,3232,3500.1357920330215,256,271,0.050000000000000044,42,True,3232,268.1357920330214,3500.1357920330215,99.6309963099631,0.8271783032219677,4.295202952029521
3630,3572,3837.044974831201,256,297,0.050000000000000044,42,True,3572,265.04497483120036,3837.044974831201,99.66329966329967,0.7963141066042393,4.962962962962963
3631,1412,1645.7153465609763,128,148,0.050000000000000044,42,True,1412,233.71534656097595,1645.7153465609763,99.32432432432432,0.7951449214621205,5.405405405405405
3632,1192,1419.9153099403384,128,131,0.050000000000000044,42,True,1192,227.91530994033775,1419.9153099403384,93.12977099236642,0.7907386946594046,5.526717557251908
3633,3232,3489.267319683801,256,270,0.050000000000000044,42,True,3232,257.2673196838022,3489.267319683801,99.62962962962963,0.751470206008264,5.437037037037037
3634,2876,3132.605738746555,256,237,0.050000000000000044,42,True,2876,256.6057387465544,3132.605738746555,97.0464135021097,0.7947359574277506,4.561181434599156
3635,1468,1692.440411390592,128,155,0.050000000000000044,42,True,1468,224.4404113905919,1692.440411390592,99.35483870967742,0.7822400304507093,4.509677419354839
3636,712,914.9746727742671,64,95,0.050000000000000044,42,True,712,202.97467277426713,914.9746727742671,98.94736842105263,0.7841810597900448,6.042105263157895
3637,7076,7373.447842014951,512,496,0.050000000000000044,42,True,7076,297.44784201495247,7373.447842014951,100.0,0.7778544876621529,4.580645161290323
3638,2456,2712.8814239699996,256,211,0.050000000000000044,42,True,2456,256.8814239700015,2712.8814239699996,99.5260663507109,0.787188600516725,5.0663507109004735
3639,3116,3385.2994716048106,256,260,0.050000000000000044,42,True,3116,269.29947160480793,3385.2994716048106,99.61538461538461,0.7994294304738842,5.3
3640,2308,2572.1982461986486,256,200,0.050000000000000044,42,True,2308,264.19824619864823,2572.1982461986486,99.5,0.8231031417800553,5.365
3641,3144,3399.8227780545094,256,258,0.050000000000000044,42,True,3144,255.82277805450792,3399.8227780545094,99.6124031007752,0.8190159157828713,4.422480620155039
3642,1684,1668.1743542451763,128,167,0.050000000000000044,42,True,1684,-15.825645754823128,1668.1743542451763,75.44910179640719,0.7960652605758317,6.089820359281437
3643,4288,4552.00087183958,256,336,0.050000000000000044,42,True,4288,264.0008718395815,4552.00087183958,99.70238095238095,0.8060630433658666,3.9672619047619047
3644,2952,3208.027451399274,256,239,0.050000000000000044,42,True,2952,256.0274513992736,3208.027451399274,99.581589958159,0.7842934521860689,5.326359832635983
3645,1416,1648.3545974015951,128,151,0.050000000000000044,42,True,1416,232.35459740159456,1648.3545974015951,94.70198675496688,0.7964948043031673,5.708609271523179
3646,3148,3413.6277431208973,256,267,0.050000000000000044,42,True,3148,265.6277431208974,3413.6277431208973,99.62546816479401,0.7928573802464216,5.4456928838951315
3647,3060,3319.1532820853217,256,251,0.050000000000000044,42,True,3060,259.1532820853216,3319.1532820853217,99.20318725099601,0.7944655299728248,4.422310756972111
3648,1308,1534.9453725038402,128,137,0.050000000000000044,42,True,1308,226.94537250384022,1534.9453725038402,98.54014598540147,0.7840727114878053,6.386861313868613
3649,1008,1207.2210929864068,64,120,0.050000000000000044,42,True,1008,199.22109298640632,1207.2210929864068,100.0,0.7622692015169339,4.958333333333333
3650,2828,3079.666606206049,256,236,0.050000000000000044,42,True,2828,251.66660620604978,3079.666606206049,98.72881355932203,0.7734094171375107,5.127118644067797
3651,2960,3182.696655163595,256,244,0.050000000000000044,42,True,2960,222.69665516359515,3182.696655163595,97.95081967213115,0.7744491671174965,5.241803278688525
3652,1696,1918.455596112607,128,159,0.050000000000000044,42,True,1696,222.45559611260666,1918.455596112607,99.37106918238993,0.8118024621008484,5.169811320754717
3653,3292,3550.3634549694766,256,265,0.050000000000000044,42,True,3292,258.3634549694787,3550.3634549694766,96.22641509433963,0.7753898996920879,4.886792452830188
3654,1208,1443.2224509821103,128,128,0.050000000000000044,42,True,1208,235.22245098211002,1443.2224509821103,99.21875,0.7708558242479052,5.3828125
3655,1968,2202.684792626727,128,186,0.050000000000000044,42,True,1968,234.68479262672813,2202.684792626727,100.0,0.7611226771923978,4.763440860215054
3656,3156,3421.394602123624,256,261,0.050000000000000044,42,True,3156,265.3946021236223,3421.394602123624,99.23371647509579,0.7627880104796688,4.367816091954023
3657,556,728.0232100708108,32,85,0.050000000000000044,42,True,556,172.02321007081036,728.0232100708108,98.82352941176471,0.7576840357342745,5.470588235294118
3658,3124,3381.0469435227324,256,262,0.050000000000000044,42,True,3124,257.04694352273117,3381.0469435227324,99.61832061068702,0.7688571697877685,4.6679389312977095
3659,728,929.9259142904253,64,98,0.050000000000000044,42,True,728,201.92591429042508,929.9259142904253,94.89795918367346,0.7839108062263445,5.26530612244898
3660,2468,2724.229097713799,256,210,0.050000000000000044,42,True,2468,256.2290977138001,2724.229097713799,99.52380952380952,0.7850604719769496,5.252380952380952
3661,4124,4390.939251227327,256,335,0.050000000000000044,42,True,4124,266.9392512273275,4390.939251227327,99.70149253731343,0.7742049549981492,4.137313432835821
3662,1340,1566.3891910627615,128,140,0.050000000000000044,42,True,1340,226.3891910627633,1566.3891910627615,97.85714285714286,0.7905698516160942,6.478571428571429
3663,1244,1469.591586857292,128,128,0.050000000000000044,42,True,1244,225.59158685729145,1469.591586857292,98.4375,0.7837311600030231,5.578125
3664,1212,1161.7765677753541,128,125,0.050000000000000044,42,True,1212,-50.22343222464606,1161.7765677753541,18.4,0.720216848479902,4.688
3665,3172,3436.908846714607,256,263,0.050000000000000044,42,True,3172,264.90884671460697,3436.908846714607,99.61977186311788,0.7930112120605936,5.064638783269962
3666,1504,1726.5194634134568,128,160,0.050000000000000044,42,True,1504,222.51946341345686,1726.5194634134568,99.375,0.8186053594790611,4.95625
3667,1328,1554.1835066428998,128,135,0.050000000000000044,42,True,1328,226.18350664289972,1554.1835066428998,98.51851851851852,0.779919380740281,6.014814814814815
3668,1332,1559.2012079698693,128,138,0.050000000000000044,42,True,1332,227.20120796986905,1559.2012079698693,98.55072463768116,0.8068810534790353,5.731884057971015
3669,2180,2436.9927403614074,256,183,0.050000000000000044,42,True,2180,256.99274036140787,2436.9927403614074,93.44262295081967,0.7951313839629761,4.579234972677596
3670,1404,1634.4552265115462,128,147,0.050000000000000044,42,True,1404,230.4552265115459,1634.4552265115462,97.95918367346938,0.7851863618621101,5.843537414965986
3671,836,820.3891439661089,64,99,0.050000000000000044,42,True,836,-15.6108560338911,820.3891439661089,42.42424242424242,0.7843464388655351,5.858585858585859
3672,1372,1597.7388801143898,128,144,0.050000000000000044,42,True,1372,225.73888011438945,1597.7388801143898,56.94444444444444,0.7755517356084413,5.048611111111111
3673,2636,2893.217689226227,256,227,0.050000000000000044,42,True,2636,257.2176892262281,2893.217689226227,99.55947136563877,0.7781512232745462,4.4449339207048455
3674,2380,2610.75452386175,128,220,0.050000000000000044,42,True,2380,230.7545238617505,2610.75452386175,100.0,0.7520361118002821,4.718181818181818
3675,3040,3305.1337889557126,256,249,0.050000000000000044,42,True,3040,265.13378895571344,3305.1337889557126,100.0,0.7568755684706344,5.775100401606426
3676,3020,3221.3789208516155,256,245,0.050000000000000044,42,True,3020,201.37892085161712,3221.3789208516155,99.18367346938776,0.7529910271378976,5.420408163265306
3677,3632,3890.2697979582226,256,286,0.050000000000000044,42,True,3632,258.2697979582192,3890.2697979582226,99.65034965034965,0.7599222747803154,5.3426573426573425
3678,3044,3264.0815236656736,256,243,0.050000000000000044,42,True,3044,220.08152366567515,3264.0815236656736,100.0,0.7754019383249665,4.9300411522633745
3679,1796,2030.8850775043288,128,184,0.050000000000000044,42,True,1796,234.88507750432865,2030.8850775043288,99.45652173913044,0.7776070803281872,4.461956521739131
3680,3232,3497.3668991321106,256,271,0.050000000000000044,42,True,3232,265.36689913211046,3497.3668991321106,100.0,0.8094965424112337,3.7785977859778597
3681,3312,3576.6529932135113,256,276,0.050000000000000044,42,True,3312,264.6529932135097,3576.6529932135113,100.0,0.7866184832876697,3.858695652173913
3682,3100,3358.998968176387,256,253,0.050000000000000044,42,True,3100,258.99896817638756,3358.998968176387,99.2094861660079,0.7682704166687209,4.91699604743083
3683,3300,3560.281245252443,256,265,0.050000000000000044,42,True,3300,260.2812452524434,3560.281245252443,99.24528301886792,0.7772206127409476,5.150943396226415
3684,2428,2683.0652121649255,256,205,0.050000000000000044,42,True,2428,255.0652121649237,2683.0652121649255,99.51219512195122,0.7896569888279095,6.390243902439025
3685,3144,3411.27275727224,256,262,0.050000000000000044,42,True,3144,267.2727572722383,3411.27275727224,99.61832061068702,0.7933520219992334,4.538167938931298
3686,1524,1758.228509860258,128,161,0.050000000000000044,42,True,1524,234.22850986025858,1758.228509860258,98.13664596273291,0.7640396869928151,5.0186335403726705
3687,2216,2397.372251484166,256,188,0.050000000000000044,42,True,2216,181.37225148416525,2397.372251484166,99.46808510638297,0.7947309110656582,5.212765957446808
3688,4072,4325.6597192041545,256,306,0.050000000000000044,42,True,4072,253.65971920415143,4325.6597192041545,98.69281045751634,0.7763200117460237,4.803921568627451
3689,6464,6753.092150293153,512,440,0.050000000000000044,42,True,6464,289.0921502931467,6753.092150293153,99.77272727272727,0.7673077093253993,4.45
3690,5204,5501.808409153575,512,358,0.050000000000000044,42,True,5204,297.8084091535705,5501.808409153575,99.72067039106145,0.77046442523937,4.695530726256983
3691,2568,2822.5571667138447,256,213,0.050000000000000044,42,True,2568,254.55716671384457,2822.5571667138447,97.65258215962442,0.7802769682951176,4.976525821596244
3692,3068,3333.5530186524325,256,250,0.050000000000000044,42,True,3068,265.55301865243155,3333.5530186524325,99.6,0.7711686724828902,5.072
3693,2480,2745.187742276568,256,213,0.050000000000000044,42,True,2480,265.1877422765684,2745.187742276568,99.53051643192488,0.761156564169433,4.619718309859155
3694,3040,3300.6539300968116,256,246,0.050000000000000044,42,True,3040,260.65393009681213,3300.6539300968116,100.0,0.7622741410899261,5.491869918699187
3695,1796,1778.691079943899,128,175,0.050000000000000044,42,True,1796,-17.30892005610099,1778.691079943899,31.428571428571427,0.7314558956746594,3.782857142857143
3696,3072,3339.147806319754,256,249,0.050000000000000044,42,True,3072,267.1478063197554,3339.147806319754,100.0,0.7583840862933808,5.714859437751004
3697,704,856.0083474816074,64,100,0.050000000000000044,42,True,704,152.00834748160725,856.0083474816074,99.0,0.7882452332146767,5.77
3698,5636,5933.165473758331,512,396,0.050000000000000044,42,True,5636,297.1654737583284,5933.165473758331,90.15151515151516,0.7694918123738702,4.585858585858586
3699,1464,1695.788997299071,128,155,0.050000000000000044,42,True,1464,231.7889972990722,1695.788997299071,98.70967741935483,0.7814779834615313,5.864516129032258
3700,976,962.3035842293904,128,102,0.050000000000000044,42,True,976,-13.696415770609356,962.3035842293904,79.41176470588235,0.7839839981297129,6.313725490196078
3701,1588,1815.3184922818725,128,159,0.050000000000000044,42,True,1588,227.31849228187266,1815.3184922818725,98.74213836477988,0.7795760191825063,5.389937106918239
3702,2200,2446.097147950089,256,186,0.050000000000000044,42,True,2200,246.09714795008912,2446.097147950089,95.16129032258064,0.7941743312381737,5.903225806451613
3703,1052,1278.1845745263936,128,116,0.050000000000000044,42,True,1052,226.18457452639342,1278.1845745263936,99.13793103448276,0.7855331111570478,5.741379310344827
3704,3356,3611.4038277232366,256,276,0.050000000000000044,42,True,3356,255.40382772323517,3611.4038277232366,99.6376811594203,0.7993674957924334,4.72463768115942
3705,1080,1296.8915411376838,128,116,0.050000000000000044,42,True,1080,216.8915411376842,1296.8915411376838,98.27586206896552,0.7750857730498842,5.827586206896552
3706,3140,3388.46659092463,256,258,0.050000000000000044,42,True,3140,248.4665909246293,3388.46659092463,99.2248062015504,0.7976209888437787,4.565891472868217
3707,7336,7627.404061959553,512,506,0.050000000000000044,42,True,7336,291.40406195954586,7627.404061959553,99.60474308300395,0.7854068244713037,3.774703557312253
3708,5692,5974.635099846391,512,410,0.050000000000000044,42,True,5692,282.6350998463901,5974.635099846391,99.26829268292683,0.7678004810286014,4.297560975609756
3709,5460,5714.9037796248285,512,386,0.050000000000000044,42,True,5460,254.90377962482887,5714.9037796248285,100.0,0.8058312385265876,3.800518134715026
3710,2792,3057.2081147449494,256,227,0.050000000000000044,42,True,2792,265.2081147449492,3057.2081147449494,99.11894273127753,0.8144431348153365,5.233480176211454
3711,2292,2559.3625316683315,256,187,0.050000000000000044,42,True,2292,267.3625316683327,2559.3625316683315,99.46524064171123,0.7926945807957345,5.684491978609626
3712,2756,3011.493358653538,256,236,0.050000000000000044,42,True,2756,255.49335865354084,3011.493358653538,98.30508474576271,0.7899707596958383,5.470338983050848
3713,3676,3931.997154035537,256,302,0.050000000000000044,42,True,3676,255.99715403553824,3931.997154035537,99.66887417218543,0.78080023447931,4.069536423841059
3714,2740,3002.831266830918,256,218,0.050000000000000044,42,True,2740,262.83126683091734,3002.831266830918,99.54128440366972,0.7863374577943807,4.775229357798165
3715,1484,1720.6006117253703,128,156,0.050000000000000044,42,True,1484,236.6006117253695,1720.6006117253703,99.35897435897436,0.7809223226599732,5.448717948717949
3716,3756,4013.143166383703,256,281,0.050000000000000044,42,True,3756,257.1431663837012,4013.143166383703,97.50889679715303,0.773730290230673,5.099644128113879
3717,1436,1664.1699218724016,128,149,0.050000000000000044,42,True,1436,228.1699218724018,1664.1699218724016,99.32885906040268,0.8004107545040536,4.10738255033557
3718,5232,5522.922261846868,512,361,0.050000000000000044,42,True,5232,290.92226184686876,5522.922261846868,99.7229916897507,0.7895381546642404,4.099722991689751
3719,1188,1411.9057614322123,128,124,0.050000000000000044,42,True,1188,223.90576143221253,1411.9057614322123,99.19354838709677,0.7787326905231785,5.42741935483871
3720,1372,1596.2794378463825,128,143,0.050000000000000044,42,True,1372,224.27943784638234,1596.2794378463825,98.6013986013986,0.8111490698794186,5.153846153846154
3721,1456,1671.8252784868882,128,153,0.050000000000000044,42,True,1456,215.8252784868879,1671.8252784868882,98.69281045751634,0.7607217415184783,6.117647058823529
3722,2332,2590.429219261337,256,196,0.050000000000000044,42,True,2332,258.42921926133704,2590.429219261337,55.61224489795919,0.766073125347764,4.826530612244898
3723,3620,3884.924511373889,256,298,0.050000000000000044,42,True,3620,264.9245113738873,3884.924511373889,100.0,0.7741818999735791,4.221476510067114
3724,3036,3297.9655121338046,256,255,0.050000000000000044,42,True,3036,261.96551213380405,3297.9655121338046,98.82352941176471,0.769818482221598,5.219607843137255
3725,3388,3611.1539256636693,256,276,0.050000000000000044,42,True,3388,223.15392566366788,3611.1539256636693,100.0,0.8195760650983391,4.967391304347826
3726,3684,3944.213392485307,256,316,0.050000000000000044,42,True,3684,260.2133924853047,3944.213392485307,99.36708860759494,0.8269276071634609,4.2215189873417724
3727,928,1114.0206352357318,64,111,0.050000000000000044,42,True,928,186.02063523573196,1114.0206352357318,58.55855855855856,0.7676606810029079,5.036036036036036
3728,2996,3254.347628317179,256,250,0.050000000000000044,42,True,2996,258.3476283171778,3254.347628317179,99.2,0.8073855988899031,5.016
3729,1032,1256.7809956113656,128,109,0.050000000000000044,42,True,1032,224.78099561136563,1256.7809956113656,99.08256880733946,0.8061078466088089,6.422018348623853
3730,1808,2040.9590895258114,128,177,0.050000000000000044,42,True,1808,232.95908952581198,2040.9590895258114,100.0,0.816620031605804,4.406779661016949
3731,1416,1645.697663588573,128,144,0.050000000000000044,42,True,1416,229.69766358857248,1645.697663588573,97.91666666666667,0.8011914953656875,5.631944444444445
3732,556,757.0926416463967,64,74,0.050000000000000044,42,True,556,201.0926416463966,757.0926416463967,98.64864864864865,0.7673871632007252,5.972972972972973
3733,3684,3940.639828165144,256,304,0.050000000000000044,42,True,3684,256.6398281651457,3940.639828165144,99.34210526315789,0.7722776454468484,4.9769736842105265
3734,4816,5098.1591909882245,512,332,0.050000000000000044,42,True,4816,282.15919098822326,5098.1591909882245,99.39759036144578,0.7945223867901139,4.855421686746988
3735,3224,3491.4269958035366,256,269,0.050000000000000044,42,True,3224,267.42699580354036,3491.4269958035366,99.62825278810409,0.7903451771059794,4.903345724907063
3736,5312,5601.5128344669065,512,365,0.050000000000000044,42,True,5312,289.5128344669046,5601.5128344669065,99.72602739726027,0.8045994535009579,4.038356164383561
3737,1168,1398.9157085794916,128,129,0.050000000000000044,42,True,1168,230.91570857949142,1398.9157085794916,100.0,0.7807908102260339,5.666666666666667
3738,2484,2749.688930735224,256,205,0.050000000000000044,42,True,2484,265.68893073522196,2749.688930735224,99.51219512195122,0.798706764432045,4.736585365853658
3739,2416,2682.462854349955,256,201,0.050000000000000044,42,True,2416,266.46285434995116,2682.462854349955,99.0049751243781,0.7761845769488228,5.766169154228856
3740,1364,1587.812041692011,128,144,0.050000000000000044,42,True,1364,223.8120416920113,1587.812041692011,94.44444444444444,0.8066934395617935,6.236111111111111
3741,2668,2891.4532821300577,256,228,0.050000000000000044,42,True,2668,223.45328213005635,2891.4532821300577,100.0,0.8242965746733134,5.1798245614035086
3742,2316,2580.0371330952003,256,192,0.050000000000000044,42,True,2316,264.03713309520106,2580.0371330952003,100.0,0.7866774203262192,6.114583333333333
3743,5148,5430.47652597229,512,356,0.050000000000000044,42,True,5148,282.47652597228915,5430.47652597229,99.15730337078652,0.8211105228485969,4.179775280898877
3744,3176,3364.0450985543253,256,263,0.050000000000000044,42,True,3176,188.0450985543264,3364.0450985543253,100.0,0.7686165157259428,5.330798479087452
3745,3284,3551.6022374445197,256,273,0.050000000000000044,42,True,3284,267.6022374445182,3551.6022374445197,99.63369963369964,0.7950992730980689,4.384615384615385
3746,1560,1793.295067054505,128,158,0.050000000000000044,42,True,1560,233.29506705450427,1793.295067054505,99.36708860759494,0.8095372895734734,5.531645569620253
3747,2796,3066.288544839456,256,245,0.050000000000000044,42,True,2796,270.2885448394545,3066.288544839456,100.0,0.7793873604012754,5.383673469387755
3748,1716,1950.9520377263673,128,173,0.050000000000000044,42,True,1716,234.95203772636728,1950.9520377263673,99.42196531791907,0.7763108807547033,5.127167630057803
3749,2032,2263.1707776030316,128,187,0.050000000000000044,42,True,2032,231.1707776030326,2263.1707776030316,100.0,0.7944178171887223,5.278074866310161
3750,1320,1545.5966124989893,128,135,0.050000000000000044,42,True,1320,225.59661249898943,1545.5966124989893,98.51851851851852,0.7881587027930871,5.785185185185185
3751,2908,3163.6886835723426,256,250,0.050000000000000044,42,True,2908,255.6886835723452,3163.6886835723426,99.6,0.794520500953921,5.588
3752,1068,1301.0965766951942,128,117,0.050000000000000044,42,True,1068,233.0965766951942,1301.0965766951942,100.0,0.8193616524324893,5.863247863247863
3753,3132,3395.7246051759707,256,254,0.050000000000000044,42,True,3132,263.72460517597256,3395.7246051759707,100.0,0.7885020016081254,5.070866141732283
3754,3208,3466.2599346841703,256,265,0.050000000000000044,42,True,3208,258.2599346841698,3466.2599346841703,76.22641509433963,0.8079649450914975,3.6188679245283017
3755,4900,5197.316662311392,512,342,0.050000000000000044,42,True,4900,297.3166623113924,5197.316662311392,100.0,0.7787245861570725,4.891812865497076
3756,1336,1566.984862521805,128,137,0.050000000000000044,42,True,1336,230.98486252180456,1566.984862521805,97.81021897810218,0.8202768658619116,6.364963503649635
3757,5560,5856.92032127465,512,383,0.050000000000000044,42,True,5560,296.9203212746507,5856.92032127465,99.73890339425587,0.7978940282777099,4.224543080939948
3758,1324,1304.9318469323214,128,136,0.050000000000000044,42,True,1324,-19.0681530676787,1304.9318469323214,13.235294117647058,0.7208743974548854,3.963235294117647
3759,2888,3156.2628164300068,256,240,0.050000000000000044,42,True,2888,268.26281643000766,3156.2628164300068,100.0,0.8162108502783405,5.108333333333333
3760,1328,1559.8059484278274,128,138,0.050000000000000044,42,True,1328,231.80594842782764,1559.8059484278274,100.0,0.7714728492481098,5.239130434782608
3761,2892,3155.6109944309205,256,240,0.050000000000000044,42,True,2892,263.610994430921,3155.6109944309205,100.0,0.7816426830725879,4.7625
3762,2140,2362.499156651908,128,206,0.050000000000000044,42,True,2140,222.4991566519081,2362.499156651908,99.02912621359224,0.813956161215482,4.20873786407767
3763,2400,2665.1150961906346,256,202,0.050000000000000044,42,True,2400,265.11509619063384,2665.1150961906346,100.0,0.7937426036023613,4.534653465346534
3764,2820,3067.0488791305684,256,249,0.050000000000000044,42,True,2820,247.04887913057024,3067.0488791305684,94.77911646586345,0.8045116849031955,4.413654618473895
3765,2952,3217.3733695944848,256,243,0.050000000000000044,42,True,2952,265.37336959448544,3217.3733695944848,100.0,0.8066938280900477,4.958847736625515
3766,7392,7691.152112967546,512,515,0.050000000000000044,42,True,7392,299.1521129675518,7691.152112967546,99.80582524271844,0.836927761892561,3.858252427184466
3767,316,308.6118134695155,32,59,0.050000000000000044,42,True,316,-7.388186530484393,308.6118134695155,86.44067796610169,0.7954826684325712,5.406779661016949
3768,2444,2700.032686334825,256,212,0.050000000000000044,42,True,2444,256.0326863348255,2700.032686334825,99.05660377358491,0.8080848896759594,5.693396226415095
3769,2436,2685.8766231858517,256,206,0.050000000000000044,42,True,2436,249.87662318585112,2685.8766231858517,98.05825242718447,0.7994850786539782,5.281553398058253
3770,2216,2448.9949545078603,128,200,0.050000000000000044,42,True,2216,232.99495450785773,2448.9949545078603,100.0,0.8118107156638866,4.465
3771,1876,1825.751168803516,128,186,0.050000000000000044,42,True,1876,-50.248831196483735,1825.751168803516,65.59139784946237,0.7929793210894134,4.172043010752688
3772,4872,5103.41550119673,512,338,0.050000000000000044,42,True,4872,231.41550119672775,5103.41550119673,99.11242603550296,0.8117268374730497,4.769230769230769
3773,2804,3059.952953772404,256,233,0.050000000000000044,42,True,2804,255.9529537724036,3059.952953772404,99.57081545064378,0.8049699566361269,5.67381974248927
3774,664,865.9352556079716,64,88,0.050000000000000044,42,True,664,201.9352556079715,865.9352556079716,98.86363636363636,0.8346765377465283,7.056818181818182
3775,3160,3428.4925261449575,256,266,0.050000000000000044,42,True,3160,268.4925261449603,3428.4925261449575,99.62406015037594,0.8123305066224251,4.706766917293233
3776,1268,1493.7970208970994,128,129,0.050000000000000044,42,True,1268,225.7970208970994,1493.7970208970994,98.44961240310077,0.8011882185930482,6.72093023255814
3777,2688,2954.071361307745,256,233,0.050000000000000044,42,True,2688,266.071361307744,2954.071361307745,95.70815450643777,0.7946553057536517,5.15450643776824
3778,2040,2247.699840801006,128,191,0.050000000000000044,42,True,2040,207.6998408010068,2247.699840801006,98.42931937172774,0.8091852286395177,5.204188481675392
3779,2076,2302.9252971137516,128,196,0.050000000000000044,42,True,2076,226.92529711375212,2302.9252971137516,98.9795918367347,0.8435375813909293,3.9948979591836733
3780,1396,1628.6320635739285,128,143,0.050000000000000044,42,True,1396,232.63206357392818,1628.6320635739285,99.3006993006993,0.7845711366094931,6.391608391608392
3781,1372,1362.5807296445344,128,146,0.050000000000000044,42,True,1372,-9.419270355465532,1362.5807296445344,10.273972602739725,0.7462052321619104,4.0
3782,1464,1699.0259034110104,128,150,0.050000000000000044,42,True,1464,235.02590341100978,1699.0259034110104,97.33333333333333,0.8337139130330246,4.466666666666667
3783,336,327.0305652609626,32,57,0.050000000000000044,42,True,336,-8.969434739037395,327.0305652609626,42.10526315789474,0.710294319141778,5.807017543859649
3784,2092,2330.202591236291,128,199,0.050000000000000044,42,True,2092,238.20259123628986,2330.202591236291,100.0,0.8491715750111394,4.809045226130653
3785,1276,1510.9771598115296,128,130,0.050000000000000044,42,True,1276,234.9771598115293,1510.9771598115296,100.0,0.8124452438037714,6.392307692307693
3786,2336,2598.7215920280437,256,194,0.050000000000000044,42,True,2336,262.72159202804363,2598.7215920280437,100.0,0.8097513937308868,4.917525773195877
3787,3072,3327.324113726783,256,252,0.050000000000000044,42,True,3072,255.32411372678206,3327.324113726783,99.2063492063492,0.795219423032937,3.6944444444444446
3788,1912,2129.73478364953,128,182,0.050000000000000044,42,True,1912,217.7347836495302,2129.73478364953,97.25274725274726,0.8057216049901358,5.34065934065934
3789,964,1165.7433807946622,64,111,0.050000000000000044,42,True,964,201.7433807946625,1165.7433807946622,100.0,0.8037301443098918,4.990990990990991
3790,1368,1593.0046435913966,128,143,0.050000000000000044,42,True,1368,225.00464359139653,1593.0046435913966,98.6013986013986,0.8131048205167922,5.111888111888112
3791,4624,4912.160999040067,512,316,0.050000000000000044,42,True,4624,288.1609990400649,4912.160999040067,98.73417721518987,0.8162587289748039,4.579113924050633
3792,1504,1725.2814140063515,128,159,0.050000000000000044,42,True,1504,221.28141400635133,1725.2814140063515,99.37106918238993,0.8042685974668292,6.1069182389937104
3793,972,1163.3496769425171,128,103,0.050000000000000044,42,True,972,191.34967694251722,1163.3496769425171,100.0,0.7788556416507327,5.320388349514563
3794,2124,2355.7783411025557,128,199,0.050000000000000044,42,True,2124,231.77834110255685,2355.7783411025557,99.49748743718592,0.8389986002385753,4.814070351758794
3795,1756,1981.3334046856994,128,179,0.050000000000000044,42,True,1756,225.3334046856985,1981.3334046856994,98.88268156424581,0.8123174920682305,5.139664804469274
3796,5088,5376.195085516347,512,345,0.050000000000000044,42,True,5088,288.1950855163455,5376.195085516347,99.71014492753623,0.7871180067337173,4.643478260869565
3797,1340,1558.7817051973602,128,140,0.050000000000000044,42,True,1340,218.78170519735932,1558.7817051973602,97.85714285714286,0.7854961524934494,5.321428571428571
3798,1496,1479.0672564405018,128,152,0.050000000000000044,42,True,1496,-16.932743559498768,1479.0672564405018,85.52631578947368,0.8096645058169168,5.921052631578948
3799,756,748.0507094282146,64,99,0.050000000000000044,42,True,756,-7.949290571785477,748.0507094282146,72.72727272727273,0.8081094947988197,4.090909090909091
3800,3760,4025.73953856272,256,285,0.050000000000000044,42,True,3760,265.73953856271885,4025.73953856272,98.24561403508773,0.824593668438544,4.203508771929824
3801,2252,2510.3094404957183,256,184,0.050000000000000044,42,True,2252,258.3094404957172,2510.3094404957183,99.45652173913044,0.8005722828701818,4.858695652173913
3802,1284,1515.0597191323686,128,131,0.050000000000000044,42,True,1284,231.05971913236928,1515.0597191323686,100.0,0.8074745948872513,5.961832061068702
3803,1320,1551.9587349249105,128,136,0.050000000000000044,42,True,1320,231.95873492491123,1551.9587349249105,99.26470588235294,0.7957832904252896,5.794117647058823
3804,1192,1191.9664853526965,128,130,0.050000000000000044,42,True,1192,-0.03351464730370246,1191.9664853526965,0.0,0.6837411609248302,4.3538461538461535
3805,1572,1806.2574104382616,128,165,0.050000000000000044,42,True,1572,234.2574104382615,1806.2574104382616,100.0,0.7937793898700246,5.33939393939394
3806,260,207.09991915272056,32,49,0.050000000000000044,42,True,260,-52.90008084727949,207.09991915272056,2.0408163265306123,0.6517174165136419,6.857142857142857
3807,2100,2092.4610813634577,256,177,0.050000000000000044,42,True,2100,-7.538918636541727,2092.4610813634577,1.1299435028248588,0.6749779469369568,4.463276836158192
3808,980,1180.7385720773605,64,124,0.050000000000000044,42,True,980,200.7385720773601,1180.7385720773605,95.96774193548387,0.8164518367196725,4.298387096774194
3809,1292,1526.184194630633,128,130,0.050000000000000044,42,True,1292,234.18419463063347,1526.184194630633,93.07692307692308,0.8030756488786233,5.369230769230769
3810,2356,2620.7467624205337,256,198,0.050000000000000044,42,True,2356,264.74676242053215,2620.7467624205337,99.4949494949495,0.8152703216090331,4.883838383838384
3811,1964,2202.4055359180597,128,178,0.050000000000000044,42,True,1964,238.40553591806065,2202.4055359180597,100.0,0.7947488462361779,5.191011235955056
3812,2712,2976.2009225301194,256,217,0.050000000000000044,42,True,2712,264.20092253011944,2976.2009225301194,99.53917050691244,0.8245391555457261,4.852534562211981
3813,2772,3015.742169237962,256,224,0.050000000000000044,42,True,2772,243.7421692379617,3015.742169237962,97.32142857142857,0.7881025491685676,4.830357142857143
3814,1184,1417.3799882780495,128,128,0.050000000000000044,42,True,1184,233.3799882780496,1417.3799882780495,99.21875,0.7773785413018114,5.5
3815,2596,2861.9245954600456,256,218,0.050000000000000044,42,True,2596,265.9245954600441,2861.9245954600456,99.08256880733946,0.7930038020235555,4.770642201834862
3816,1864,2090.670287469826,128,181,0.050000000000000044,42,True,1864,226.67028746982663,2090.670287469826,87.84530386740332,0.8070642181638493,4.861878453038674
3817,1252,1435.1487753822212,128,130,0.050000000000000044,42,True,1252,183.14877538222188,1435.1487753822212,99.23076923076923,0.8068883606440211,6.676923076923077
3818,2644,2866.7514153018465,128,243,0.050000000000000044,42,True,2644,222.75141530184692,2866.7514153018465,93.82716049382717,0.8133760590798791,4.288065843621399
3819,6480,6780.7592429841225,512,443,0.050000000000000044,42,True,6480,300.75924298412065,6780.7592429841225,99.54853273137698,0.8087487592781047,3.9390519187358914
3820,1976,2241.362124521143,256,161,0.050000000000000044,42,True,1976,265.3621245211414,2241.362124521143,96.8944099378882,0.8183266977428187,6.118012422360248
3821,1032,1266.7999955765915,128,109,0.050000000000000044,42,True,1032,234.79999557659133,1266.7999955765915,92.66055045871559,0.8310281471322866,6.605504587155964
3822,1380,1614.5620388279963,128,140,0.050000000000000044,42,True,1380,234.56203882799628,1614.5620388279963,99.28571428571429,0.791930997851655,6.392857142857143
3823,1808,2040.5166706595826,128,174,0.050000000000000044,42,True,1808,232.51667065958276,2040.5166706595826,98.85057471264368,0.824939283259459,5.316091954022989
3824,1952,2162.536643402759,128,185,0.050000000000000044,42,True,1952,210.5366434027587,2162.536643402759,98.37837837837837,0.8239452943679524,5.151351351351352
3825,1652,1884.6959790004883,128,169,0.050000000000000044,42,True,1652,232.69597900048734,1884.6959790004883,100.0,0.8313384238071329,5.195266272189349
3826,2468,2736.391581703715,256,213,0.050000000000000044,42,True,2468,268.39158170371616,2736.391581703715,100.0,0.8321083915098358,5.046948356807512
3827,1380,1613.6253749957864,128,140,0.050000000000000044,42,True,1380,233.62537499578656,1613.6253749957864,99.28571428571429,0.8273541653856931,4.085714285714285
3828,3440,3649.992635698838,256,291,0.050000000000000044,42,True,3440,209.99263569883612,3649.992635698838,99.65635738831615,0.8402348178482494,4.1271477663230245
3829,972,968.6798747722623,64,117,0.050000000000000044,42,True,972,-3.3201252277376927,968.6798747722623,0.0,0.6655303955498287,5.239316239316239
3830,3096,3364.0050316586116,256,258,0.050000000000000044,42,True,3096,268.00503165861153,3364.0050316586116,99.6124031007752,0.8338424273955553,4.232558139534884
3831,1208,1199.7336256592664,128,128,0.050000000000000044,42,True,1208,-8.266374340733467,1199.7336256592664,14.0625,0.6613692473845917,5.703125
3832,1268,1269.3466320720254,128,134,0.050000000000000044,42,True,1268,1.3466320720249758,1269.3466320720254,0.0,0.6941907293331065,4.485074626865671
3833,668,869.2430274091759,64,92,0.050000000000000044,42,True,668,201.24302740917588,869.2430274091759,98.91304347826087,0.8044375070557327,6.195652173913044
3834,5384,5629.914716286102,512,378,0.050000000000000044,42,True,5384,245.91471628609906,5629.914716286102,89.15343915343915,0.8021894823998994,3.9708994708994707
3835,2212,2446.8313791573455,128,206,0.050000000000000044,42,True,2212,234.8313791573442,2446.8313791573455,100.0,0.8204331167225377,4.752427184466019
3836,1432,1660.741953702089,128,148,0.050000000000000044,42,True,1432,228.74195370208977,1660.741953702089,100.0,0.8086818425779094,5.662162162162162
3837,2916,3105.6383715991487,128,261,0.050000000000000044,42,True,2916,189.6383715991478,3105.6383715991487,100.0,0.82376871647719,3.9616858237547894
3838,1552,1776.7628575651534,128,161,0.050000000000000044,42,True,1552,224.7628575651522,1776.7628575651534,98.75776397515529,0.8129747552430212,4.273291925465839
3839,1236,1471.095230726501,128,138,0.050000000000000044,42,True,1236,235.0952307265008,1471.095230726501,99.27536231884058,0.8242135072379857,5.681159420289855
3840,2108,2365.837548054355,256,180,0.050000000000000044,42,True,2108,257.83754805435564,2365.837548054355,99.44444444444444,0.8089419308591764,5.977777777777778
3841,1584,1584.5700460829498,128,167,0.050000000000000044,42,True,1584,0.5700460829493093,1584.5700460829498,0.0,0.7325527514659957,3.562874251497006
3842,1968,2197.5947733270305,128,186,0.050000000000000044,42,True,1968,229.59477332703142,2197.5947733270305,100.0,0.8159912213422443,5.010752688172043
3843,3076,3334.4189364915305,256,255,0.050000000000000044,42,True,3076,258.41893649153076,3334.4189364915305,99.6078431372549,0.8030634320970128,4.584313725490196
3844,3228,3489.9787866295655,256,265,0.050000000000000044,42,True,3228,261.9787866295647,3489.9787866295655,99.62264150943396,0.8089406080700955,4.392452830188679
3845,3220,3486.2717949272674,256,270,0.050000000000000044,42,True,3220,266.2717949272697,3486.2717949272674,99.62962962962963,0.8027945935644586,4.666666666666667
3846,3308,3531.572203616391,256,274,0.050000000000000044,42,True,3308,223.5722036163928,3531.572203616391,100.0,0.8171408512368876,4.2299270072992705
3847,2996,3261.504012162305,256,240,0.050000000000000044,42,True,2996,265.50401216230387,3261.504012162305,99.16666666666667,0.7947464431022446,4.141666666666667
3848,3128,3348.4888817494175,256,264,0.050000000000000044,42,True,3128,220.48888174941743,3348.4888817494175,100.0,0.8207470933107573,4.428030303030303
3849,1400,1615.4014501331753,128,143,0.050000000000000044,42,True,1400,215.4014501331755,1615.4014501331753,97.9020979020979,0.8075270068033059,4.895104895104895
3850,5344,5641.288739600992,512,370,0.050000000000000044,42,True,5344,297.2887396009886,5641.288739600992,100.0,0.8260774346903299,4.02972972972973
3851,2080,2312.2813358285316,128,193,0.050000000000000044,42,True,2080,232.2813358285314,2312.2813358285316,100.0,0.8294375654214807,4.046632124352332
3852,1368,1357.3996088144524,128,143,0.050000000000000044,42,True,1368,-10.600391185547762,1357.3996088144524,38.46153846153846,0.7671804717941106,3.5874125874125875
3853,5700,5989.019097694999,512,402,0.050000000000000044,42,True,5700,289.01909769500185,5989.019097694999,99.75124378109453,0.823394639480447,4.034825870646766
3854,980,980.3214560612572,128,104,0.050000000000000044,42,True,980,0.3214560612573365,980.3214560612572,0.0,0.6745173719389965,6.0673076923076925
3855,1404,1400.073748987078,128,145,0.050000000000000044,42,True,1404,-3.9262510129213943,1400.073748987078,15.862068965517242,0.7186923896513463,3.8482758620689657
3856,2628,2868.8233626588476,256,232,0.050000000000000044,42,True,2628,240.82336265884652,2868.8233626588476,94.82758620689656,0.8187105860336401,4.7155172413793105
3857,3264,3528.0322067822394,256,268,0.050000000000000044,42,True,3264,264.0322067822407,3528.0322067822394,100.0,0.8301180302162463,4.436567164179104
3858,1664,1895.833432336301,128,169,0.050000000000000044,42,True,1664,231.833432336301,1895.833432336301,99.40828402366864,0.8124135567467672,5.313609467455621
3859,2356,2533.7384754990944,256,199,0.050000000000000044,42,True,2356,177.73847549909254,2533.7384754990944,98.49246231155779,0.8054263850370736,5.165829145728643
3860,5264,5477.816038643451,256,401,0.050000000000000044,42,True,5264,213.81603864345195,5477.816038643451,99.75062344139651,0.8132854388937426,3.8329177057356607
3861,3920,4174.08063660018,256,300,0.050000000000000044,42,True,3920,254.08063660017947,4174.08063660018,95.66666666666667,0.8157187468885336,3.9433333333333334
3862,1180,1410.764442956085,128,118,0.050000000000000044,42,True,1180,230.7644429560852,1410.764442956085,97.45762711864407,0.7938669099921475,5.593220338983051
3863,1420,1411.374638756541,128,140,0.050000000000000044,42,True,1420,-8.625361243458581,1411.374638756541,42.857142857142854,0.7533951785291508,4.835714285714285
3864,588,581.0196738745124,64,81,0.050000000000000044,42,True,588,-6.9803261254873945,581.0196738745124,92.5925925925926,0.8382207335685558,5.2592592592592595
3865,4504,4725.967937930427,256,353,0.050000000000000044,42,True,4504,221.96793793042855,4725.967937930427,100.0,0.8160864627219718,4.201133144475921
3866,5196,5493.706763535503,512,353,0.050000000000000044,42,True,5196,297.7067635355069,5493.706763535503,99.15014164305948,0.8226086312152149,4.257790368271955
3867,2208,2462.726280985234,256,182,0.050000000000000044,42,True,2208,254.7262809852345,2462.726280985234,92.85714285714286,0.8142094233878376,5.884615384615385
3868,2568,2828.361189836557,256,222,0.050000000000000044,42,True,2568,260.3611898365564,2828.361189836557,99.09909909909909,0.7888048656398964,4.333333333333333
3869,604,806.6936188140605,64,84,0.050000000000000044,42,True,604,202.69361881406024,806.6936188140605,100.0,0.7747214062587973,6.333333333333333
3870,2828,3077.9684154555102,256,235,0.050000000000000044,42,True,2828,249.96841545551226,3077.9684154555102,94.04255319148936,0.7951592259741106,4.472340425531915
3871,2448,2674.2988618394274,128,228,0.050000000000000044,42,True,2448,226.29886183942656,2674.2988618394274,99.12280701754386,0.8164893820884347,4.175438596491228
3872,992,990.2470244826072,64,119,0.050000000000000044,42,True,992,-1.7529755173929598,990.2470244826072,0.0,0.6899862944154335,4.34453781512605
3873,760,750.2210689385821,64,98,0.050000000000000044,42,True,760,-9.778931061417806,750.2210689385821,16.3265306122449,0.71842989436225,5.224489795918367
3874,3244,3492.420024551349,256,274,0.050000000000000044,42,True,3244,248.4200245513499,3492.420024551349,99.27007299270073,0.8144960563428938,4.397810218978102
3875,3544,3810.201635898911,256,291,0.050000000000000044,42,True,3544,266.2016358989082,3810.201635898911,100.0,0.8334923904670333,3.2371134020618557
3876,2412,2667.3215815015687,256,204,0.050000000000000044,42,True,2412,255.32158150157005,2667.3215815015687,88.72549019607843,0.7720789875743015,3.803921568627451
3877,692,685.0193071666931,64,91,0.050000000000000044,42,True,692,-6.9806928333068665,685.0193071666931,41.75824175824176,0.7537498506782193,4.582417582417582
3878,1336,1560.7333482193164,128,140,0.050000000000000044,42,True,1336,224.73334821931644,1560.7333482193164,97.85714285714286,0.7744767510517351,6.6
3879,2760,3022.3068546851,256,237,0.050000000000000044,42,True,2760,262.30685468509984,3022.3068546851,99.57805907172995,0.7919657300989321,4.729957805907173
3880,1424,1648.109487055669,128,146,0.050000000000000044,42,True,1424,224.1094870556684,1648.109487055669,99.31506849315069,0.7953409939120762,6.342465753424658
3881,2524,2785.209200882376,256,215,0.050000000000000044,42,True,2524,261.2092008823738,2785.209200882376,99.06976744186046,0.8125910963806977,4.665116279069768
3882,3116,3343.145782487592,128,274,0.050000000000000044,42,True,3116,227.14578248759005,3343.145782487592,99.63503649635037,0.8290647698237148,3.1751824817518246
3883,728,921.9259183292934,64,94,0.050000000000000044,42,True,728,193.9259183292933,921.9259183292934,97.87234042553192,0.7940993632885279,6.031914893617022
3884,2804,3060.3278309504126,256,229,0.050000000000000044,42,True,2804,256.32783095041157,3060.3278309504126,99.56331877729258,0.7802226632814729,5.646288209606987
3885,1340,1573.6202476769708,128,138,0.050000000000000044,42,True,1340,233.62024767697102,1573.6202476769708,100.0,0.810044276394979,6.543478260869565
3886,1388,1578.9337680164704,128,143,0.050000000000000044,42,True,1388,190.9337680164722,1578.9337680164704,100.0,0.816904831979991,5.979020979020979
3887,2740,2995.961748554023,256,238,0.050000000000000044,42,True,2740,255.9617485540216,2995.961748554023,96.21848739495799,0.7713332192709413,4.605042016806722
3888,3152,3093.878572272582,256,263,0.050000000000000044,42,True,3152,-58.121427727418514,3093.878572272582,90.8745247148289,0.8081574157522179,4.638783269961977
3889,3920,4165.153983172068,256,309,0.050000000000000044,42,True,3920,245.15398317207018,4165.153983172068,50.80906148867314,0.7702041154954691,3.8576051779935274
3890,2904,3153.097792123457,256,232,0.050000000000000044,42,True,2904,249.0977921234577,3153.097792123457,98.70689655172414,0.8301690093575549,4.732758620689655
3891,2816,2999.01152471892,128,249,0.050000000000000044,42,True,2816,183.0115247189195,2999.01152471892,99.59839357429719,0.8052917228694404,3.923694779116466
3892,1332,1551.5071256620122,128,138,0.050000000000000044,42,True,1332,219.50712566201253,1551.5071256620122,97.82608695652173,0.8353030971442714,5.818840579710145
3893,1920,2187.8234182229758,256,155,0.050000000000000044,42,True,1920,267.8234182229768,2187.8234182229758,100.0,0.8205460812618591,6.541935483870968
3894,724,704.8047726307914,64,98,0.050000000000000044,42,True,724,-19.195227369209086,704.8047726307914,69.38775510204081,0.7719167920842341,5.051020408163265
3895,1376,1587.2589187016379,128,146,0.050000000000000044,42,True,1376,211.25891870163804,1587.2589187016379,97.26027397260275,0.7869464725434976,6.068493150684931
3896,2920,3183.6158192944026,256,233,0.050000000000000044,42,True,2920,263.61581929440206,3183.6158192944026,99.57081545064378,0.7752653946182871,4.630901287553648
3897,3192,3432.4744474938825,256,266,0.050000000000000044,42,True,3192,240.47444749388296,3432.4744474938825,98.87218045112782,0.7899624090752803,4.830827067669173
3898,1504,1736.2751833923176,128,155,0.050000000000000044,42,True,1504,232.27518339231722,1736.2751833923176,100.0,0.7700746282431817,5.361290322580645
3899,2616,2880.6840472979975,256,226,0.050000000000000044,42,True,2616,264.6840472979981,2880.6840472979975,99.11504424778761,0.7975182165567081,4.902654867256637
3900,1428,1429.2876177834767,128,147,0.050000000000000044,42,True,1428,1.2876177834761293,1429.2876177834767,0.0,0.7113767893223631,3.857142857142857
3901,3072,3285.6118101839525,256,253,0.050000000000000044,42,True,3072,213.61181018395095,3285.6118101839525,99.60474308300395,0.8244522556055803,3.549407114624506
3902,3952,4164.6665002686495,256,297,0.050000000000000044,42,True,3952,212.6665002686484,4164.6665002686495,99.66329966329967,0.8308834578367891,3.508417508417508
3903,660,855.0299323896686,64,92,0.050000000000000044,42,True,660,195.02993238966857,855.0299323896686,98.91304347826087,0.821588534120728,5.717391304347826
3904,3072,3335.5966386587743,256,249,0.050000000000000044,42,True,3072,263.5966386587731,3335.5966386587743,100.0,0.8138101463124197,5.092369477911647
3905,2268,2493.6075173228805,128,214,0.050000000000000044,42,True,2268,225.60751732288102,2493.6075173228805,84.11214953271028,0.8235024387606972,2.94392523364486
3906,3544,3797.661461250066,256,304,0.050000000000000044,42,True,3544,253.6614612500647,3797.661461250066,99.67105263157895,0.8383773403508953,4.144736842105263
3907,2220,2446.8903648790033,128,211,0.050000000000000044,42,True,2220,226.8903648790044,2446.8903648790033,88.15165876777252,0.8136675015788883,4.672985781990521
3908,1556,1782.2970032963728,128,157,0.050000000000000044,42,True,1556,226.29700329637396,1782.2970032963728,98.72611464968153,0.812413696149928,4.7006369426751595
3909,536,526.1894080910032,64,73,0.050000000000000044,42,True,536,-9.810591908997123,526.1894080910032,79.45205479452055,0.7823617485682866,5.315068493150685
3910,2872,3139.2406061290158,256,239,0.050000000000000044,42,True,2872,267.24060612901405,3139.2406061290158,99.16317991631799,0.8005878928012342,4.2887029288702925
3911,2612,2835.258887644507,256,208,0.050000000000000044,42,True,2612,223.25888764450644,2835.258887644507,100.0,0.7962742553453623,4.9326923076923075
3912,1232,1422.515724822757,128,127,0.050000000000000044,42,True,1232,190.51572482275594,1422.515724822757,100.0,0.7982926350585493,5.9763779527559056
3913,2824,3080.3457708106416,256,229,0.050000000000000044,42,True,2824,256.34577081063964,3080.3457708106416,99.12663755458516,0.8269981443182713,4.5895196506550215
3914,2164,2389.3896996854305,128,220,0.050000000000000044,42,True,2164,225.38969968543097,2389.3896996854305,99.0909090909091,0.805196574886132,4.277272727272727
3915,1868,2100.282557933109,128,177,0.050000000000000044,42,True,1868,232.28255793310933,2100.282557933109,100.0,0.7985687906861278,5.135593220338983
3916,2344,2329.5532258064522,256,196,0.050000000000000044,42,True,2344,-14.446774193548366,2329.5532258064522,82.14285714285714,0.7617365310421549,4.903061224489796
3917,1116,1115.996002979503,128,124,0.050000000000000044,42,True,1116,-0.003997020496433024,1115.996002979503,0.0,0.6620249362346539,3.435483870967742
3918,3632,3890.685791472746,256,300,0.050000000000000044,42,True,3632,258.68579147274386,3890.685791472746,97.33333333333333,0.8065999485600452,4.076666666666667
3919,6108,6402.241349933526,512,408,0.050000000000000044,42,True,6108,294.24134993352567,6402.241349933526,99.75490196078431,0.7918679304421194,4.333333333333333
3920,3624,3844.522290960866,256,294,0.050000000000000044,42,True,3624,220.52229096086808,3844.522290960866,100.0,0.7995718916825177,4.35374149659864
3921,2896,3161.0738870368737,256,231,0.050000000000000044,42,True,2896,265.0738870368764,3161.0738870368737,100.0,0.7904879597783336,4.662337662337662
3922,5744,6031.930280703412,512,408,0.050000000000000044,42,True,5744,287.9302807034116,6031.930280703412,99.75490196078431,0.7818868531665851,4.208333333333333
3923,2116,2342.8732346974357,128,197,0.050000000000000044,42,True,2116,226.87323469743635,2342.8732346974357,98.98477157360406,0.798727854017622,4.548223350253807
3924,1108,1333.82965877482,128,122,0.050000000000000044,42,True,1108,225.82965877482007,1333.82965877482,98.36065573770492,0.8129534801714985,5.467213114754099
3925,3248,3507.8307699479756,256,275,0.050000000000000044,42,True,3248,259.830769947974,3507.8307699479756,98.54545454545455,0.7770721612741168,5.534545454545454
3926,2316,2489.181340180975,256,193,0.050000000000000044,42,True,2316,173.18134018097336,2489.181340180975,98.96373056994818,0.8105969233066098,5.238341968911917
3927,3192,3183.342461617068,256,266,0.050000000000000044,42,True,3192,-8.65753838293212,3183.342461617068,91.35338345864662,0.7844257459251626,5.2443609022556394
3928,6260,6555.937393887944,512,415,0.050000000000000044,42,True,6260,295.93739388794563,6555.937393887944,99.75903614457832,0.8022765182238139,4.366265060240964
3929,2680,2614.505376344085,256,215,0.050000000000000044,42,True,2680,-65.49462365591398,2614.505376344085,70.23255813953489,0.7629127976511889,5.125581395348838
3930,2440,2700.7075435957418,256,206,0.050000000000000044,42,True,2440,260.7075435957435,2700.7075435957418,98.54368932038835,0.7956178637432005,6.087378640776699
3931,572,742.8925916066922,32,90,0.050000000000000044,42,True,572,170.89259160669204,742.8925916066922,60.0,0.7421490385010598,4.777777777777778
3932,3172,3437.5928093929215,256,262,0.050000000000000044,42,True,3172,265.59280939292137,3437.5928093929215,99.23664122137404,0.7965087894877769,4.229007633587786
3933,2052,2036.3757671020214,128,191,0.050000000000000044,42,True,2052,-15.624232897979194,2036.3757671020214,93.717277486911,0.8094469196487408,4.7539267015706805
3934,1456,1685.2265413475682,128,153,0.050000000000000044,42,True,1456,229.22654134756712,1685.2265413475682,100.0,0.8011775227762264,5.313725490196078
3935,2800,2801.505736666101,256,243,0.050000000000000044,42,True,2800,1.5057366661007663,2801.505736666101,0.0,0.6949838317839979,3.42798353909465
3936,6324,6610.530447467787,512,430,0.050000000000000044,42,True,6324,286.53044746778545,6610.530447467787,98.83720930232558,0.7976099825002313,4.3604651162790695
3937,2924,3181.467677612322,256,237,0.050000000000000044,42,True,2924,257.46767761232434,3181.467677612322,99.57805907172995,0.7962538394199972,4.767932489451477
3938,3392,3649.4298387096774,256,285,0.050000000000000044,42,True,3392,257.42983870967737,3649.4298387096774,99.64912280701755,0.8302355502732752,4.049122807017544
3939,2840,3103.8998834684007,256,231,0.050000000000000044,42,True,2840,263.899883468404,3103.8998834684007,100.0,0.7815325146485795,4.822510822510822
3940,2764,3007.0440564837727,256,225,0.050000000000000044,42,True,2764,243.0440564837709,3007.0440564837727,98.22222222222223,0.785068530277996,5.253333333333333
3941,2808,3067.9820823601203,256,227,0.050000000000000044,42,True,2808,259.98208236012033,3067.9820823601203,99.11894273127753,0.8011685957365923,5.259911894273127
3942,4904,5195.336135430299,512,344,0.050000000000000044,42,True,4904,291.33613543030344,5195.336135430299,97.67441860465117,0.8032886703012767,4.712209302325581
3943,908,1104.6466805896578,64,113,0.050000000000000044,42,True,908,196.64668058965748,1104.6466805896578,99.11504424778761,0.7853129791518881,5.68141592920354
3944,2548,2770.445015238006,256,214,0.050000000000000044,42,True,2548,222.44501523800466,2770.445015238006,100.0,0.7537840944825576,5.429906542056075
3945,3312,3573.2591783081807,256,270,0.050000000000000044,42,True,3312,261.259178308183,3573.2591783081807,99.62962962962963,0.7750805667034144,4.837037037037037
3946,1428,1661.9279537320895,128,149,0.050000000000000044,42,True,1428,233.92795373209074,1661.9279537320895,99.32885906040268,0.7655757677296132,6.053691275167785
3947,3128,3387.062790958308,256,255,0.050000000000000044,42,True,3128,259.0627909583089,3387.062790958308,99.2156862745098,0.811383548779512,4.301960784313725
3948,3136,3393.257145650047,256,264,0.050000000000000044,42,True,3136,257.25714565004887,3393.257145650047,99.24242424242425,0.770943298380586,5.015151515151516
3949,596,596.6764023210833,64,82,0.050000000000000044,42,True,596,0.676402321083172,596.6764023210833,0.0,0.7150676412712018,5.621951219512195
3950,1416,1649.5600515625986,128,147,0.050000000000000044,42,True,1416,233.56005156259826,1649.5600515625986,100.0,0.8209437543504593,5.326530612244898
3951,2488,2755.4336075687606,256,214,0.050000000000000044,42,True,2488,267.43360756875956,2755.4336075687606,100.0,0.8085264879312949,5.574766355140187
3952,1520,1745.638765053954,128,160,0.050000000000000044,42,True,1520,225.63876505395513,1745.638765053954,99.375,0.8149229240322929,6.25
3953,1376,1606.2458893412186,128,144,0.050000000000000044,42,True,1376,230.24588934121923,1606.2458893412186,100.0,0.7935788919641111,5.215277777777778
3954,3168,3435.4204363707963,256,261,0.050000000000000044,42,True,3168,267.4204363707944,3435.4204363707963,99.61685823754789,0.802365592413368,4.8773946360153255
3955,4604,4818.37412258373,256,351,0.050000000000000044,42,True,4604,214.37412258373055,4818.37412258373,99.71509971509971,0.7925235374494914,4.071225071225071
3956,2592,2856.1142126866607,256,224,0.050000000000000044,42,True,2592,264.1142126866612,2856.1142126866607,100.0,0.7895281152010887,5.660714285714286
3957,3152,3369.9725459121855,256,264,0.050000000000000044,42,True,3152,217.97254591218422,3369.9725459121855,100.0,0.8065245105443724,4.871212121212121
3958,3224,3481.6892000102766,256,261,0.050000000000000044,42,True,3224,257.6892000102753,3481.6892000102766,99.61685823754789,0.8001145691411615,4.440613026819923
3959,3336,3602.388353778585,256,285,0.050000000000000044,42,True,3336,266.38835377858555,3602.388353778585,99.64912280701755,0.7938123520709404,5.0701754385964914
3960,1720,1706.1806703215207,128,177,0.050000000000000044,42,True,1720,-13.819329678478734,1706.1806703215207,61.5819209039548,0.801515373739573,5.073446327683616
3961,680,880.5588442169694,64,89,0.050000000000000044,42,True,680,200.55884421696933,880.5588442169694,100.0,0.7882937314797861,6.831460674157303
3962,2736,2971.9655184158055,256,233,0.050000000000000044,42,True,2736,235.96551841580305,2971.9655184158055,97.85407725321889,0.7874259145325634,5.437768240343348
3963,1244,1460.215138372921,128,129,0.050000000000000044,42,True,1244,216.21513837292045,1460.215138372921,97.67441860465117,0.794544071039912,5.534883720930233
3964,2324,2557.974320961191,128,215,0.050000000000000044,42,True,2324,233.97432096119266,2557.974320961191,99.53488372093024,0.810155175619206,4.767441860465116
3965,5408,5697.308678599325,512,380,0.050000000000000044,42,True,5408,289.3086785993253,5697.308678599325,99.73684210526316,0.8051541241386129,4.1421052631578945
3966,3112,3375.72119437264,256,258,0.050000000000000044,42,True,3112,263.7211943726404,3375.72119437264,100.0,0.7728629760358144,5.209302325581396
3967,3356,3615.680236822567,256,275,0.050000000000000044,42,True,3356,259.6802368225681,3615.680236822567,99.63636363636364,0.8138107809386342,4.552727272727273
3968,1660,1885.029736031071,128,170,0.050000000000000044,42,True,1660,225.02973603106983,1885.029736031071,98.82352941176471,0.787941345189627,5.58235294117647
3969,2936,3185.7064787622353,256,236,0.050000000000000044,42,True,2936,249.7064787622354,3185.7064787622353,99.15254237288136,0.8124135267064061,4.36864406779661
3970,3168,3432.5846120491733,256,260,0.050000000000000044,42,True,3168,264.5846120491735,3432.5846120491733,100.0,0.7983555560252173,4.05
3971,6848,7100.394806803692,512,465,0.050000000000000044,42,True,6848,252.39480680368507,7100.394806803692,100.0,0.8155273928376114,4.075268817204301
3972,3172,3437.4635343618515,256,260,0.050000000000000044,42,True,3172,265.4635343618514,3437.4635343618515,100.0,0.8183047569760564,4.4423076923076925
3973,5288,5575.873979044631,512,359,0.050000000000000044,42,True,5288,287.8739790446333,5575.873979044631,99.44289693593315,0.7684387447493947,4.172701949860724
3974,4352,4647.405167594583,512,294,0.050000000000000044,42,True,4352,295.40516759458234,4647.405167594583,100.0,0.7991060315264922,4.51360544217687
3975,2004,2262.270884928631,256,164,0.050000000000000044,42,True,2004,258.2708849286306,2262.270884928631,98.78048780487805,0.7942451227945729,4.560975609756097
3976,836,828.4405222734251,64,110,0.050000000000000044,42,True,836,-7.559477726574471,828.4405222734251,29.09090909090909,0.7661825061415739,3.9363636363636365
3977,3208,3466.1138693193616,256,266,0.050000000000000044,42,True,3208,258.1138693193627,3466.1138693193616,99.24812030075188,0.8266240523908577,4.635338345864661
3978,2604,2779.2444897711575,256,228,0.050000000000000044,42,True,2604,175.2444897711591,2779.2444897711575,99.12280701754386,0.8411442670890241,4.973684210526316
3979,2292,2550.086898843849,256,188,0.050000000000000044,42,True,2292,258.08689884384853,2550.086898843849,97.34042553191489,0.8037409527199748,6.058510638297872
3980,2888,3154.902849925285,256,238,0.050000000000000044,42,True,2888,266.90284992528285,3154.902849925285,94.53781512605042,0.790652986773324,5.294117647058823
3981,2868,3133.8460701484864,256,238,0.050000000000000044,42,True,2868,265.84607014848945,3133.8460701484864,99.15966386554622,0.7969150557464599,5.264705882352941
3982,3172,3432.0985515333573,256,262,0.050000000000000044,42,True,3172,260.0985515333563,3432.0985515333573,99.23664122137404,0.8059325942071969,5.229007633587786
3983,5228,5527.17798348633,512,360,0.050000000000000044,42,True,5228,299.17798348633266,5527.17798348633,100.0,0.7902131773651162,4.6722222222222225
3984,1276,1492.4788676531725,128,136,0.050000000000000044,42,True,1276,216.47886765317241,1492.4788676531725,98.52941176470588,0.800385961871999,5.786764705882353
3985,3068,3325.2061369000776,256,258,0.050000000000000044,42,True,3068,257.20613690007866,3325.2061369000776,98.06201550387597,0.7701753880607468,4.60077519379845
3986,6592,6540.499030024572,512,445,0.050000000000000044,42,True,6592,-51.50096997543153,6540.499030024572,82.02247191011236,0.8015835474327861,3.4853932584269662
3987,1772,1999.4771895612328,128,168,0.050000000000000044,42,True,1772,227.47718956123313,1999.4771895612328,98.80952380952381,0.7818679355265662,5.773809523809524
3988,2652,2868.43249305704,128,229,0.050000000000000044,42,True,2652,216.4324930570391,2868.43249305704,99.12663755458516,0.742341062170033,3.7685589519650655
3989,3196,3461.289873920947,256,266,0.050000000000000044,42,True,3196,265.289873920945,3461.289873920947,99.62406015037594,0.8021140994181175,4.7593984962406015
3990,1416,1649.0860577969952,128,148,0.050000000000000044,42,True,1416,233.08605779699505,1649.0860577969952,99.32432432432432,0.7902254291741524,5.4391891891891895
3991,1480,1714.8083798145906,128,154,0.050000000000000044,42,True,1480,234.808379814591,1714.8083798145906,99.35064935064935,0.8105046645620807,5.305194805194805
3992,4604,4893.894728490257,512,314,0.050000000000000044,42,True,4604,289.8947284902569,4893.894728490257,99.36305732484077,0.7729966530722117,4.974522292993631
3993,2496,2752.842136756785,256,216,0.050000000000000044,42,True,2496,256.8421367567862,2752.842136756785,99.53703703703704,0.8003578617067847,4.287037037037037
3994,2768,3035.2954622117295,256,232,0.050000000000000044,42,True,2768,267.29546221172797,3035.2954622117295,100.0,0.7764820514653545,4.543103448275862
3995,3388,3655.2976780461413,256,283,0.050000000000000044,42,True,3388,267.29767804613994,3655.2976780461413,99.64664310954063,0.7767605810338869,4.363957597173145
3996,2340,2599.1822872602133,256,194,0.050000000000000044,42,True,2340,259.18228726021135,2599.1822872602133,99.48453608247422,0.7880193815663209,5.221649484536083
3997,2860,3127.361062556281,256,236,0.050000000000000044,42,True,2860,267.3610625562794,3127.361062556281,99.57627118644068,0.7992665780980746,4.822033898305085
3998,2492,2710.0176916350897,128,234,0.050000000000000044,42,True,2492,218.0176916350918,2710.0176916350897,94.87179487179488,0.7810157187626066,3.6324786324786325
3999,2432,2680.6778082818582,256,206,0.050000000000000044,42,True,2432,248.67780828185766,2680.6778082818582,98.54368932038835,0.798756065794474,5.563106796116505
4000,3912,4169.582673574189,256,324,0.050000000000000044,42,True,3912,257.5826735741895,4169.582673574189,99.38271604938272,0.7981049100668611,3.6512345679012346
4001,3168,3424.0638260511646,256,261,0.050000000000000044,42,True,3168,256.0638260511664,3424.0638260511646,99.61685823754789,0.7728349266249958,4.716475095785441
4002,440,610.735321738218,32,73,0.050000000000000044,42,True,440,170.73532173821775,610.735321738218,98.63013698630137,0.7393974380563836,6.178082191780822
4003,1860,2091.2443758936092,128,169,0.050000000000000044,42,True,1860,231.24437589360912,2091.2443758936092,100.0,0.7891682293011292,4.863905325443787
4004,2940,3205.951349609146,256,241,0.050000000000000044,42,True,2940,265.9513496091445,3205.951349609146,99.5850622406639,0.7831292467481331,4.954356846473029
4005,2052,2285.3647726041263,128,190,0.050000000000000044,42,True,2052,233.36477260412525,2285.3647726041263,99.47368421052632,0.8124954338746495,4.08421052631579
4006,2604,2861.375624123421,256,220,0.050000000000000044,42,True,2604,257.3756241234222,2861.375624123421,98.63636363636364,0.7904919652535758,5.127272727272727
4007,4200,4447.654472926312,256,326,0.050000000000000044,42,True,4200,247.65447292630995,4447.654472926312,97.85276073619632,0.8151405899403757,4.337423312883436
4008,3024,3285.377807477103,256,244,0.050000000000000044,42,True,3024,261.3778074771018,3285.377807477103,99.59016393442623,0.8004595127803494,4.577868852459017
4009,1144,1345.4082517420252,64,137,0.050000000000000044,42,True,1144,201.4082517420245,1345.4082517420252,100.0,0.8122326852775676,5.029197080291971
4010,1184,1416.75969778229,128,129,0.050000000000000044,42,True,1184,232.75969778229114,1416.75969778229,99.2248062015504,0.7991847940450643,5.775193798449612
4011,1428,1656.1697648988525,128,145,0.050000000000000044,42,True,1428,228.16976489885184,1656.1697648988525,99.3103448275862,0.7972072014703777,4.820689655172414
4012,3848,4104.203953113914,256,291,0.050000000000000044,42,True,3848,256.203953113913,4104.203953113914,99.3127147766323,0.7836155004975309,4.769759450171821
4013,1364,1599.5093269173644,128,142,0.050000000000000044,42,True,1364,235.50932691736472,1599.5093269173644,99.29577464788733,0.8061125538554051,5.929577464788732
4014,2796,3010.449121426698,256,228,0.050000000000000044,42,True,2796,214.44912142669816,3010.449121426698,98.6842105263158,0.8259393106056132,4.56140350877193
4015,1036,1259.2876659130761,128,110,0.050000000000000044,42,True,1036,223.28766591307655,1259.2876659130761,99.0909090909091,0.8122257496264474,6.672727272727273
4016,5304,5295.954072593881,512,373,0.050000000000000044,42,True,5304,-8.045927406120542,5295.954072593881,74.53083109919571,0.7715397798289112,4.02680965147453
4017,3500,3758.2887194521763,256,295,0.050000000000000044,42,True,3500,258.2887194521776,3758.2887194521763,99.32203389830508,0.7651375026665802,5.277966101694915
4018,2556,2813.1653771760157,256,220,0.050000000000000044,42,True,2556,257.16537717601545,2813.1653771760157,99.0909090909091,0.8116982503287736,5.509090909090909
4019,1388,1334.7967495314201,128,140,0.050000000000000044,42,True,1388,-53.20325046858045,1334.7967495314201,35.0,0.6971828847090373,5.128571428571429
4020,1452,1681.3410693184178,128,151,0.050000000000000044,42,True,1452,229.34106931841816,1681.3410693184178,100.0,0.7839910060007875,5.132450331125828
4021,1716,1940.3283085517128,128,160,0.050000000000000044,42,True,1716,224.32830855171275,1940.3283085517128,98.75,0.7926470873495564,5.575
4022,2484,2665.721996927805,128,233,0.050000000000000044,42,True,2484,181.7219969278034,2665.721996927805,99.57081545064378,0.8252908532566077,3.9871244635193133
4023,3012,3278.8157530608837,256,243,0.050000000000000044,42,True,3012,266.81575306088223,3278.8157530608837,99.58847736625515,0.8134149663762424,3.794238683127572
4024,3152,3409.2845866148823,256,265,0.050000000000000044,42,True,3152,257.2845866148811,3409.2845866148823,99.62264150943396,0.8030788678750596,4.70566037735849
4025,5004,5249.234016370713,512,337,0.050000000000000044,42,True,5004,245.2340163707102,5249.234016370713,98.21958456973294,0.8293275140983244,4.225519287833828
4026,3128,3395.418737376944,256,262,0.050000000000000044,42,True,3128,267.41873737694505,3395.418737376944,99.61832061068702,0.7809407442771267,4.980916030534351
4027,1456,1449.921347091061,128,153,0.050000000000000044,42,True,1456,-6.0786529089383805,1449.921347091061,89.54248366013071,0.7782104354159939,5.96078431372549
4028,5376,5662.841041950626,512,373,0.050000000000000044,42,True,5376,286.8410419506285,5662.841041950626,99.46380697050938,0.8233859184020578,3.871313672922252
4029,2660,2922.9916763681554,256,229,0.050000000000000044,42,True,2660,262.99167636815554,2922.9916763681554,100.0,0.7838373215086943,4.253275109170306
4030,1136,1121.0591339529797,128,123,0.050000000000000044,42,True,1136,-14.940866047020233,1121.0591339529797,46.34146341463415,0.7522587716088033,5.308943089430894
4031,3980,4246.547682769079,256,307,0.050000000000000044,42,True,3980,266.54768276907976,4246.547682769079,99.3485342019544,0.7872240105063455,4.527687296416938
4032,2336,2605.329569808976,256,197,0.050000000000000044,42,True,2336,269.3295698089766,2605.329569808976,98.98477157360406,0.7957920167032716,4.385786802030457
4033,4568,4866.272232936677,512,308,0.050000000000000044,42,True,4568,298.27223293667623,4866.272232936677,99.02597402597402,0.8015535201333144,3.8863636363636362
4034,2504,2760.757015086402,256,218,0.050000000000000044,42,True,2504,256.7570150864023,2760.757015086402,99.54128440366972,0.8160148770394299,4.761467889908257
4035,5344,5634.521841915919,512,373,0.050000000000000044,42,True,5344,290.52184191592147,5634.521841915919,94.10187667560322,0.7754976580566413,5.176943699731903
4036,3312,3533.1986442262746,256,279,0.050000000000000044,42,True,3312,221.19864422627396,3533.1986442262746,100.0,0.813905417602396,5.344086021505376
4037,3096,3343.420830697872,256,258,0.050000000000000044,42,True,3096,247.42083069787054,3343.420830697872,97.28682170542636,0.7729936018739372,5.457364341085271
4038,1360,1584.009917494666,128,145,0.050000000000000044,42,True,1360,224.00991749466615,1584.009917494666,99.3103448275862,0.8017080684092831,5.503448275862069
4039,2344,2609.979652288552,256,200,0.050000000000000044,42,True,2344,265.97965228855105,2609.979652288552,100.0,0.7846675931773811,5.445
4040,1204,1405.3109711801337,64,138,0.050000000000000044,42,True,1204,201.31097118013386,1405.3109711801337,99.27536231884058,0.7675706468175986,4.297101449275362
4041,1600,1825.5598333524665,128,158,0.050000000000000044,42,True,1600,225.55983335246623,1825.5598333524665,98.73417721518987,0.7623613415539346,5.132911392405063
4042,1340,1544.7300118804399,128,140,0.050000000000000044,42,True,1340,204.7300118804392,1544.7300118804399,97.14285714285714,0.7780860977228964,6.0928571428571425
4043,2968,3221.163230399076,256,250,0.050000000000000044,42,True,2968,253.16323039907653,3221.163230399076,98.8,0.7966234192088966,4.868
4044,2312,2536.7929477507564,128,214,0.050000000000000044,42,True,2312,224.79294775075695,2536.7929477507564,99.06542056074767,0.8263728388724305,4.514018691588785
4045,2260,2527.998978610078,256,184,0.050000000000000044,42,True,2260,267.99897861007844,2527.998978610078,98.91304347826087,0.7864861637198064,5.9728260869565215
4046,5680,5969.267769864546,512,407,0.050000000000000044,42,True,5680,289.26776986454405,5969.267769864546,99.75429975429975,0.791779887064038,4.678132678132678
4047,1224,1457.2748372774458,128,119,0.050000000000000044,42,True,1224,233.27483727744666,1457.2748372774458,99.15966386554622,0.7746213642864477,5.495798319327731
4048,4808,5062.688537802723,512,339,0.050000000000000044,42,True,4808,254.6885378027228,5062.688537802723,100.0,0.7900020895510754,4.696165191740413
4049,1440,1659.861908970392,128,151,0.050000000000000044,42,True,1440,219.86190897039327,1659.861908970392,97.35099337748345,0.7693252258120589,5.741721854304636
4050,3144,3407.8308586465887,256,259,0.050000000000000044,42,True,3144,263.8308586465903,3407.8308586465887,100.0,0.8038947798444894,5.895752895752896
4051,2596,2860.281672061615,256,215,0.050000000000000044,42,True,2596,264.2816720616141,2860.281672061615,100.0,0.8028512608123245,4.986046511627907
4052,1640,1631.1786148548538,128,167,0.050000000000000044,42,True,1640,-8.821385145145953,1631.1786148548538,71.8562874251497,0.7746163930249428,4.634730538922156
4053,3400,3655.612301575205,256,279,0.050000000000000044,42,True,3400,255.61230157520703,3655.612301575205,99.2831541218638,0.8255455320403994,4.770609318996415
4054,3052,3300.567341704212,256,259,0.050000000000000044,42,True,3052,248.56734170421103,3300.567341704212,98.84169884169884,0.8081425060605538,4.424710424710424
4055,1188,1179.1956729906042,128,129,0.050000000000000044,42,True,1188,-8.80432700939612,1179.1956729906042,35.65891472868217,0.7631732119710166,5.0852713178294575
4056,2088,2354.0186891961075,256,173,0.050000000000000044,42,True,2088,266.01868919610854,2354.0186891961075,99.42196531791907,0.7837076257217722,6.5606936416184976
4057,2108,2373.2928189267486,256,177,0.050000000000000044,42,True,2108,265.29281892674953,2373.2928189267486,100.0,0.8011253627458305,5.271186440677966
4058,1952,2179.526560571013,128,182,0.050000000000000044,42,True,1952,227.5265605710116,2179.526560571013,97.8021978021978,0.76977738583591,4.142857142857143
4059,1276,1199.799840781696,128,131,0.050000000000000044,42,True,1276,-76.20015921830351,1199.799840781696,64.8854961832061,0.7893646787036247,3.282442748091603
4060,2984,3254.312385775537,256,249,0.050000000000000044,42,True,2984,270.31238577553626,3254.312385775537,99.19678714859438,0.8141559975792344,4.522088353413655
4061,3700,3968.327611163828,256,313,0.050000000000000044,42,True,3700,268.32761116382665,3968.327611163828,99.04153354632588,0.8101684410558465,4.389776357827476
4062,3336,3595.723594874449,256,285,0.050000000000000044,42,True,3336,259.72359487444874,3595.723594874449,98.94736842105263,0.8043527272815604,5.364912280701755
4063,3428,3675.678295579934,256,282,0.050000000000000044,42,True,3428,247.67829557993116,3675.678295579934,98.58156028368795,0.7974603140302908,4.124113475177305
4064,2392,2625.4317032197487,128,226,0.050000000000000044,42,True,2392,233.4317032197478,2625.4317032197487,98.67256637168141,0.8171316812965049,3.9292035398230087
4065,656,855.9378752922715,64,89,0.050000000000000044,42,True,656,199.9378752922716,855.9378752922715,97.75280898876404,0.8061937976155847,5.943820224719101
4066,336,490.90946097290646,32,62,0.050000000000000044,42,True,336,154.90946097290646,490.90946097290646,80.64516129032258,0.7610760443007537,6.951612903225806
4067,6500,6796.757181129198,512,448,0.050000000000000044,42,True,6500,296.7571811292038,6796.757181129198,99.55357142857143,0.7688560428607987,4.078125
4068,3252,3477.977696156713,256,267,0.050000000000000044,42,True,3252,225.97769615671245,3477.977696156713,100.0,0.8090890803631396,4.913857677902621
4069,2924,3181.968701564043,256,243,0.050000000000000044,42,True,2924,257.96870156404117,3181.968701564043,99.17695473251028,0.8075513924614593,4.8559670781893
4070,1496,1725.781610191717,128,148,0.050000000000000044,42,True,1496,229.78161019171702,1725.781610191717,100.0,0.8246883383908535,4.614864864864865
4071,2928,3109.9639985960425,256,244,0.050000000000000044,42,True,2928,181.9639985960455,3109.9639985960425,99.59016393442623,0.8121757096475718,5.049180327868853
4072,2512,2774.4841311976347,256,216,0.050000000000000044,42,True,2512,262.48413119763455,2774.4841311976347,100.0,0.8163760114461945,4.402777777777778
4073,644,845.3577720118376,64,91,0.050000000000000044,42,True,644,201.3577720118374,845.3577720118376,98.9010989010989,0.7970126508977587,6.0989010989010985
4074,1928,2153.702914759027,128,174,0.050000000000000044,42,True,1928,225.70291475902562,2153.702914759027,98.85057471264368,0.7946290336628925,4.068965517241379
4075,2384,2642.2587807253767,256,205,0.050000000000000044,42,True,2384,258.2587807253767,2642.2587807253767,99.02439024390245,0.8056673484036297,5.429268292682927
4076,1828,1803.1432159918202,128,174,0.050000000000000044,42,True,1828,-24.85678400817921,1803.1432159918202,31.03448275862069,0.7865338392302698,3.5057471264367814
4077,3340,3608.611952350251,256,276,0.050000000000000044,42,True,3340,268.61195235025025,3608.611952350251,99.6376811594203,0.8040324338798326,5.6268115942028984
4078,1348,1581.0917278111126,128,142,0.050000000000000044,42,True,1348,233.0917278111124,1581.0917278111126,100.0,0.7831303092371403,5.732394366197183
4079,2936,3191.4234212106326,256,240,0.050000000000000044,42,True,2936,255.42342121063263,3191.4234212106326,98.75,0.8070113168053155,4.975
4080,320,313.5323953461525,32,59,0.050000000000000044,42,True,320,-6.467604653847475,313.5323953461525,89.83050847457628,0.8033814185662111,5.254237288135593
4081,1476,1711.1163991736855,128,158,0.050000000000000044,42,True,1476,235.11639917368504,1711.1163991736855,100.0,0.7863360720091415,5.227848101265823
4082,656,572.8589832117732,64,89,0.050000000000000044,42,True,656,-83.14101678822664,572.8589832117732,6.741573033707865,0.7325810169106305,4.303370786516854
4083,3368,3631.9895990589494,256,289,0.050000000000000044,42,True,3368,263.98959905895003,3631.9895990589494,100.0,0.8084651524767855,4.57439446366782
4084,1472,1650.0722025912842,128,153,0.050000000000000044,42,True,1472,178.07220259128385,1650.0722025912842,99.34640522875817,0.8155110019730961,5.699346405228758
4085,4824,5113.591169823089,512,337,0.050000000000000044,42,True,4824,289.5911698230847,5113.591169823089,99.70326409495549,0.8077341499821136,4.691394658753709
4086,2920,3185.242622093719,256,232,0.050000000000000044,42,True,2920,265.2426220937191,3185.242622093719,99.56896551724138,0.8237433644829399,4.797413793103448
4087,1472,1707.1110454315153,128,152,0.050000000000000044,42,True,1472,235.11104543151495,1707.1110454315153,99.34210526315789,0.8018348114540865,5.7894736842105265
4088,1468,1698.774428763441,128,146,0.050000000000000044,42,True,1468,230.77442876344085,1698.774428763441,100.0,0.8048866709715643,5.3493150684931505
4089,3428,3650.6533622211514,256,284,0.050000000000000044,42,True,3428,222.65336222115232,3650.6533622211514,100.0,0.8326270496102306,3.5492957746478875
4090,3076,3339.6780344971826,256,253,0.050000000000000044,42,True,3076,263.67803449718264,3339.6780344971826,99.60474308300395,0.7916299565814194,5.027667984189724
4091,2924,3188.4390981118486,256,243,0.050000000000000044,42,True,2924,264.4390981118485,3188.4390981118486,99.58847736625515,0.8213455236283231,4.246913580246914
4092,2444,2714.339444183557,256,209,0.050000000000000044,42,True,2444,270.3394441835543,2714.339444183557,100.0,0.7924729447968755,6.086124401913875
4093,400,386.5823710485393,32,66,0.050000000000000044,42,True,400,-13.417628951460575,386.5823710485393,59.09090909090909,0.8032041863244599,3.3636363636363638
4094,4344,4640.469542514221,512,294,0.050000000000000044,42,True,4344,296.4695425142234,4640.469542514221,96.25850340136054,0.7790846779079753,5.333333333333333
4095,828,1019.045104063131,64,107,0.050000000000000044,42,True,828,191.04510406313065,1019.045104063131,99.06542056074767,0.8204154820126672,4.710280373831775
4096,1220,1203.0376344086023,128,132,0.050000000000000044,42,True,1220,-16.962365591397834,1203.0376344086023,49.24242424242424,0.7356101677292326,4.46969696969697
4097,2632,2897.0388737014764,256,223,0.050000000000000044,42,True,2632,265.03887370147623,2897.0388737014764,99.55156950672645,0.7948599261677929,4.026905829596412
4098,2944,3188.415662831792,256,237,0.050000000000000044,42,True,2944,244.41566283179185,3188.415662831792,99.15611814345992,0.8071000592851022,4.561181434599156
4099,3320,3541.1194287441945,256,280,0.050000000000000044,42,True,3320,221.1194287441946,3541.1194287441945,100.0,0.8080265414004059,4.2178571428571425
4100,3220,3465.491689323415,256,269,0.050000000000000044,42,True,3220,245.49168932341254,3465.491689323415,94.79553903345725,0.8016765316292997,4.847583643122676
4101,2488,2745.7834770565287,256,214,0.050000000000000044,42,True,2488,257.7834770565283,2745.7834770565287,99.53271028037383,0.8361774976480653,4.579439252336448
4102,2388,2648.020561656374,256,202,0.050000000000000044,42,True,2388,260.02056165637157,2648.020561656374,100.0,0.8164472581137924,4.4405940594059405
4103,1336,1571.4850569562236,128,139,0.050000000000000044,42,True,1336,235.48505695622325,1571.4850569562236,100.0,0.7929290483964314,5.741007194244604
4104,2444,2708.6450343799706,256,207,0.050000000000000044,42,True,2444,264.64503437997047,2708.6450343799706,99.51690821256038,0.7684689023203976,5.2898550724637685
4105,2096,2244.9749566203236,128,200,0.050000000000000044,42,True,2096,148.97495662032293,2244.9749566203236,99.5,0.8223080468724934,4.535
4106,920,909.5287626191529,64,110,0.050000000000000044,42,True,920,-10.47123738084704,909.5287626191529,1.8181818181818181,0.7382118521570838,4.127272727272727
4107,1448,1682.966500158051,128,150,0.050000000000000044,42,True,1448,234.9665001580496,1682.966500158051,98.0,0.817758605627738,4.486666666666666
4108,2508,2773.2602110403377,256,209,0.050000000000000044,42,True,2508,265.26021104033885,2773.2602110403377,98.08612440191388,0.8183204701912071,5.22488038277512
4109,3776,4033.1807876409493,256,315,0.050000000000000044,42,True,3776,257.1807876409513,4033.1807876409493,99.36507936507937,0.8224172101681315,4.358730158730158
4110,2380,2644.3984067184697,256,197,0.050000000000000044,42,True,2380,264.3984067184679,2644.3984067184697,99.49238578680203,0.8103758752360091,5.101522842639594
4111,3064,3321.7510611205425,256,250,0.050000000000000044,42,True,3064,257.7510611205433,3321.7510611205425,99.2,0.7995655535248418,5.18
4112,3360,3626.9439034286906,256,277,0.050000000000000044,42,True,3360,266.94390342868735,3626.9439034286906,100.0,0.8246258644090619,4.0830324909747295
4113,3132,3397.320083043198,256,263,0.050000000000000044,42,True,3132,265.32008304319794,3397.320083043198,99.61977186311788,0.8076742143810142,4.342205323193916
4114,1296,1523.7518561364466,128,132,0.050000000000000044,42,True,1296,227.75185613644794,1523.7518561364466,99.24242424242425,0.7909509188910095,6.863636363636363
4115,1052,1039.3563381215106,128,116,0.050000000000000044,42,True,1052,-12.643661878489661,1039.3563381215106,7.758620689655173,0.7145113841675111,4.844827586206897
4116,1252,1245.8292403632913,128,124,0.050000000000000044,42,True,1252,-6.170759636708603,1245.8292403632913,35.483870967741936,0.7526126309133486,3.846774193548387
4117,308,310.72519735484013,32,56,0.050000000000000044,42,True,308,2.7251973548400876,310.72519735484013,0.0,0.7581127347455503,4.803571428571429
4118,2332,2565.812013717716,128,217,0.050000000000000044,42,True,2332,233.81201371771513,2565.812013717716,100.0,0.8050477862670028,3.728110599078341
4119,2384,2651.8291510107892,256,204,0.050000000000000044,42,True,2384,267.82915101078976,2651.8291510107892,99.50980392156863,0.8123927731462965,4.931372549019608
4120,3116,3373.803979907027,256,259,0.050000000000000044,42,True,3116,257.803979907027,3373.803979907027,95.36679536679537,0.8227147457271762,4.996138996138996
4121,2024,2291.539197885775,256,166,0.050000000000000044,42,True,2024,267.53919788577537,2291.539197885775,100.0,0.8121215606817631,5.313253012048193
4122,4444,4732.473442380691,512,305,0.050000000000000044,42,True,4444,288.4734423806894,4732.473442380691,99.67213114754098,0.8168171480406492,4.278688524590164
4123,2380,2637.760766703666,256,198,0.050000000000000044,42,True,2380,257.76076670366757,2637.760766703666,95.45454545454545,0.8168287109853273,4.656565656565657
4124,1464,1696.6433803763439,128,145,0.050000000000000044,42,True,1464,232.64338037634408,1696.6433803763439,97.93103448275862,0.8003897821819048,5.586206896551724
4125,1640,1874.9096881506835,128,152,0.050000000000000044,42,True,1640,234.90968815068328,1874.9096881506835,95.39473684210526,0.8125236825909575,4.7631578947368425
4126,1496,1731.0526265970536,128,158,0.050000000000000044,42,True,1496,235.0526265970534,1731.0526265970536,99.36708860759494,0.8110721706251739,4.639240506329114
4127,3332,3589.8553308760315,256,280,0.050000000000000044,42,True,3332,257.85533087602965,3589.8553308760315,99.28571428571429,0.8240530524668721,3.867857142857143
4128,2432,2689.4472747497202,256,212,0.050000000000000044,42,True,2432,257.44727474972194,2689.4472747497202,99.05660377358491,0.8094191278758985,4.476415094339623
4129,600,802.0860353392442,64,83,0.050000000000000044,42,True,600,202.08603533924418,802.0860353392442,98.79518072289157,0.8102481687400411,5.433734939759036
4130,540,540.343378420832,64,74,0.050000000000000044,42,True,540,0.3433784208318613,540.343378420832,0.0,0.6977584052520556,5.472972972972973
4131,5240,5485.35972813958,512,362,0.050000000000000044,42,True,5240,245.35972813958205,5485.35972813958,99.72375690607734,0.8053209687176381,4.795580110497237
4132,880,872.2312825423425,64,113,0.050000000000000044,42,True,880,-7.768717457657548,872.2312825423425,0.8849557522123894,0.7040268354337356,5.902654867256637
4133,2380,2606.1821466483416,128,223,0.050000000000000044,42,True,2380,226.1821466483429,2606.1821466483416,87.89237668161435,0.8141078142509385,3.3497757847533634
4134,1492,1723.5968651778096,128,149,0.050000000000000044,42,True,1492,231.59686517780932,1723.5968651778096,100.0,0.8040255188249809,5.248322147651007
4135,2332,2586.76907182169,256,197,0.050000000000000044,42,True,2332,254.76907182168952,2586.76907182169,99.49238578680203,0.8209781287096516,5.274111675126903
4136,1496,1731.5252391335891,128,149,0.050000000000000044,42,True,1496,235.52523913358888,1731.5252391335891,99.32885906040268,0.8045405235867973,5.825503355704698
4137,1932,2158.3414134415125,128,181,0.050000000000000044,42,True,1932,226.34141344151132,2158.3414134415125,87.29281767955801,0.7843092780708536,3.9337016574585637
4138,1972,2193.268896904216,128,189,0.050000000000000044,42,True,1972,221.26889690421592,2193.268896904216,92.06349206349206,0.792656356721129,4.174603174603175
4139,1336,1570.0120277832027,128,140,0.050000000000000044,42,True,1336,234.0120277832027,1570.0120277832027,100.0,0.8316726825304249,4.642857142857143
4140,4668,4950.871903556093,512,327,0.050000000000000044,42,True,4668,282.87190355609386,4950.871903556093,99.08256880733946,0.8106248920351867,4.302752293577981
4141,2344,2602.3834980043193,256,200,0.050000000000000044,42,True,2344,258.38349800431854,2602.3834980043193,99.5,0.8226423868171817,4.595
4142,2216,2473.296222671904,256,188,0.050000000000000044,42,True,2216,257.2962226719041,2473.296222671904,98.93617021276596,0.8009151190479654,5.303191489361702
4143,2448,2716.1975166410652,256,209,0.050000000000000044,42,True,2448,268.197516641065,2716.1975166410652,100.0,0.8336358241985328,5.578947368421052
4144,576,567.0965383548545,64,79,0.050000000000000044,42,True,576,-8.903461645145486,567.0965383548545,11.39240506329114,0.7538961280644697,4.734177215189874
4145,3136,3358.501336389243,256,265,0.050000000000000044,42,True,3136,222.50133638924046,3358.501336389243,100.0,0.8159568797276682,4.890566037735849
4146,2232,2458.510562287719,128,206,0.050000000000000044,42,True,2232,226.5105622877182,2458.510562287719,95.14563106796116,0.8005907128741255,4.771844660194175
4147,2624,2883.032226185958,256,231,0.050000000000000044,42,True,2624,259.0322261859582,2883.032226185958,98.7012987012987,0.8155710148131656,4.926406926406926
4148,3884,4144.157829262109,256,296,0.050000000000000044,42,True,3884,260.15782926210875,4144.157829262109,86.48648648648648,0.8113023445311918,4.125
4149,2460,2725.184069236825,256,208,0.050000000000000044,42,True,2460,265.184069236825,2725.184069236825,99.51923076923077,0.8017875084440725,4.278846153846154
4150,396,389.2447916370926,32,66,0.050000000000000044,42,True,396,-6.755208362907485,389.2447916370926,33.333333333333336,0.7631944610394232,6.257575757575758
4151,3588,3843.0995094217906,256,300,0.050000000000000044,42,True,3588,255.09950942179177,3843.0995094217906,99.0,0.8265887913761907,3.5366666666666666
4152,2620,2867.0765170894783,256,207,0.050000000000000044,42,True,2620,247.07651708947853,2867.0765170894783,93.71980676328502,0.7966357928407092,5.125603864734299
4153,5764,6045.699332285591,512,412,0.050000000000000044,42,True,5764,281.69933228559,6045.699332285591,99.27184466019418,0.8379650478096835,3.5436893203883497
4154,2376,2644.0177542588294,256,203,0.050000000000000044,42,True,2376,268.0177542588303,2644.0177542588294,99.50738916256158,0.797734660632,4.482758620689655
4155,2788,3052.1827205053023,256,242,0.050000000000000044,42,True,2788,264.1827205053011,3052.1827205053023,100.0,0.8265960881960627,4.0
4156,2860,3076.073958845038,256,232,0.050000000000000044,42,True,2860,216.07395884504123,3076.073958845038,99.56896551724138,0.8063636535260748,5.370689655172414
4157,1512,1747.3622119815675,128,156,0.050000000000000044,42,True,1512,235.36221198156684,1747.3622119815675,100.0,0.8125974739950726,4.910256410256411
4158,6112,6398.937550364275,512,426,0.050000000000000044,42,True,6112,286.9375503642749,6398.937550364275,99.76525821596245,0.8158348856795459,4.039906103286385
4159,2876,3141.770179074267,256,236,0.050000000000000044,42,True,2876,265.7701790742684,3141.770179074267,100.0,0.7980721562432797,5.478813559322034
4160,2316,2575.210662203166,256,194,0.050000000000000044,42,True,2316,259.21066220316595,2575.210662203166,99.48453608247422,0.7968954698654325,5.762886597938144
4161,3428,3634.2926892734704,256,278,0.050000000000000044,42,True,3428,206.29268927347076,3634.2926892734704,99.28057553956835,0.80529581434047,4.571942446043166
4162,3508,3725.7423689237958,256,296,0.050000000000000044,42,True,3508,217.74236892379537,3725.7423689237958,100.0,0.8057113474670526,4.402027027027027
4163,2476,2655.942878300763,256,211,0.050000000000000044,42,True,2476,179.94287830076217,2655.942878300763,99.5260663507109,0.795291607187394,5.184834123222749
4164,3112,3367.0884811283786,256,256,0.050000000000000044,42,True,3112,255.08848112837927,3367.0884811283786,99.609375,0.7940355241496531,4.9296875
4165,3608,3874.1249156847252,256,311,0.050000000000000044,42,True,3608,266.12491568472325,3874.1249156847252,99.67845659163987,0.8192620878580809,4.80064308681672
4166,3020,3283.9489303644577,256,251,0.050000000000000044,42,True,3020,263.9489303644592,3283.9489303644577,100.0,0.8107796396367457,5.075697211155378
4167,1456,1404.8533498759302,128,150,0.050000000000000044,42,True,1456,-51.14665012406953,1404.8533498759302,33.333333333333336,0.8029711774676396,4.24
4168,588,755.2593491077358,32,86,0.050000000000000044,42,True,588,167.2593491077362,755.2593491077358,100.0,0.82236327309308,5.732558139534884
4169,2388,2656.3827561215503,256,199,0.050000000000000044,42,True,2388,268.382756121551,2656.3827561215503,98.49246231155779,0.797181975605454,5.577889447236181
4170,1164,1388.7668543621385,128,127,0.050000000000000044,42,True,1164,224.76685436213916,1388.7668543621385,96.06299212598425,0.7849796276145822,4.3858267716535435
4171,1640,1863.9766534099283,128,166,0.050000000000000044,42,True,1640,223.97665340992782,1863.9766534099283,99.39759036144578,0.8164938441887593,4.578313253012048
4172,2212,2445.709040396786,128,209,0.050000000000000044,42,True,2212,233.70904039678447,2445.709040396786,99.52153110047847,0.816719148321017,4.0047846889952154
4173,3156,3411.8357777397787,256,261,0.050000000000000044,42,True,3156,255.83577773977902,3411.8357777397787,96.93486590038314,0.7998962988574437,4.306513409961686
4174,5064,5351.542209425838,512,348,0.050000000000000044,42,True,5064,287.54220942584,5351.542209425838,99.71264367816092,0.8163550739582884,3.8936781609195403
4175,2428,2694.282531194298,256,208,0.050000000000000044,42,True,2428,266.28253119429587,2694.282531194298,99.51923076923077,0.8022132212929616,5.966346153846154
4176,4744,5040.0161401404075,512,330,0.050000000000000044,42,True,4744,296.01614014040695,5040.0161401404075,100.0,0.7991161957872044,4.621212121212121
4177,560,757.1005085221441,64,75,0.050000000000000044,42,True,560,197.10050852214417,757.1005085221441,78.66666666666667,0.7159030158056637,6.026666666666666
4178,1208,1191.1047020229632,128,121,0.050000000000000044,42,True,1208,-16.89529797703664,1191.1047020229632,14.87603305785124,0.7204427379951481,4.793388429752066
4179,3872,4128.983776863146,256,312,0.050000000000000044,42,True,3872,256.98377686314717,4128.983776863146,99.35897435897436,0.8122452415128542,3.6378205128205128
4180,3156,3423.2970350439496,256,261,0.050000000000000044,42,True,3156,267.29703504394985,3423.2970350439496,99.61685823754789,0.8085168991584425,3.9693486590038316
4181,3056,3312.07072514592,256,260,0.050000000000000044,42,True,3056,256.0707251459179,3312.07072514592,99.61538461538461,0.825385026154347,4.2615384615384615
4182,1444,1385.0240399385557,128,150,0.050000000000000044,42,True,1444,-58.9759600614439,1385.0240399385557,42.0,0.7388344285857539,4.793333333333333
4183,1300,1484.0761924206183,128,137,0.050000000000000044,42,True,1300,184.0761924206187,1484.0761924206183,99.27007299270073,0.8067360256673602,5.686131386861314
4184,2632,2865.0737481511032,128,243,0.050000000000000044,42,True,2632,233.0737481511027,2865.0737481511032,99.58847736625515,0.8114348563620415,4.707818930041152
4185,3164,3427.099826286433,256,260,0.050000000000000044,42,True,3164,263.0998262864337,3427.099826286433,99.61538461538461,0.7945602046059562,5.438461538461539
4186,604,805.5617834594971,64,82,0.050000000000000044,42,True,604,201.56178345949684,805.5617834594971,98.78048780487805,0.8120880824501816,5.573170731707317
4187,2080,2348.5647604595997,256,177,0.050000000000000044,42,True,2080,268.56476045959863,2348.5647604595997,100.0,0.8004933251290598,6.084745762711864
4188,3112,3337.1319114902676,256,252,0.050000000000000044,42,True,3112,225.13191149026926,3337.1319114902676,100.0,0.8104945616474798,4.337301587301587
4189,1720,1951.1663003950507,128,163,0.050000000000000044,42,True,1720,231.1663003950501,1951.1663003950507,98.77300613496932,0.787270909419821,5.386503067484663
4190,3060,3326.1192406781756,256,246,0.050000000000000044,42,True,3060,266.11924067817534,3326.1192406781756,99.59349593495935,0.8344805670362175,4.626016260162602
4191,2412,2625.2755277842934,256,205,0.050000000000000044,42,True,2412,213.2755277842918,2625.2755277842934,99.51219512195122,0.7998338226069579,5.4487804878048784
4192,2892,3113.4452649910677,256,239,0.050000000000000044,42,True,2892,221.44526499106547,3113.4452649910677,100.0,0.7803540376368078,5.334728033472803
4193,1236,1184.0999511241441,128,131,0.050000000000000044,42,True,1236,-51.900048875855276,1184.0999511241441,0.0,0.7085937546585384,4.603053435114504
4194,2304,2565.1112407684554,256,190,0.050000000000000044,42,True,2304,261.1112407684552,2565.1112407684554,98.42105263157895,0.8086511037984533,5.494736842105263
4195,2244,2499.5332464624225,256,190,0.050000000000000044,42,True,2244,255.53324646242345,2499.5332464624225,99.47368421052632,0.822448727984669,5.436842105263158
4196,2664,2929.97672587269,256,216,0.050000000000000044,42,True,2664,265.9767258726878,2929.97672587269,99.53703703703704,0.7989060222498372,5.453703703703703
4197,1552,1774.0959926934438,128,156,0.050000000000000044,42,True,1552,222.09599269344483,1774.0959926934438,99.35897435897436,0.826092581846907,5.128205128205129
4198,3488,3754.3566201728745,256,291,0.050000000000000044,42,True,3488,266.3566201728738,3754.3566201728745,99.65635738831615,0.8106140739823506,4.1993127147766325
4199,1508,1734.2337941628268,128,155,0.050000000000000044,42,True,1508,226.23379416282643,1734.2337941628268,96.12903225806451,0.8377666592029501,4.580645161290323
4200,236,353.2626237866455,32,45,0.050000000000000044,42,True,236,117.26262378664573,353.2626237866455,97.77777777777777,0.781413542615374,6.8
4201,4616,4915.669771316065,512,319,0.050000000000000044,42,True,4616,299.6697713160685,4915.669771316065,99.68652037617555,0.7985504958609386,4.2037617554858935
4202,2584,2525.4556383030485,256,225,0.050000000000000044,42,True,2584,-58.54436169695163,2525.4556383030485,63.55555555555556,0.7637653202435367,5.497777777777777
4203,1636,1868.8183604082335,128,163,0.050000000000000044,42,True,1636,232.81836040823362,1868.8183604082335,99.38650306748467,0.811623891399085,4.717791411042945
4204,2848,3118.0328998590157,256,237,0.050000000000000044,42,True,2848,270.03289985901563,3118.0328998590157,100.0,0.8217413450970562,4.628691983122363
4205,2664,2918.636395326697,256,229,0.050000000000000044,42,True,2664,254.63639532669634,2918.636395326697,99.12663755458516,0.8298276060024292,4.152838427947598
4206,1764,1946.9849415817164,128,167,0.050000000000000044,42,True,1764,182.98494158171576,1946.9849415817164,99.40119760479043,0.8192270708292893,4.7844311377245505
4207,2448,2706.4698924731165,256,209,0.050000000000000044,42,True,2448,258.46989247311825,2706.4698924731165,99.04306220095694,0.7977908812116734,5.052631578947368
4208,888,1090.2715396810106,64,108,0.050000000000000044,42,True,888,202.2715396810104,1090.2715396810106,99.07407407407408,0.7920643088623089,5.953703703703703
4209,2132,2397.141360360688,256,180,0.050000000000000044,42,True,2132,265.1413603606896,2397.141360360688,98.33333333333333,0.8141354839085794,5.311111111111111
4210,3152,3412.268228261658,256,261,0.050000000000000044,42,True,3152,260.2682282616607,3412.268228261658,99.61685823754789,0.8178986820302335,3.9616858237547894
4211,2580,2843.537707642602,256,215,0.050000000000000044,42,True,2580,263.5377076426035,2843.537707642602,99.06976744186046,0.8198108004102403,3.697674418604651
4212,1132,1351.9248584894647,128,121,0.050000000000000044,42,True,1132,219.92485848946467,1351.9248584894647,95.04132231404958,0.8063150389153009,6.0578512396694215
4213,1308,1542.566185272425,128,132,0.050000000000000044,42,True,1308,234.5661852724254,1542.566185272425,100.0,0.7986158352038824,6.265151515151516
4214,2828,3093.6193967322993,256,234,0.050000000000000044,42,True,2828,265.61939673229995,3093.6193967322993,99.57264957264957,0.8378882938967406,4.504273504273504
4215,3812,4076.9180874444683,256,310,0.050000000000000044,42,True,3812,264.9180874444704,4076.9180874444683,98.06451612903226,0.825669979630907,3.838709677419355
4216,1292,1524.2438575416038,128,134,0.050000000000000044,42,True,1292,232.24385754160338,1524.2438575416038,100.0,0.8070517130514622,6.074626865671642
4217,2520,2755.014176043193,128,240,0.050000000000000044,42,True,2520,235.01417604319354,2755.014176043193,99.58333333333333,0.8146011962865125,4.183333333333334
4218,1064,1255.913277232351,64,123,0.050000000000000044,42,True,1064,191.91327723235156,1255.913277232351,99.1869918699187,0.8065992553353709,4.878048780487805
4219,1268,1261.0759485848473,128,134,0.050000000000000044,42,True,1268,-6.924051415152638,1261.0759485848473,85.07462686567165,0.7895237466214592,4.791044776119403
4220,1204,1438.0295749998793,128,124,0.050000000000000044,42,True,1204,234.02957499987915,1438.0295749998793,98.38709677419355,0.7788808571966083,6.645161290322581
4221,1500,1691.3271771239513,128,154,0.050000000000000044,42,True,1500,191.32717712395134,1691.3271771239513,100.0,0.8314812926530917,4.240259740259741
4222,2832,3089.2349226966257,256,231,0.050000000000000044,42,True,2832,257.23492269662626,3089.2349226966257,99.13419913419914,0.7910300395439716,5.246753246753247
4223,2364,2582.255945922167,256,203,0.050000000000000044,42,True,2364,218.25594592216783,2582.255945922167,100.0,0.808953968713059,5.640394088669951
4224,3332,3582.775703777979,256,280,0.050000000000000044,42,True,3332,250.77570377797775,3582.775703777979,99.28571428571429,0.8024914169300489,4.914285714285715
4225,2080,2311.299940841045,128,189,0.050000000000000044,42,True,2080,231.29994084104314,2311.299940841045,100.0,0.8194705886416815,4.317460317460317
4226,2208,2473.516747655507,256,182,0.050000000000000044,42,True,2208,265.5167476555075,2473.516747655507,99.45054945054945,0.7937983898909284,6.714285714285714
4227,1384,1610.079020913317,128,147,0.050000000000000044,42,True,1384,226.07902091331715,1610.079020913317,98.63945578231292,0.8068196386958184,5.72108843537415
4228,2324,2569.6136306135345,256,195,0.050000000000000044,42,True,2324,245.61363061353575,2569.6136306135345,98.97435897435898,0.7877241543273331,5.2
4229,2660,2599.7018433179705,256,227,0.050000000000000044,42,True,2660,-60.29815668202764,2599.7018433179705,8.370044052863436,0.7229644652199649,3.6651982378854626
4230,1312,1308.0474095796676,128,134,0.050000000000000044,42,True,1312,-3.952590420332358,1308.0474095796676,90.29850746268657,0.8004267951862036,4.574626865671642
4231,2748,3006.265826071901,256,221,0.050000000000000044,42,True,2748,258.2658260719026,3006.265826071901,98.64253393665159,0.8281215404633663,3.986425339366516
4232,3148,3371.333285011987,256,260,0.050000000000000044,42,True,3148,223.33328501198525,3371.333285011987,100.0,0.7942235381473645,4.569230769230769
4233,3032,3298.199167550846,256,248,0.050000000000000044,42,True,3032,266.199167550847,3298.199167550846,100.0,0.7913604696543731,5.17741935483871
4234,2720,2958.951885928466,256,218,0.050000000000000044,42,True,2720,238.95188592846475,2958.951885928466,98.62385321100918,0.7672526284380304,5.573394495412844
4235,1620,1853.9415859737585,128,166,0.050000000000000044,42,True,1620,233.9415859737581,1853.9415859737585,99.39759036144578,0.7918106162301677,4.957831325301205
4236,1028,1259.7233876180744,128,109,0.050000000000000044,42,True,1028,231.72338761807453,1259.7233876180744,100.0,0.7976585575174472,5.422018348623853
4237,2612,2879.8596500820113,256,218,0.050000000000000044,42,True,2612,267.859650082012,2879.8596500820113,99.54128440366972,0.8102820202503875,4.174311926605505
4238,2780,2763.6398887802766,256,228,0.050000000000000044,42,True,2780,-16.360111219722427,2763.6398887802766,90.78947368421052,0.8004576237991505,3.8947368421052633
4239,2300,2516.687471762899,256,189,0.050000000000000044,42,True,2300,216.6874717628987,2516.687471762899,99.47089947089947,0.8137854486956542,5.735449735449736
4240,820,813.5071460773314,64,97,0.050000000000000044,42,True,820,-6.49285392266888,813.5071460773314,69.0721649484536,0.7836187157746785,4.762886597938144
4241,2444,2667.172406429133,256,205,0.050000000000000044,42,True,2444,223.17240642913345,2667.172406429133,100.0,0.8357749586225158,5.2926829268292686
4242,1596,1828.1538525448832,128,156,0.050000000000000044,42,True,1596,232.15385254488314,1828.1538525448832,74.35897435897436,0.8123408897125236,5.506410256410256
4243,2948,3206.4326045077255,256,244,0.050000000000000044,42,True,2948,258.4326045077256,3206.4326045077255,99.59016393442623,0.8173457886474932,4.717213114754099
4244,1392,1612.8645373804447,128,148,0.050000000000000044,42,True,1392,220.86453738044438,1612.8645373804447,96.62162162162163,0.8134127095228397,6.027027027027027
4245,2576,2837.3138839478843,256,220,0.050000000000000044,42,True,2576,261.3138839478871,2837.3138839478843,99.54545454545455,0.8104248348469667,4.590909090909091
4246,2876,3137.181321250045,256,235,0.050000000000000044,42,True,2876,261.18132125004496,3137.181321250045,99.14893617021276,0.8053154320208694,4.408510638297872
4247,1272,1497.9228315019614,128,129,0.050000000000000044,42,True,1272,225.9228315019609,1497.9228315019614,96.89922480620154,0.7934538736388373,5.116279069767442
4248,3012,3277.0945409429287,256,253,0.050000000000000044,42,True,3012,265.094540942928,3277.0945409429287,99.60474308300395,0.7987971551331794,4.0355731225296445
4249,1832,1822.5632062628565,128,174,0.050000000000000044,42,True,1832,-9.436793737142253,1822.5632062628565,68.39080459770115,0.7830596695691683,4.074712643678161
4250,3160,3418.2116139078616,256,263,0.050000000000000044,42,True,3160,258.2116139078625,3418.2116139078616,99.23954372623574,0.7993192475419241,4.817490494296578
4251,2420,2411.461468990656,256,208,0.050000000000000044,42,True,2420,-8.53853100934417,2411.461468990656,73.5576923076923,0.7715771947686837,4.600961538461538
4252,2388,2648.0390397751416,256,202,0.050000000000000044,42,True,2388,260.03903977514136,2648.0390397751416,97.02970297029702,0.7933742091498884,5.0495049504950495
4253,912,1112.2371763164579,64,114,0.050000000000000044,42,True,912,200.2371763164579,1112.2371763164579,100.0,0.7910598100781057,5.5
4254,3044,3309.2168155158624,256,246,0.050000000000000044,42,True,3044,265.21681551586244,3309.2168155158624,99.59349593495935,0.7788215693425713,4.630081300813008
4255,1796,2032.2527107617245,128,167,0.050000000000000044,42,True,1796,236.25271076172405,2032.2527107617245,99.40119760479043,0.7981765668571601,4.868263473053892
4256,836,1028.8360121028056,64,105,0.050000000000000044,42,True,836,192.8360121028056,1028.8360121028056,99.04761904761905,0.8001698163499367,5.885714285714286
4257,2372,2590.2622088006897,256,201,0.050000000000000044,42,True,2372,218.26220880069025,2590.2622088006897,100.0,0.8035921074199094,4.497512437810945
4258,3128,3392.6399741935443,256,262,0.050000000000000044,42,True,3128,264.63997419354837,3392.6399741935443,100.0,0.8185126601176723,3.7022900763358777
4259,2060,2293.6618780160793,128,193,0.050000000000000044,42,True,2060,233.6618780160792,2293.6618780160793,100.0,0.7723145102540262,4.492227979274611
4260,1752,1987.247104626055,128,168,0.050000000000000044,42,True,1752,235.2471046260551,1987.247104626055,99.4047619047619,0.7983662584779797,4.940476190476191
4261,156,139.87099150820762,16,40,0.050000000000000044,42,True,156,-16.129008491792376,139.87099150820762,5.0,0.7356986732436409,6.375
4262,1368,1599.3437639274653,128,143,0.050000000000000044,42,True,1368,231.34376392746552,1599.3437639274653,100.0,0.8071548106335387,5.7272727272727275
4263,2320,2577.56212796293,256,193,0.050000000000000044,42,True,2320,257.56212796292994,2577.56212796293,97.40932642487047,0.7973792388679047,5.243523316062176
4264,1332,1322.2013424070801,128,139,0.050000000000000044,42,True,1332,-9.798657592920094,1322.2013424070801,53.23741007194245,0.7766870314135625,3.820143884892086
4265,3176,3434.7540206480217,256,265,0.050000000000000044,42,True,3176,258.7540206480192,3434.7540206480217,99.62264150943396,0.8115673617501568,4.452830188679245
4266,3180,3174.449045970667,256,259,0.050000000000000044,42,True,3180,-5.550954029331589,3174.449045970667,10.038610038610038,0.784206193699156,3.1505791505791505
4267,1364,1597.8472986293054,128,142,0.050000000000000044,42,True,1364,233.84729862930604,1597.8472986293054,99.29577464788733,0.7783226822314114,6.387323943661972
4268,2060,2248.881207953634,128,193,0.050000000000000044,42,True,2060,188.88120795363486,2248.881207953634,100.0,0.8139293470928634,4.803108808290156
4269,3332,3601.488233031783,256,280,0.050000000000000044,42,True,3332,269.488233031783,3601.488233031783,99.64285714285714,0.808930947050973,3.835714285714286
4270,1380,1614.019579994473,128,146,0.050000000000000044,42,True,1380,234.0195799944736,1614.019579994473,100.0,0.8195725415982641,5.294520547945205
4271,2208,2440.5291858678966,128,208,0.050000000000000044,42,True,2208,232.52918586789556,2440.5291858678966,100.0,0.8318980689663593,3.7884615384615383
4272,1532,1765.6614371169574,128,163,0.050000000000000044,42,True,1532,233.66143711695838,1765.6614371169574,99.38650306748467,0.7970140537531214,4.674846625766871
4273,1060,1184.5872464151978,64,129,0.050000000000000044,42,True,1060,124.58724641519734,1184.5872464151978,100.0,0.7547348625794915,5.883720930232558
4274,1044,1245.0175366568926,64,126,0.050000000000000044,42,True,1044,201.0175366568915,1245.0175366568926,100.0,0.7894436944854248,5.158730158730159
4275,1248,1469.2253077646494,128,130,0.050000000000000044,42,True,1248,221.22530776464933,1469.2253077646494,96.92307692307692,0.7734753237574912,6.392307692307693
4276,2988,3257.6082298709184,256,248,0.050000000000000044,42,True,2988,269.60822987091933,3257.6082298709184,100.0,0.810888731239517,3.995967741935484
4277,1544,1528.0965974085402,128,155,0.050000000000000044,42,True,1544,-15.903402591460257,1528.0965974085402,83.87096774193549,0.8048313129727227,4.187096774193549
4278,1248,1472.543751694226,128,130,0.050000000000000044,42,True,1248,224.54375169422607,1472.543751694226,98.46153846153847,0.7939543548503907,5.946153846153846
4279,1612,1845.381905502194,128,165,0.050000000000000044,42,True,1612,233.3819055021931,1845.381905502194,98.18181818181819,0.7955685760283577,5.0606060606060606
4280,3160,3429.435753254268,256,254,0.050000000000000044,42,True,3160,269.43575325426735,3429.435753254268,98.81889763779527,0.7956767630098885,4.255905511811024
4281,1108,1333.3102708737292,128,120,0.050000000000000044,42,True,1108,225.31027087372937,1333.3102708737292,99.16666666666667,0.7916890172861949,4.716666666666667
4282,1324,1556.4445047571012,128,140,0.050000000000000044,42,True,1324,232.44450475710147,1556.4445047571012,100.0,0.7930252555759948,5.892857142857143
4283,1516,1733.3444357903688,128,156,0.050000000000000044,42,True,1516,217.34443579036946,1733.3444357903688,98.71794871794872,0.8127691096799045,5.333333333333333
4284,2044,2264.200307658092,128,192,0.050000000000000044,42,True,2044,220.20030765809176,2264.200307658092,97.39583333333333,0.8068038396324022,5.151041666666667
4285,640,589.7391656144036,64,84,0.050000000000000044,42,True,640,-50.26083438559613,589.7391656144036,14.285714285714286,0.7345076243886313,6.226190476190476
4286,2436,2674.119973036072,128,228,0.050000000000000044,42,True,2436,238.11997303607245,2674.119973036072,100.0,0.8172218756049895,4.68859649122807
4287,1716,1709.4427743932881,128,173,0.050000000000000044,42,True,1716,-6.557225606711285,1709.4427743932881,6.936416184971098,0.7226551733580848,3.4277456647398843
4288,3464,3728.4181465310885,256,290,0.050000000000000044,42,True,3464,264.41814653109014,3728.4181465310885,100.0,0.7917168704470352,4.165517241379311
4289,1844,2069.975762383218,128,175,0.050000000000000044,42,True,1844,225.97576238321878,2069.975762383218,99.42857142857143,0.8133889595256696,5.085714285714285
4290,1120,1109.1170111390124,128,116,0.050000000000000044,42,True,1120,-10.882988860987695,1109.1170111390124,22.413793103448278,0.7159601803770365,5.0
4291,1580,1806.9438055076348,128,157,0.050000000000000044,42,True,1580,226.94380550763526,1806.9438055076348,98.08917197452229,0.8136069345568733,5.592356687898089
4292,2332,2580.20956609952,256,193,0.050000000000000044,42,True,2332,248.20956609952077,2580.20956609952,98.96373056994818,0.820781082442691,5.937823834196891
4293,520,504.9025823638728,64,73,0.050000000000000044,42,True,520,-15.097417636127318,504.9025823638728,56.16438356164384,0.7519675389090733,4.657534246575342
4294,1304,1530.6529451998092,128,133,0.050000000000000044,42,True,1304,226.65294519980847,1530.6529451998092,97.74436090225564,0.7944024858168949,6.2556390977443606
4295,2168,2402.7604426786397,128,203,0.050000000000000044,42,True,2168,234.76044267863998,2402.7604426786397,99.50738916256158,0.8021447431061187,4.773399014778325
4296,3100,3366.0311478934796,256,256,0.050000000000000044,42,True,3100,266.03114789347967,3366.0311478934796,100.0,0.8164570957424884,4.87109375
4297,3316,3302.35728283513,256,273,0.050000000000000044,42,True,3316,-13.642717164869442,3302.35728283513,95.6043956043956,0.8113976635465672,4.761904761904762
4298,2820,3084.8943090084585,256,229,0.050000000000000044,42,True,2820,264.8943090084585,3084.8943090084585,100.0,0.8104757191714616,5.283842794759825
4299,2280,2273.822371912526,256,200,0.050000000000000044,42,True,2280,-6.1776280874746465,2273.822371912526,35.0,0.7094721576456823,3.625
4300,1016,1249.3315730418326,128,108,0.050000000000000044,42,True,1016,233.3315730418326,1249.3315730418326,100.0,0.7950625062041402,6.175925925925926
4301,1200,1432.0721543142497,128,132,0.050000000000000044,42,True,1200,232.07215431424868,1432.0721543142497,99.24242424242425,0.7880446239953719,6.174242424242424
4302,760,910.5106238680879,64,93,0.050000000000000044,42,True,760,150.5106238680882,910.5106238680879,98.9247311827957,0.8060658368413498,6.182795698924731
4303,1276,1478.0083851086035,64,146,0.050000000000000044,42,True,1276,202.00838510860382,1478.0083851086035,99.31506849315069,0.8291964664609667,4.089041095890411
4304,3228,3478.6969470046056,256,274,0.050000000000000044,42,True,3228,250.6969470046083,3478.6969470046056,99.27007299270073,0.8264407317098638,4.372262773722627
4305,1568,1757.2697242746437,128,155,0.050000000000000044,42,True,1568,189.2697242746441,1757.2697242746437,100.0,0.8130583953447146,4.877419354838709
4306,756,748.1714369841376,64,97,0.050000000000000044,42,True,756,-7.828563015862615,748.1714369841376,77.31958762886597,0.8230553862626132,4.690721649484536
4307,2920,3171.0005408366396,256,245,0.050000000000000044,42,True,2920,251.0005408366412,3171.0005408366396,98.77551020408163,0.8098463888810379,5.122448979591836
4308,2084,2306.47976908365,128,194,0.050000000000000044,42,True,2084,222.47976908364896,2306.47976908365,99.48453608247422,0.7923968957267464,4.948453608247423
4309,3720,3985.074928167959,256,311,0.050000000000000044,42,True,3720,265.0749281679605,3985.074928167959,100.0,0.8259114573592151,4.556270096463023
4310,2544,2809.4160802180368,256,217,0.050000000000000044,42,True,2544,265.4160802180368,2809.4160802180368,100.0,0.8251720199100795,5.341013824884793
4311,416,570.1220026317551,32,69,0.050000000000000044,42,True,416,154.12200263175538,570.1220026317551,95.65217391304348,0.8039127466494229,5.898550724637682
4312,3240,3480.519368931353,256,270,0.050000000000000044,42,True,3240,240.5193689313547,3480.519368931353,98.88888888888889,0.8103669146357474,4.355555555555555
4313,3060,3241.060820983479,256,251,0.050000000000000044,42,True,3060,181.06082098347952,3241.060820983479,99.60159362549801,0.8157486602050794,4.709163346613546
4314,2316,2549.0963482351403,128,212,0.050000000000000044,42,True,2316,233.09634823514196,2549.0963482351403,100.0,0.8000547058946755,5.047169811320755
4315,3188,3441.9346309139087,256,264,0.050000000000000044,42,True,3188,253.93463091390709,3441.9346309139087,99.24242424242425,0.8043419185898665,4.246212121212121
4316,2188,2412.690437659583,128,206,0.050000000000000044,42,True,2188,224.69043765958213,2412.690437659583,99.51456310679612,0.7974227481859748,5.160194174757281
4317,6324,6617.5664424695115,512,422,0.050000000000000044,42,True,6324,293.56644246950907,6617.5664424695115,100.0,0.8013209933171234,3.755924170616114
4318,2416,2604.780128908032,128,228,0.050000000000000044,42,True,2416,188.7801289080324,2604.780128908032,100.0,0.8020219323309563,4.171052631578948
4319,2304,2568.0244143500026,256,191,0.050000000000000044,42,True,2304,264.0244143500021,2568.0244143500026,100.0,0.8021125298637916,4.617801047120419
4320,1244,1480.7393971194342,128,129,0.050000000000000044,42,True,1244,236.73939711943544,1480.7393971194342,100.0,0.8344617352970064,5.852713178294573
4321,1428,1651.3933146330057,128,149,0.050000000000000044,42,True,1428,223.39331463300604,1651.3933146330057,99.32885906040268,0.7912656113741312,5.060402684563758
4322,1456,1686.5931963631576,128,153,0.050000000000000044,42,True,1456,230.59319636315777,1686.5931963631576,99.34640522875817,0.7951733898072686,5.699346405228758
4323,1020,1253.51654436079,128,110,0.050000000000000044,42,True,1020,233.51654436079087,1253.51654436079,99.0909090909091,0.827492415786557,6.109090909090909
4324,2436,2689.0029512697333,256,207,0.050000000000000044,42,True,2436,253.0029512697323,2689.0029512697333,99.03381642512078,0.8071130004306907,5.714975845410628
4325,2940,3207.3781299672755,256,233,0.050000000000000044,42,True,2940,267.37812996727445,3207.3781299672755,98.28326180257511,0.8179077798768554,4.738197424892704
4326,3492,3758.416070710277,256,289,0.050000000000000044,42,True,3492,266.4160707102784,3758.416070710277,99.65397923875433,0.8183104037603369,4.429065743944637
4327,3056,3311.2040441954214,256,250,0.050000000000000044,42,True,3056,255.20404419542217,3311.2040441954214,99.6,0.7988434360321025,5.236
4328,1452,1676.0609478102638,128,151,0.050000000000000044,42,True,1452,224.0609478102644,1676.0609478102638,99.33774834437087,0.822547349148026,5.33112582781457
4329,2308,2564.596799742467,256,192,0.050000000000000044,42,True,2308,256.59679974246694,2564.596799742467,99.47916666666667,0.8212924671186013,4.75
4330,2336,2601.48297953265,256,197,0.050000000000000044,42,True,2336,265.4829795326503,2601.48297953265,100.0,0.7942794650657671,5.604060913705584
4331,3020,3242.579123814247,256,246,0.050000000000000044,42,True,3020,222.57912381424424,3242.579123814247,100.0,0.8032729368326762,4.390243902439025
4332,2892,3149.928995080452,256,231,0.050000000000000044,42,True,2892,257.92899508045065,3149.928995080452,99.56709956709956,0.7919917808428705,5.194805194805195
4333,3040,3304.860728373046,256,246,0.050000000000000044,42,True,3040,264.860728373048,3304.860728373046,100.0,0.8204576646508555,4.849593495934959
4334,2384,2647.4864989325624,256,198,0.050000000000000044,42,True,2384,263.48649893256254,2647.4864989325624,100.0,0.7899057207148509,5.929292929292929
4335,2428,2685.8295869529147,256,211,0.050000000000000044,42,True,2428,257.8295869529132,2685.8295869529147,98.10426540284361,0.8134437363256419,5.014218009478673
4336,2608,2830.6859164678244,256,227,0.050000000000000044,42,True,2608,222.68591646782392,2830.6859164678244,100.0,0.8174965891729382,4.061674008810573
4337,1416,1631.438287589277,128,146,0.050000000000000044,42,True,1416,215.4382875892757,1631.438287589277,96.57534246575342,0.8186570781840297,5.363013698630137
4338,5056,5328.806883881775,512,344,0.050000000000000044,42,True,5056,272.8068838817745,5328.806883881775,90.40697674418605,0.8177609505193298,4.340116279069767
4339,1364,1599.0629593704016,128,142,0.050000000000000044,42,True,1364,235.06295937040142,1599.0629593704016,99.29577464788733,0.8090718976667753,5.098591549295775
4340,2856,3121.893802637851,256,235,0.050000000000000044,42,True,2856,265.8938026378516,3121.893802637851,99.57446808510639,0.7822328725262053,5.43404255319149
4341,1492,1723.5017331022539,128,157,0.050000000000000044,42,True,1492,231.501733102253,1723.5017331022539,100.0,0.8159652719532858,4.821656050955414
4342,2728,2982.8841264183457,256,220,0.050000000000000044,42,True,2728,254.88412641834492,2982.8841264183457,99.54545454545455,0.7869189182589457,5.359090909090909
4343,2128,2383.4663901689714,256,178,0.050000000000000044,42,True,2128,255.4663901689708,2383.4663901689714,99.43820224719101,0.7806902067674271,5.842696629213483
4344,3296,3555.2366902013846,256,276,0.050000000000000044,42,True,3296,259.23669020138385,3555.2366902013846,95.65217391304348,0.7901446813466001,4.786231884057971
4345,7128,7425.869560292317,512,487,0.050000000000000044,42,True,7128,297.86956029231857,7425.869560292317,99.79466119096509,0.787130417540568,4.328542094455853
4346,4564,4863.309647386782,512,306,0.050000000000000044,42,True,4564,299.309647386781,4863.309647386782,99.67320261437908,0.7784050223817215,4.660130718954249
4347,3152,3417.125689906919,256,263,0.050000000000000044,42,True,3152,265.1256899069193,3417.125689906919,99.61977186311788,0.821155964983141,3.634980988593156
4348,948,1182.8627025197075,128,98,0.050000000000000044,42,True,948,234.8627025197079,1182.8627025197075,98.9795918367347,0.7918620773803242,5.438775510204081
4349,2900,3166.9625959762243,256,237,0.050000000000000044,42,True,2900,266.9625959762243,3166.9625959762243,99.57805907172995,0.7901196255956667,5.632911392405063
4350,4500,4800.6974575128825,512,295,0.050000000000000044,42,True,4500,300.6974575128835,4800.6974575128825,100.0,0.78751853728632,4.271186440677966
4351,1460,1650.2122807017543,128,153,0.050000000000000044,42,True,1460,190.21228070175437,1650.2122807017543,100.0,0.820829428714134,3.9607843137254903
4352,1560,1779.2331781398964,128,163,0.050000000000000044,42,True,1560,219.2331781398958,1779.2331781398964,98.77300613496932,0.8028100158511295,4.846625766871166
4353,3068,3319.6193819552363,256,252,0.050000000000000044,42,True,3068,251.61938195523607,3319.6193819552363,98.01587301587301,0.828809997541483,4.777777777777778
4354,2584,2839.439768497516,256,215,0.050000000000000044,42,True,2584,255.43976849751544,2839.439768497516,99.53488372093024,0.792722024386785,5.051162790697674
4355,5528,5829.483674479816,512,386,0.050000000000000044,42,True,5528,301.4836744798114,5829.483674479816,100.0,0.8023232282215436,3.935233160621762
4356,1456,1690.324423963133,128,153,0.050000000000000044,42,True,1456,234.32442396313363,1690.324423963133,99.34640522875817,0.780722265247113,5.124183006535947
4357,1364,1357.9374808265966,128,142,0.050000000000000044,42,True,1364,-6.0625191734035635,1357.9374808265966,87.32394366197182,0.7833621709273626,3.8309859154929575
4358,2684,2672.091222692551,256,218,0.050000000000000044,42,True,2684,-11.908777307449034,2672.091222692551,89.90825688073394,0.7971255377277019,4.3119266055045875
4359,3392,3648.3431688804553,256,285,0.050000000000000044,42,True,3392,256.3431688804554,3648.3431688804553,99.64912280701755,0.7914340271737013,4.628070175438596
4360,2304,2569.718208072227,256,187,0.050000000000000044,42,True,2304,265.7182080722267,2569.718208072227,99.46524064171123,0.7922322217832737,5.197860962566845
4361,4664,4919.693483444204,512,323,0.050000000000000044,42,True,4664,255.69348344420013,4919.693483444204,100.0,0.8044380697633846,4.498452012383901
4362,2872,3121.071099296565,256,249,0.050000000000000044,42,True,2872,249.07109929656332,3121.071099296565,98.79518072289157,0.8057494145988265,4.052208835341365
4363,3108,3372.6273074705987,256,260,0.050000000000000044,42,True,3108,264.6273074705992,3372.6273074705987,99.23076923076923,0.7946151837514158,5.4423076923076925
4364,5760,5970.214955030334,512,412,0.050000000000000044,42,True,5760,210.21495503032838,5970.214955030334,99.75728155339806,0.8060218204676716,4.422330097087379
4365,3072,3336.793725858649,256,248,0.050000000000000044,42,True,3072,264.7937258586491,3336.793725858649,100.0,0.7967851878293412,5.431451612903226
4366,2772,3039.046942190479,256,222,0.050000000000000044,42,True,2772,267.04694219047974,3039.046942190479,95.49549549549549,0.8021713771497748,4.981981981981982
4367,3672,3925.901393837042,256,302,0.050000000000000044,42,True,3672,253.90139383704303,3925.901393837042,99.66887417218543,0.775277468550069,4.2781456953642385
4368,3916,4174.664104021604,256,319,0.050000000000000044,42,True,3916,258.6641040216001,4174.664104021604,99.3730407523511,0.8074456330742882,3.5517241379310347
4369,1040,1273.5206931497255,128,111,0.050000000000000044,42,True,1040,233.5206931497254,1273.5206931497255,99.09909909909909,0.7846691244133108,5.747747747747748
4370,1900,2162.63422524238,256,155,0.050000000000000044,42,True,1900,262.634225242381,2162.63422524238,100.0,0.7659075728772922,6.2709677419354835
4371,5104,5369.303112296077,512,352,0.050000000000000044,42,True,5104,265.3031122960773,5369.303112296077,98.57954545454545,0.8048585355452086,3.991477272727273
4372,3092,3347.0477122110547,256,247,0.050000000000000044,42,True,3092,255.04771221105366,3347.0477122110547,96.35627530364373,0.7989123597117451,3.8947368421052633
4373,1540,1763.9017693938729,128,158,0.050000000000000044,42,True,1540,223.90176939387294,1763.9017693938729,97.46835443037975,0.827248111116328,4.829113924050633
4374,6348,6622.30113942935,512,428,0.050000000000000044,42,True,6348,274.3011394293577,6622.30113942935,99.06542056074767,0.8202268555841744,4.091121495327103
4375,2536,2791.4196541760143,256,223,0.050000000000000044,42,True,2536,255.41965417601494,2791.4196541760143,99.55156950672645,0.8042021243787415,5.058295964125561
4376,5456,5756.203711901452,512,383,0.050000000000000044,42,True,5456,300.20371190145295,5756.203711901452,100.0,0.7894761589681636,4.715404699738904
4377,2240,2500.071075643766,256,185,0.050000000000000044,42,True,2240,260.07107564376565,2500.071075643766,99.45945945945945,0.7730882270678079,5.610810810810811
4378,5060,5355.711944202265,512,338,0.050000000000000044,42,True,5060,295.71194420226675,5355.711944202265,100.0,0.7937202074093161,4.887573964497041
4379,5332,5626.6644649349,512,366,0.050000000000000044,42,True,5332,294.6644649348985,5626.6644649349,99.72677595628416,0.7985620745582191,4.890710382513661
4380,1660,1851.4899968537743,128,171,0.050000000000000044,42,True,1660,191.48999685377456,1851.4899968537743,100.0,0.8424566297709595,4.690058479532164
4381,6320,6619.2854005755,512,425,0.050000000000000044,42,True,6320,299.285400575496,6619.2854005755,99.05882352941177,0.8112546366772229,3.7623529411764705
4382,3392,3643.1147639817204,256,269,0.050000000000000044,42,True,3392,251.11476398171993,3643.1147639817204,98.88475836431226,0.7744502001504023,5.5799256505576205
4383,1612,1594.8760514998714,128,161,0.050000000000000044,42,True,1612,-17.12394850012806,1594.8760514998714,16.149068322981368,0.7329285135634473,4.826086956521739
4384,1040,1233.7960676992354,64,125,0.050000000000000044,42,True,1040,193.7960676992353,1233.7960676992354,98.4,0.7821554616456626,5.16
4385,6272,6549.952040172563,512,418,0.050000000000000044,42,True,6272,277.95204017256486,6549.952040172563,99.04306220095694,0.8048530308576839,4.0311004784688995
4386,5340,5637.87593249987,512,368,0.050000000000000044,42,True,5340,297.8759324998714,5637.87593249987,97.82608695652173,0.7920086995433046,4.024456521739131
4387,2560,2824.0094586725318,256,219,0.050000000000000044,42,True,2560,264.0094586725314,2824.0094586725318,100.0,0.8166624503384481,4.552511415525114
4388,4760,5049.218297497826,512,334,0.050000000000000044,42,True,4760,289.21829749783035,5049.218297497826,98.20359281437126,0.7963883731788801,4.688622754491018
4389,5304,5602.98806137542,512,364,0.050000000000000044,42,True,5304,298.98806137542056,5602.98806137542,99.72527472527473,0.8081862935013248,3.480769230769231
4390,2400,2661.2624315029743,256,202,0.050000000000000044,42,True,2400,261.26243150297705,2661.2624315029743,100.0,0.80080015315376,6.183168316831683
4391,3260,3473.1759345806267,256,278,0.050000000000000044,42,True,3260,213.17593458062487,3473.1759345806267,99.64028776978417,0.8063841044365145,4.66546762589928
4392,5528,5767.649375526263,512,394,0.050000000000000044,42,True,5528,239.64937552625736,5767.649375526263,99.49238578680203,0.7777275923959405,4.725888324873097
4393,1316,1550.8845140760714,128,140,0.050000000000000044,42,True,1316,234.88451407607138,1550.8845140760714,100.0,0.8538574421220269,4.678571428571429
4394,2588,2854.783575490981,256,227,0.050000000000000044,42,True,2588,266.7835754909802,2854.783575490981,99.55947136563877,0.8015523300514358,4.577092511013216
4395,6412,6657.657132183349,512,439,0.050000000000000044,42,True,6412,245.65713218334793,6657.657132183349,99.77220956719817,0.7947372529273414,4.457858769931663
4396,3220,3484.5130491098753,256,268,0.050000000000000044,42,True,3220,264.5130491098772,3484.5130491098753,100.0,0.8079497277623712,4.5559701492537314
4397,3036,3233.3962917454555,256,256,0.050000000000000044,42,True,3036,197.39629174545678,3233.3962917454555,98.828125,0.8085047072579595,4.0078125
4398,2324,2585.1615835777125,256,195,0.050000000000000044,42,True,2324,261.16158357771263,2585.1615835777125,100.0,0.7817036587765552,5.517948717948718
4399,2636,2630.1600929291785,256,221,0.050000000000000044,42,True,2636,-5.839907070822713,2630.1600929291785,50.2262443438914,0.7336448568919645,3.7782805429864252
4400,3036,3241.493599049112,256,252,0.050000000000000044,42,True,3036,205.4935990491129,3241.493599049112,97.22222222222223,0.7856422634226279,4.781746031746032
4401,2704,2970.177649442755,256,212,0.050000000000000044,42,True,2704,266.1776494427558,2970.177649442755,99.05660377358491,0.7942763104848543,5.433962264150943
4402,252,391.5886987052886,16,53,0.050000000000000044,42,True,252,139.58869870528855,391.5886987052886,77.35849056603773,0.7813376849251911,5.264150943396227
4403,1688,1904.924164222873,128,170,0.050000000000000044,42,True,1688,216.92416422287388,1904.924164222873,97.6470588235294,0.8115264015729234,4.964705882352941
4404,3232,3497.3635275053607,256,262,0.050000000000000044,42,True,3232,265.363527505361,3497.3635275053607,99.61832061068702,0.7850506470236059,4.194656488549619
4405,1648,1875.6020766278043,128,175,0.050000000000000044,42,True,1648,227.6020766278044,1875.6020766278043,98.85714285714286,0.786014666297006,5.377142857142857
4406,1428,1421.6589952824177,128,147,0.050000000000000044,42,True,1428,-6.3410047175825355,1421.6589952824177,93.87755102040816,0.802603402930608,4.469387755102041
4407,3268,3525.870769892472,256,269,0.050000000000000044,42,True,3268,257.8707698924731,3525.870769892472,99.25650557620818,0.8245752223848962,3.7360594795539033
4408,2852,3109.389082145144,256,239,0.050000000000000044,42,True,2852,257.3890821451444,3109.389082145144,98.32635983263599,0.7972474825641327,4.7531380753138075
4409,3280,3223.627820935432,256,270,0.050000000000000044,42,True,3280,-56.37217906456744,3223.627820935432,72.22222222222223,0.7619611426186378,5.018518518518518
4410,2340,2598.0234480493405,256,193,0.050000000000000044,42,True,2340,258.02344804934125,2598.0234480493405,98.44559585492227,0.8024740525594064,3.8756476683937824
4411,3268,3261.7699905859904,256,279,0.050000000000000044,42,True,3268,-6.230009414011484,3261.7699905859904,72.04301075268818,0.7207179155020471,4.347670250896058
4412,3156,3403.792211707708,256,262,0.050000000000000044,42,True,3156,247.79221170770813,3403.792211707708,99.23664122137404,0.7945252378041509,5.687022900763359
4413,4456,4743.555574419917,512,296,0.050000000000000044,42,True,4456,287.5555744199208,4743.555574419917,98.64864864864865,0.7803822547023143,5.537162162162162
4414,5400,5629.921777979704,512,371,0.050000000000000044,42,True,5400,229.92177797970618,5629.921777979704,99.19137466307278,0.7927223802359221,4.366576819407008
4415,2972,3236.725110234395,256,238,0.050000000000000044,42,True,2972,264.7251102343931,3236.725110234395,100.0,0.8033781716153671,5.264705882352941
4416,1244,1233.6827482605943,128,129,0.050000000000000044,42,True,1244,-10.317251739405439,1233.6827482605943,10.077519379844961,0.744537892642074,3.875968992248062
4417,1252,1244.6105504098796,128,132,0.050000000000000044,42,True,1252,-7.389449590120293,1244.6105504098796,46.21212121212121,0.7596416557637555,5.484848484848484
4418,2836,3102.836021505377,256,234,0.050000000000000044,42,True,2836,266.8360215053763,3102.836021505377,99.57264957264957,0.7728619512306228,5.414529914529915
4419,2500,2757.318197140445,256,217,0.050000000000000044,42,True,2500,257.3181971404442,2757.318197140445,98.61751152073732,0.8179507214813152,5.442396313364055
4420,1932,1925.198441389904,128,192,0.050000000000000044,42,True,1932,-6.80155861009588,1925.198441389904,4.6875,0.735941083964556,3.90625
4421,2776,3041.806249722279,256,224,0.050000000000000044,42,True,2776,265.80624972227963,3041.806249722279,100.0,0.8279389285682829,5.495535714285714
4422,3236,3500.7658211918542,256,267,0.050000000000000044,42,True,3236,264.76582119185514,3500.7658211918542,100.0,0.7809442894331202,5.00374531835206
4423,6744,7023.7073705039365,512,466,0.050000000000000044,42,True,6744,279.70737050393683,7023.7073705039365,99.57081545064378,0.7982516789741879,4.190987124463519
4424,3268,3524.65218090237,256,273,0.050000000000000044,42,True,3268,256.65218090236846,3524.65218090237,99.26739926739927,0.7882441837407358,4.673992673992674
4425,3156,3406.824130524258,256,261,0.050000000000000044,42,True,3156,250.82413052425787,3406.824130524258,95.78544061302682,0.8230615120306176,4.490421455938697
4426,2196,2458.362642171903,256,181,0.050000000000000044,42,True,2196,262.3626421719023,2458.362642171903,99.4475138121547,0.8203872675316093,5.585635359116022
4427,6148,6437.082101037834,512,418,0.050000000000000044,42,True,6148,289.08210103783205,6437.082101037834,97.8468899521531,0.8122841339289573,4.08133971291866
4428,956,1125.8320410838326,64,119,0.050000000000000044,42,True,956,169.83204108383217,1125.8320410838326,94.11764705882354,0.7944893898059755,6.016806722689076
4429,5992,6193.473183054796,512,393,0.050000000000000044,42,True,5992,201.47318305479985,6193.473183054796,99.4910941475827,0.7731147635138306,4.765903307888041
4430,1600,1584.6322256985657,128,168,0.050000000000000044,42,True,1600,-15.367774301434917,1584.6322256985657,32.73809523809524,0.7860688884142187,6.005952380952381
4431,2220,2442.4004678434985,256,182,0.050000000000000044,42,True,2220,222.4004678434989,2442.4004678434985,100.0,0.8091636145507274,5.576923076923077
4432,1428,1651.9554381685048,128,147,0.050000000000000044,42,True,1428,223.95543816850468,1651.9554381685048,99.31972789115646,0.784915742585815,5.312925170068027
4433,412,612.4198533810668,64,59,0.050000000000000044,42,True,412,200.4198533810668,612.4198533810668,98.30508474576271,0.7778876780987138,5.864406779661017
4434,2432,2687.291611011766,256,204,0.050000000000000044,42,True,2432,255.29161101176356,2687.291611011766,99.01960784313725,0.764120758752625,5.387254901960785
4435,1316,1550.4967266775782,128,138,0.050000000000000044,42,True,1316,234.49672667757773,1550.4967266775782,94.92753623188406,0.7995873488669475,6.681159420289855
4436,3268,3532.171722368871,256,270,0.050000000000000044,42,True,3268,264.17172236887245,3532.171722368871,99.62962962962963,0.8016749377647013,5.381481481481481
4437,2068,2286.244551754851,128,194,0.050000000000000044,42,True,2068,218.24455175484985,2286.244551754851,98.96907216494846,0.8125459382866064,4.170103092783505
4438,2116,2347.7728388418445,128,200,0.050000000000000044,42,True,2116,231.7728388418439,2347.7728388418445,100.0,0.8000264311089532,4.795
4439,1552,1775.1151020126833,128,160,0.050000000000000044,42,True,1552,223.11510201268266,1775.1151020126833,71.25,0.7858330129253293,4.24375
4440,6184,6475.009402447486,512,427,0.050000000000000044,42,True,6184,291.009402447477,6475.009402447486,99.53161592505855,0.8002270127347964,4.585480093676815
4441,6488,6781.41267954833,512,450,0.050000000000000044,42,True,6488,293.41267954833324,6781.41267954833,99.77777777777777,0.8085652869847926,4.471111111111111
4442,3104,3361.8228885233875,256,256,0.050000000000000044,42,True,3104,257.82288852338644,3361.8228885233875,99.21875,0.8035806495690969,5.0703125
4443,4416,4714.25488537596,512,301,0.050000000000000044,42,True,4416,298.2548853759552,4714.25488537596,99.66777408637874,0.8049251647541229,5.514950166112957
4444,2704,2952.4869465446686,256,214,0.050000000000000044,42,True,2704,248.48694654467062,2952.4869465446686,99.06542056074767,0.8089028941064027,5.275700934579439
4445,2872,3136.27164465987,256,236,0.050000000000000044,42,True,2872,264.2716446598696,3136.27164465987,100.0,0.8078640730608461,4.711864406779661
4446,4340,4611.675181355151,512,290,0.050000000000000044,42,True,4340,271.6751813551474,4611.675181355151,98.96551724137932,0.7717792278751872,5.2620689655172415
4447,5580,5824.50907403994,512,390,0.050000000000000044,42,True,5580,244.50907403993855,5824.50907403994,99.74358974358974,0.8122509246090422,4.223076923076923
4448,3540,3761.888340216557,256,299,0.050000000000000044,42,True,3540,221.88834021655722,3761.888340216557,100.0,0.8030048913633518,4.37123745819398
4449,2284,2534.252848511286,256,192,0.050000000000000044,42,True,2284,250.25284851128492,2534.252848511286,83.85416666666667,0.8172331955362441,5.015625
4450,1460,1649.550470430108,128,144,0.050000000000000044,42,True,1460,189.55047043010754,1649.550470430108,100.0,0.7955134501295996,4.965277777777778
4451,4476,4771.716815183156,512,303,0.050000000000000044,42,True,4476,295.7168151831546,4771.716815183156,100.0,0.8033170611053464,5.376237623762377
4452,2464,2720.658959320249,256,213,0.050000000000000044,42,True,2464,256.6589593202496,2720.658959320249,99.06103286384976,0.8233018853996931,4.31924882629108
4453,4444,4698.05352888487,512,295,0.050000000000000044,42,True,4444,254.0535288848687,4698.05352888487,100.0,0.795793092142432,5.013559322033898
4454,7228,7518.707984728501,512,506,0.050000000000000044,42,True,7228,290.7079847284984,7518.707984728501,95.8498023715415,0.7831640594095115,4.6936758893280635
4455,3592,3834.7466409492854,256,301,0.050000000000000044,42,True,3592,242.74664094928565,3834.7466409492854,94.6843853820598,0.8067485633959294,3.9435215946843853
4456,2124,2116.350406929679,128,196,0.050000000000000044,42,True,2124,-7.6495930703210355,2116.350406929679,34.69387755102041,0.7711929315050473,4.938775510204081
4457,1132,1123.1296683644603,128,122,0.050000000000000044,42,True,1132,-8.870331635540467,1123.1296683644603,69.67213114754098,0.7943619927156486,4.852459016393443
4458,3028,3248.838778604905,256,246,0.050000000000000044,42,True,3028,220.83877860490765,3248.838778604905,100.0,0.8098433588017013,5.223577235772358
4459,7196,7427.925589620545,512,497,0.050000000000000044,42,True,7196,231.92558962054562,7427.925589620545,99.3963782696177,0.8011364558274527,4.086519114688128
4460,2480,2738.329255290213,256,212,0.050000000000000044,42,True,2480,258.3292552902138,2738.329255290213,99.52830188679245,0.8052468821576432,5.636792452830188
4461,1552,1788.6758716194201,128,160,0.050000000000000044,42,True,1552,236.67587161942004,1788.6758716194201,99.375,0.7913144610156395,4.28125
4462,4404,4701.614352501165,512,295,0.050000000000000044,42,True,4404,297.6143525011688,4701.614352501165,99.66101694915254,0.7911167149808288,3.7559322033898304
4463,4548,4841.587666034156,512,307,0.050000000000000044,42,True,4548,293.5876660341556,4841.587666034156,99.6742671009772,0.7929454002646428,5.175895765472313
4464,1328,1540.711200198894,128,138,0.050000000000000044,42,True,1328,212.71120019889366,1540.711200198894,98.55072463768116,0.7798246131846982,6.36231884057971
4465,3164,3413.6469858414803,256,263,0.050000000000000044,42,True,3164,249.646985841483,3413.6469858414803,99.23954372623574,0.806218920539259,4.809885931558935
4466,1776,2010.8916152323288,128,169,0.050000000000000044,42,True,1776,234.89161523232795,2010.8916152323288,99.40828402366864,0.8007029460082015,4.4674556213017755
4467,1368,1595.0951667909403,128,146,0.050000000000000044,42,True,1368,227.09516679093986,1595.0951667909403,99.31506849315069,0.8050045716722746,5.63013698630137
4468,2328,2588.274908326534,256,197,0.050000000000000044,42,True,2328,260.2749083265309,2588.274908326534,98.98477157360406,0.7946757582705949,5.50761421319797
4469,5940,6238.821836569333,512,423,0.050000000000000044,42,True,5940,298.82183656933654,6238.821836569333,100.0,0.821749664494736,4.210401891252955
4470,1496,1712.2646409496551,128,149,0.050000000000000044,42,True,1496,216.26464094965567,1712.2646409496551,97.98657718120805,0.8020141378855126,5.610738255033557
4471,6884,7178.453735426543,512,463,0.050000000000000044,42,True,6884,294.4537354265423,7178.453735426543,100.0,0.8177973259677593,3.6630669546436283
4472,2676,2896.27448242658,256,215,0.050000000000000044,42,True,2676,220.27448242657678,2896.27448242658,100.0,0.7727577333916631,6.209302325581396
4473,6584,6882.555754885112,512,452,0.050000000000000044,42,True,6584,298.5557548851048,6882.555754885112,99.5575221238938,0.7921060132091282,4.371681415929204
4474,6604,6901.530221673641,512,457,0.050000000000000044,42,True,6604,297.53022167363474,6901.530221673641,99.56236323851203,0.8068181875392363,3.439824945295405
4475,1380,1364.6120751057665,128,139,0.050000000000000044,42,True,1380,-15.387924894232338,1364.6120751057665,87.05035971223022,0.8009390775062455,4.9352517985611515
4476,7288,7588.5908284304405,512,501,0.050000000000000044,42,True,7288,300.59082843042955,7588.5908284304405,100.0,0.7877704466915125,4.510978043912176
4477,1452,1684.2216194195164,128,152,0.050000000000000044,42,True,1452,232.22161941951606,1684.2216194195164,100.0,0.8197718781731679,5.6644736842105265
4478,3864,4122.880315799671,256,318,0.050000000000000044,42,True,3864,258.88031579967065,4122.880315799671,99.68553459119497,0.8173971182695448,4.110062893081761
4479,5644,5942.453058991174,512,402,0.050000000000000044,42,True,5644,298.4530589911761,5942.453058991174,99.75124378109453,0.7956085384440565,5.062189054726368
4480,1480,1670.1130305602717,128,155,0.050000000000000044,42,True,1480,190.11303056027165,1670.1130305602717,100.0,0.7846789699391256,5.367741935483871
4481,1380,1614.2771995929986,128,137,0.050000000000000044,42,True,1380,234.2771995929992,1614.2771995929986,100.0,0.8164701064313531,5.262773722627737
4482,2552,2765.7364729361134,256,218,0.050000000000000044,42,True,2552,213.73647293611333,2765.7364729361134,99.54128440366972,0.8252744347294527,4.577981651376147
4483,2696,2961.2124106149704,256,233,0.050000000000000044,42,True,2696,265.21241061496903,2961.2124106149704,100.0,0.8315845402029796,4.888412017167382
4484,3660,3920.0033975619717,256,298,0.050000000000000044,42,True,3660,260.0033975619708,3920.0033975619717,98.65771812080537,0.812449379839655,4.557046979865772
4485,3256,3499.1912787020296,256,270,0.050000000000000044,42,True,3256,243.19127870202843,3499.1912787020296,98.88888888888889,0.8022600710669316,5.2481481481481485
4486,5608,5903.897721454177,512,386,0.050000000000000044,42,True,5608,295.89772145417305,5903.897721454177,100.0,0.7792609844930979,4.551813471502591
4487,4568,4822.58623350307,256,343,0.050000000000000044,42,True,4568,254.58623350306914,4822.58623350307,96.7930029154519,0.7845527420254381,3.889212827988338
4488,2076,2300.8350119700917,128,195,0.050000000000000044,42,True,2076,224.83501197009204,2300.8350119700917,68.71794871794872,0.7785183392537308,4.923076923076923
4489,4692,4981.175667696671,512,329,0.050000000000000044,42,True,4692,289.1756676966679,4981.175667696671,99.3920972644377,0.8161838606922421,4.805471124620061
4490,5172,5469.0451297677855,512,361,0.050000000000000044,42,True,5172,297.045129767784,5469.0451297677855,100.0,0.792527196035749,4.803324099722992
4491,5624,5920.391265309512,512,394,0.050000000000000044,42,True,5624,296.39126530951694,5920.391265309512,100.0,0.7738918581092251,4.601522842639594
4492,1604,1832.0109005359307,128,168,0.050000000000000044,42,True,1604,228.01090053593109,1832.0109005359307,98.80952380952381,0.8204088825265701,4.785714285714286
4493,3392,3658.2934403391337,256,284,0.050000000000000044,42,True,3392,266.29344033913407,3658.2934403391337,98.94366197183099,0.8121343473195273,4.573943661971831
4494,10920,11251.60483471572,1024,649,0.050000000000000044,42,True,10920,331.60483471571104,11251.60483471572,99.84591679506934,0.8181147659976113,3.5762711864406778
4495,1304,1536.6503137755294,128,135,0.050000000000000044,42,True,1304,232.6503137755292,1536.6503137755294,100.0,0.8194151159883354,5.651851851851852
4496,4628,4850.355094623622,512,321,0.050000000000000044,42,True,4628,222.3550946236222,4850.355094623622,100.0,0.8050030730842305,5.59190031152648
4497,1328,1303.4804214059297,128,138,0.050000000000000044,42,True,1328,-24.519578594070474,1303.4804214059297,33.333333333333336,0.7704025189751096,5.927536231884058
4498,1532,1516.8574059604862,128,156,0.050000000000000044,42,True,1532,-15.142594039513327,1516.8574059604862,18.58974358974359,0.7875173168506323,4.480769230769231
4499,11468,11786.191653451238,1024,672,0.050000000000000044,42,True,11468,318.191653451246,11786.191653451238,99.25595238095238,0.7944486351178034,3.59375
4500,4780,5044.66979501937,256,360,0.050000000000000044,42,True,4780,264.6697950193706,5044.66979501937,99.72222222222223,0.8145770121151301,3.861111111111111
4501,6068,6365.161270059978,512,407,0.050000000000000044,42,True,6068,297.16127005997726,6365.161270059978,100.0,0.7826460877765238,4.45945945945946
4502,2576,2841.2885332722954,256,220,0.050000000000000044,42,True,2576,265.28853327229535,2841.2885332722954,99.0909090909091,0.8318101579386463,4.963636363636364
4503,2756,3020.9456896631455,256,224,0.050000000000000044,42,True,2756,264.94568966314364,3020.9456896631455,93.30357142857143,0.7879206373190895,5.78125
4504,3124,3379.7465650786944,256,254,0.050000000000000044,42,True,3124,255.74656507869685,3379.7465650786944,99.60629921259843,0.7664374038202546,5.086614173228346
4505,1040,1024.3534028716763,64,119,0.050000000000000044,42,True,1040,-15.646597128324004,1024.3534028716763,57.142857142857146,0.81090457288485,4.798319327731092
4506,5412,5710.946360011931,512,374,0.050000000000000044,42,True,5412,298.94636001192225,5710.946360011931,100.0,0.8173763961338564,3.732620320855615
4507,1292,1528.9806037209098,128,130,0.050000000000000044,42,True,1292,236.98060372090993,1528.9806037209098,96.15384615384616,0.8046299080344816,6.392307692307693
4508,2996,3254.284507351328,256,246,0.050000000000000044,42,True,2996,258.28450735132765,3254.284507351328,97.15447154471545,0.8204483196585639,5.321138211382114
4509,692,692.4910466692367,64,91,0.050000000000000044,42,True,692,0.49104666923660467,692.4910466692367,0.0,0.7498813046946429,4.846153846153846
4510,1388,1613.2231321123595,128,142,0.050000000000000044,42,True,1388,225.22313211235914,1613.2231321123595,62.67605633802817,0.7613723133018879,5.457746478873239
4511,3316,3573.8621226382056,256,277,0.050000000000000044,42,True,3316,257.8621226382072,3573.8621226382056,99.63898916967509,0.8144180074001875,4.407942238267148
4512,2132,2389.5449485997874,256,179,0.050000000000000044,42,True,2132,257.54494859978735,2389.5449485997874,98.88268156424581,0.8423455438722907,5.4916201117318435
4513,464,635.0713313500161,32,74,0.050000000000000044,42,True,464,171.07133135001652,635.0713313500161,41.891891891891895,0.8057453958762746,5.702702702702703
4514,2724,2718.2401173125786,256,229,0.050000000000000044,42,True,2724,-5.75988268741928,2718.2401173125786,6.11353711790393,0.7632750652344789,3.873362445414847
4515,5404,5693.063105800298,512,376,0.050000000000000044,42,True,5404,289.0631058002975,5693.063105800298,99.46808510638297,0.8341659388346444,3.848404255319149
4516,536,740.5831186520037,64,74,0.050000000000000044,42,True,536,204.58311865200344,740.5831186520037,100.0,0.8246906832438311,7.0
4517,3352,3619.083656332198,256,279,0.050000000000000044,42,True,3352,267.0836563321967,3619.083656332198,99.6415770609319,0.7870544417163613,5.412186379928316
4518,3028,3275.0706014072475,256,256,0.050000000000000044,42,True,3028,247.07060140724988,3275.0706014072475,99.21875,0.8031089079139346,5.25390625
4519,1464,1698.8575653353103,128,154,0.050000000000000044,42,True,1464,234.85756533531048,1698.8575653353103,96.75324675324676,0.8221838408648362,6.0064935064935066
4520,3720,3986.2968640766994,256,306,0.050000000000000044,42,True,3720,266.29686407670033,3986.2968640766994,99.67320261437908,0.8347731711032527,3.954248366013072
4521,5448,5739.091000672581,512,378,0.050000000000000044,42,True,5448,291.091000672579,5739.091000672581,99.47089947089947,0.8090218476628792,4.965608465608466
4522,2024,2003.3487606112058,256,170,0.050000000000000044,42,True,2024,-20.651239388794544,2003.3487606112058,85.88235294117646,0.7860976866017739,6.58235294117647
4523,2968,3210.8282868990154,256,249,0.050000000000000044,42,True,2968,242.82828689901632,3210.8282868990154,97.59036144578313,0.8009386392434887,5.232931726907631
4524,588,788.9599514389122,64,81,0.050000000000000044,42,True,588,200.9599514389122,788.9599514389122,100.0,0.825741042656112,4.432098765432099
4525,696,686.6028094198546,64,92,0.050000000000000044,42,True,696,-9.397190580145503,686.6028094198546,5.434782608695652,0.7414780106172895,5.434782608695652
4526,4572,4540.630192834184,512,310,0.050000000000000044,42,True,4572,-31.36980716581362,4540.630192834184,74.51612903225806,0.7718522777703994,5.45483870967742
4527,4728,5015.419739164958,512,329,0.050000000000000044,42,True,4728,287.4197391649562,5015.419739164958,99.69604863221885,0.8131368820174376,5.343465045592705
4528,3136,3384.881168085,256,259,0.050000000000000044,42,True,3136,248.88116808500007,3384.881168085,99.22779922779922,0.8069511111198818,4.803088803088803
4529,1052,1286.2527533398504,128,113,0.050000000000000044,42,True,1052,234.2527533398501,1286.2527533398504,99.11504424778761,0.7890817922644278,6.486725663716814
4530,1448,1671.636381217606,128,151,0.050000000000000044,42,True,1448,223.63638121760656,1671.636381217606,99.33774834437087,0.824832099329327,4.119205298013245
4531,1048,1042.7721887808477,128,112,0.050000000000000044,42,True,1048,-5.227811219152468,1042.7721887808477,73.21428571428571,0.7238910948548607,6.705357142857143
4532,1536,1486.5808452230822,128,160,0.050000000000000044,42,True,1536,-49.41915477691845,1486.5808452230822,86.875,0.7938687247155327,4.1125
4533,3324,3587.2295009570616,256,276,0.050000000000000044,42,True,3324,263.2295009570598,3587.2295009570616,100.0,0.8013553483074406,3.8079710144927534
4534,3056,3050.0881131251886,256,245,0.050000000000000044,42,True,3056,-5.911886874809921,3050.0881131251886,2.4489795918367347,0.7145532191307011,3.216326530612245
4535,3444,3433.8725110304963,256,285,0.050000000000000044,42,True,3444,-10.12748896950682,3433.8725110304963,48.771929824561404,0.7549490197227705,4.052631578947368
4536,476,478.8049483836573,64,69,0.050000000000000044,42,True,476,2.8049483836572495,478.8049483836573,0.0,0.7524628845185967,5.927536231884058
4537,2420,2682.5563561313816,256,202,0.050000000000000044,42,True,2420,262.5563561313826,2682.5563561313816,100.0,0.8445148309524211,4.688118811881188
4538,3244,3501.3601837056963,256,263,0.050000000000000044,42,True,3244,257.3601837056971,3501.3601837056963,99.61977186311788,0.818591383449246,4.517110266159696
4539,3124,3384.96099565036,256,260,0.050000000000000044,42,True,3124,260.96099565036224,3384.96099565036,98.84615384615384,0.8237302070015167,3.8076923076923075
4540,4776,5064.148445020271,512,326,0.050000000000000044,42,True,4776,288.1484450202716,5064.148445020271,99.69325153374233,0.8134499410697656,3.8803680981595092
4541,5116,5373.190013514634,512,359,0.050000000000000044,42,True,5116,257.19001351462856,5373.190013514634,100.0,0.8170785500125568,4.197771587743732
4542,4756,5044.436352775067,512,331,0.050000000000000044,42,True,4756,288.4363527750624,5044.436352775067,99.69788519637463,0.7845876544025522,5.099697885196375
4543,6428,6710.417860947431,512,437,0.050000000000000044,42,True,6428,282.417860947435,6710.417860947431,99.54233409610984,0.7706652136052319,4.421052631578948
4544,2516,2755.578257226648,256,212,0.050000000000000044,42,True,2516,239.57825722664433,2755.578257226648,98.11320754716981,0.7602392941613424,5.066037735849057
4545,1308,1304.7309403940587,128,133,0.050000000000000044,42,True,1308,-3.26905960594193,1304.7309403940587,70.67669172932331,0.7991023668086604,5.7368421052631575
4546,656,815.7380031122511,32,96,0.050000000000000044,42,True,656,159.73800311225133,815.7380031122511,98.95833333333333,0.8075904243452309,4.65625
4547,2156,2149.6856144807875,256,181,0.050000000000000044,42,True,2156,-6.31438551921239,2149.6856144807875,80.66298342541437,0.7936987088070869,5.397790055248619
4548,3112,3300.5893175339306,256,249,0.050000000000000044,42,True,3112,188.58931753393108,3300.5893175339306,100.0,0.8046575214324658,4.991967871485944
4549,2324,2541.9878056271777,128,214,0.050000000000000044,42,True,2324,217.9878056271773,2541.9878056271777,99.06542056074767,0.8132380165916562,4.242990654205608
4550,2280,2529.8720591802085,256,188,0.050000000000000044,42,True,2280,249.8720591802086,2529.8720591802085,98.40425531914893,0.8038756074878218,6.25
4551,3100,3357.1231817894795,256,256,0.050000000000000044,42,True,3100,257.12318178947834,3357.1231817894795,99.21875,0.8049046610792882,4.6640625
4552,2932,3195.8242394925505,256,245,0.050000000000000044,42,True,2932,263.8242394925498,3195.8242394925505,100.0,0.8321855509575048,4.293877551020408
4553,1176,1285.6792922201823,64,141,0.050000000000000044,42,True,1176,109.67929222018218,1285.6792922201823,60.99290780141844,0.7842534370502097,4.24822695035461
4554,1488,1724.3310180710805,128,156,0.050000000000000044,42,True,1488,236.3310180710808,1724.3310180710805,99.35897435897436,0.7923944244920684,5.647435897435898
4555,2292,2543.001980758349,256,191,0.050000000000000044,42,True,2292,251.00198075834743,2543.001980758349,97.90575916230367,0.8060547586350896,6.209424083769633
4556,1092,1084.805758096329,128,122,0.050000000000000044,42,True,1092,-7.1942419036711875,1084.805758096329,26.229508196721312,0.7357621054663566,5.131147540983607
4557,4724,5024.882906388361,512,325,0.050000000000000044,42,True,4724,300.88290638836173,5024.882906388361,99.6923076923077,0.8057111307578939,5.150769230769231
4558,5252,5544.782483045261,512,358,0.050000000000000044,42,True,5252,292.78248304526517,5544.782483045261,99.72067039106145,0.7865773115051171,4.840782122905028
4559,3540,3798.346462001972,256,301,0.050000000000000044,42,True,3540,258.3464620019739,3798.346462001972,99.00332225913621,0.8408359702295161,4.086378737541528
4560,5616,5897.930999601393,512,393,0.050000000000000044,42,True,5616,281.93099960139284,5897.930999601393,99.4910941475827,0.8116106346801419,4.190839694656488
4561,4580,4877.957260503874,512,311,0.050000000000000044,42,True,4580,297.95726050387367,4877.957260503874,100.0,0.7911318664314272,5.247588424437299
4562,2316,2547.739074779046,128,222,0.050000000000000044,42,True,2316,231.73907477904672,2547.739074779046,99.54954954954955,0.8273574083889269,3.8963963963963963
4563,2392,2642.697623089983,256,206,0.050000000000000044,42,True,2392,250.69762308998304,2642.697623089983,99.02912621359224,0.8085939107087393,5.70873786407767
4564,968,960.4199765329455,64,116,0.050000000000000044,42,True,968,-7.580023467054264,960.4199765329455,23.275862068965516,0.7368238004548044,5.413793103448276
4565,2876,3125.6367556356095,256,236,0.050000000000000044,42,True,2876,249.6367556356094,3125.6367556356095,98.72881355932203,0.7990427068791973,4.779661016949152
4566,680,675.2113476468319,64,92,0.050000000000000044,42,True,680,-4.7886523531685,675.2113476468319,20.652173913043477,0.6733335188683327,4.945652173913044
4567,3156,3420.6078963272116,256,259,0.050000000000000044,42,True,3156,264.60789632721014,3420.6078963272116,99.22779922779922,0.7765580096537211,5.250965250965251
4568,2456,2723.756737588653,256,212,0.050000000000000044,42,True,2456,267.75673758865247,2723.756737588653,99.52830188679245,0.7887738960672309,6.202830188679245
4569,7104,7401.670480950215,512,487,0.050000000000000044,42,True,7104,297.67048095021744,7401.670480950215,99.79466119096509,0.7686554995063096,4.95687885010267
4570,2168,2393.5713870864824,128,202,0.050000000000000044,42,True,2168,225.57138708648174,2393.5713870864824,99.5049504950495,0.8053576921878569,4.737623762376238
4571,3360,3623.907399773265,256,281,0.050000000000000044,42,True,3360,263.90739977326604,3623.907399773265,100.0,0.8248952151878945,4.444839857651245
4572,1392,1624.5505894089292,128,145,0.050000000000000044,42,True,1392,232.55058940893008,1624.5505894089292,100.0,0.8273410332546848,5.510344827586207
4573,2980,3237.4010412359135,256,235,0.050000000000000044,42,True,2980,257.4010412359148,3237.4010412359135,99.14893617021276,0.8006533355112331,4.463829787234043
4574,2836,3105.780437352246,256,230,0.050000000000000044,42,True,2836,269.7804373522458,3105.780437352246,99.1304347826087,0.797314676680078,5.71304347826087
4575,4756,5047.794848726561,512,327,0.050000000000000044,42,True,4756,291.79484872655775,5047.794848726561,99.08256880733946,0.7899669143223877,4.782874617737003
4576,3296,3563.7720687217925,256,277,0.050000000000000044,42,True,3296,267.77206872179,3563.7720687217925,99.27797833935018,0.8260707001485789,4.133574007220217
4577,5624,5913.328380486093,512,393,0.050000000000000044,42,True,5624,289.3283804860917,5913.328380486093,95.67430025445293,0.8116228845695285,4.162849872773537
4578,736,737.294808169498,64,97,0.050000000000000044,42,True,736,1.2948081694979958,737.294808169498,0.0,0.7579844802245562,4.938144329896907
4579,2264,2520.7464049747364,256,186,0.050000000000000044,42,True,2264,256.74640497473763,2520.7464049747364,98.9247311827957,0.7920695173539636,5.591397849462366
4580,2192,2458.998672490926,256,189,0.050000000000000044,42,True,2192,266.99867249092665,2458.998672490926,99.47089947089947,0.8084856474393489,5.238095238095238
4581,5268,5549.311220408732,512,359,0.050000000000000044,42,True,5268,281.31122040873646,5549.311220408732,98.8857938718663,0.7885419964246512,4.8635097493036215
4582,2520,2745.3303750578784,256,211,0.050000000000000044,42,True,2520,225.3303750578793,2745.3303750578784,100.0,0.8026729735277218,5.4739336492890995
4583,4528,4826.976158137283,512,300,0.050000000000000044,42,True,4528,298.97615813727873,4826.976158137283,100.0,0.7925771434529809,5.433333333333334
4584,12184,12508.99259136779,1024,725,0.050000000000000044,42,True,12184,324.99259136778596,12508.99259136779,99.86206896551724,0.7884839760489643,3.707586206896552
4585,1536,1772.0082316797705,128,163,0.050000000000000044,42,True,1536,236.0082316797687,1772.0082316797705,99.38650306748467,0.7943565032461251,5.190184049079755
4586,1920,2144.6418105406624,128,182,0.050000000000000044,42,True,1920,224.64181054066333,2144.6418105406624,99.45054945054945,0.7941125328282914,5.329670329670329
4587,3436,3635.2411999520828,256,286,0.050000000000000044,42,True,3436,199.2411999520797,3635.2411999520828,98.6013986013986,0.7852999796709323,5.0
4588,1016,1009.9082456861942,64,123,0.050000000000000044,42,True,1016,-6.091754313806149,1009.9082456861942,5.691056910569106,0.6868485693556834,5.357723577235772
4589,5476,5696.194160287113,512,374,0.050000000000000044,42,True,5476,220.19416028710964,5696.194160287113,100.0,0.8057428473178253,4.716577540106952
4590,2012,2235.141430958517,256,167,0.050000000000000044,42,True,2012,223.14143095851725,2235.141430958517,100.0,0.7966095709572081,5.772455089820359
4591,3048,3296.0362965956815,256,253,0.050000000000000044,42,True,3048,248.0362965956805,3296.0362965956815,98.41897233201581,0.8143398542810716,5.1857707509881426
4592,2176,2393.101087606411,128,204,0.050000000000000044,42,True,2176,217.10108760641177,2393.101087606411,44.6078431372549,0.7866059829601355,3.5637254901960786
4593,2292,2288.2502425639163,128,208,0.050000000000000044,42,True,2292,-3.749757436081765,2288.2502425639163,51.44230769230769,0.7660066092405154,4.730769230769231
4594,3156,3421.8512440853356,256,260,0.050000000000000044,42,True,3156,265.851244085337,3421.8512440853356,99.61538461538461,0.8376615997325324,4.661538461538462
4595,3200,3458.8232510342505,256,265,0.050000000000000044,42,True,3200,258.82325103425165,3458.8232510342505,99.62264150943396,0.7806740597923776,5.550943396226415
4596,5012,5309.595350492678,512,338,0.050000000000000044,42,True,5012,297.59535049267544,5309.595350492678,100.0,0.7927652161734728,5.174556213017752
4597,3240,3461.4061275813715,256,268,0.050000000000000044,42,True,3240,221.40612758137058,3461.4061275813715,100.0,0.8023457480956657,5.332089552238806
4598,5352,5652.365294596523,512,371,0.050000000000000044,42,True,5352,300.3652945965198,5652.365294596523,100.0,0.7943453622148521,4.638814016172507
4599,9672,9998.329571442011,1024,548,0.050000000000000044,42,True,9672,326.3295714420225,9998.329571442011,99.81751824817518,0.8010601220898896,3.835766423357664
4600,5584,5875.788681704535,512,389,0.050000000000000044,42,True,5584,291.7886817045313,5875.788681704535,99.74293059125964,0.8153571601359981,4.730077120822622
4601,1640,1874.630285211848,128,162,0.050000000000000044,42,True,1640,234.6302852118481,1874.630285211848,100.0,0.79255144594129,4.833333333333333
4602,2808,3065.1720018802516,256,230,0.050000000000000044,42,True,2808,257.1720018802515,3065.1720018802516,96.52173913043478,0.8028711216962816,5.1
4603,3032,3290.7974788065594,256,248,0.050000000000000044,42,True,3032,258.7974788065617,3290.7974788065594,92.74193548387096,0.811266723827881,4.504032258064516
4604,5236,5532.867067504763,512,362,0.050000000000000044,42,True,5236,296.8670675047624,5532.867067504763,100.0,0.8355177564628447,4.44475138121547
4605,2176,2401.6585958154915,256,186,0.050000000000000044,42,True,2176,225.6585958154896,2401.6585958154915,100.0,0.8233379520343472,4.60752688172043
4606,6200,6494.455416587733,512,413,0.050000000000000044,42,True,6200,294.45541658773004,6494.455416587733,100.0,0.8111624433614081,4.246973365617434
4607,3092,3357.8626397063363,256,258,0.050000000000000044,42,True,3092,265.86263970633473,3357.8626397063363,99.6124031007752,0.8123480040905326,4.267441860465116
4608,3688,3956.1604007626843,256,304,0.050000000000000044,42,True,3688,268.16040076268246,3956.1604007626843,100.0,0.8159874664807735,4.9375
4609,604,806.9664771399443,64,85,0.050000000000000044,42,True,604,202.96647713994417,806.9664771399443,98.82352941176471,0.8275391503757938,6.4941176470588236
4610,1264,1255.367834557211,128,132,0.050000000000000044,42,True,1264,-8.632165442789466,1255.367834557211,84.84848484848484,0.7924752685094939,5.515151515151516
4611,6432,6706.623201354269,512,438,0.050000000000000044,42,True,6432,274.62320135427444,6706.623201354269,98.85844748858447,0.8211004688691489,3.6506849315068495
4612,1492,1727.4121387079115,128,157,0.050000000000000044,42,True,1492,235.4121387079118,1727.4121387079115,100.0,0.8331543529303136,5.445859872611465
4613,2224,2490.135305854967,256,180,0.050000000000000044,42,True,2224,266.1353058549659,2490.135305854967,100.0,0.7963642000979992,6.116666666666666
4614,1264,1477.0697723726064,128,127,0.050000000000000044,42,True,1264,213.06977237260696,1477.0697723726064,94.48818897637796,0.7848198747422842,6.480314960629921
4615,3184,3449.2180090566817,256,264,0.050000000000000044,42,True,3184,265.2180090566806,3449.2180090566817,99.62121212121212,0.7859054604491508,5.632575757575758
4616,1408,1633.4393742600917,128,142,0.050000000000000044,42,True,1408,225.43937426009182,1633.4393742600917,99.29577464788733,0.7850116361388483,6.063380281690141
4617,1620,1855.5687430066557,128,163,0.050000000000000044,42,True,1620,235.56874300665473,1855.5687430066557,95.0920245398773,0.803916292591164,5.41717791411043
4618,3144,3385.1252092718173,256,255,0.050000000000000044,42,True,3144,241.12520927182035,3385.1252092718173,98.43137254901961,0.8041179204639067,5.345098039215686
4619,3252,3453.63732892874,256,276,0.050000000000000044,42,True,3252,201.63732892873998,3453.63732892874,98.55072463768116,0.779364681488943,5.427536231884058
4620,1408,1640.8359112299204,128,143,0.050000000000000044,42,True,1408,232.83591122992044,1640.8359112299204,100.0,0.8223760961267625,5.776223776223776
4621,4680,4979.476974200908,512,322,0.050000000000000044,42,True,4680,299.4769742009116,4979.476974200908,99.06832298136646,0.7851713601208576,5.040372670807454
4622,2608,2877.0388759127154,256,207,0.050000000000000044,42,True,2608,269.0388759127159,2877.0388759127154,99.51690821256038,0.8439960622100043,4.966183574879227
4623,2860,3072.8871822955603,256,236,0.050000000000000044,42,True,2860,212.8871822955613,3072.8871822955603,99.57627118644068,0.779370425341428,5.254237288135593
4624,5480,5779.6420971887255,512,378,0.050000000000000044,42,True,5480,299.6420971887239,5779.6420971887255,100.0,0.7942320841338856,4.060846560846561
4625,540,741.4896656086216,64,71,0.050000000000000044,42,True,540,201.4896656086218,741.4896656086216,98.59154929577464,0.8171098867561439,6.774647887323944
4626,2236,2505.7881940688194,256,188,0.050000000000000044,42,True,2236,269.7881940688199,2505.7881940688194,100.0,0.8157658109823307,5.053191489361702
4627,2284,2531.301510070189,256,187,0.050000000000000044,42,True,2284,247.3015100701889,2531.301510070189,97.32620320855615,0.7999916999800093,5.689839572192513
4628,4596,4897.2326371161125,512,315,0.050000000000000044,42,True,4596,301.23263711611355,4897.2326371161125,99.68253968253968,0.7931887165789339,4.907936507936508
4629,676,880.4934914371721,64,87,0.050000000000000044,42,True,676,204.49349143717203,880.4934914371721,98.85057471264368,0.8269595812819519,5.735632183908046
4630,3132,3388.7621167688626,256,257,0.050000000000000044,42,True,3132,256.7621167688617,3388.7621167688626,98.83268482490273,0.8166359011292184,5.171206225680934
4631,7200,7488.395179965655,512,492,0.050000000000000044,42,True,7200,288.39517996565985,7488.395179965655,99.59349593495935,0.7758413797034664,4.735772357723577
4632,3436,3701.078883453631,256,291,0.050000000000000044,42,True,3436,265.0788834536312,3701.078883453631,99.65635738831615,0.80750980536065,4.281786941580756
4633,6476,6461.479077161085,512,447,0.050000000000000044,42,True,6476,-14.520922838919404,6461.479077161085,89.70917225950782,0.7907110194389273,4.272930648769575
4634,1644,1878.4881573133014,128,164,0.050000000000000044,42,True,1644,234.48815731330095,1878.4881573133014,100.0,0.8250372385779736,4.012195121951219
4635,9772,10090.915227910387,1024,571,0.050000000000000044,42,True,9772,318.91522791038653,10090.915227910387,99.64973730297723,0.7700550695644789,4.700525394045534
4636,5300,5594.345854524678,512,362,0.050000000000000044,42,True,5300,294.3458545246764,5594.345854524678,99.72375690607734,0.818459718271043,3.908839779005525
4637,2752,2996.3123682738224,256,219,0.050000000000000044,42,True,2752,244.31236827382185,2996.3123682738224,98.63013698630137,0.810024566765768,5.71689497716895
4638,728,714.1802519591332,64,95,0.050000000000000044,42,True,728,-13.819748040866916,714.1802519591332,73.6842105263158,0.8032625049114099,4.968421052631579
4639,3592,3850.178847607236,256,301,0.050000000000000044,42,True,3592,258.17884760723564,3850.178847607236,98.67109634551495,0.8043144040271253,4.4784053156146175
4640,3484,3732.702256475449,256,291,0.050000000000000044,42,True,3484,248.70225647544893,3732.702256475449,99.3127147766323,0.7897555734751017,5.123711340206185
4641,3052,3316.1214256504345,256,248,0.050000000000000044,42,True,3052,264.1214256504362,3316.1214256504345,99.59677419354838,0.8274551087679308,5.342741935483871
4642,6144,6136.454934444796,512,414,0.050000000000000044,42,True,6144,-7.545065555205312,6136.454934444796,92.9951690821256,0.7803119723247449,4.729468599033816
4643,9704,10026.78029642547,1024,558,0.050000000000000044,42,True,9704,322.7802964254577,10026.78029642547,99.82078853046595,0.7982992025964422,4.711469534050179
4644,2980,3246.103509960101,256,252,0.050000000000000044,42,True,2980,266.1035099601007,3246.103509960101,99.60317460317461,0.7919558721469893,4.948412698412699
4645,4680,4949.571729289917,512,320,0.050000000000000044,42,True,4680,269.5717292899181,4949.571729289917,99.0625,0.8229582296541752,4.409375
4646,3380,3649.7382709278545,256,281,0.050000000000000044,42,True,3380,269.73827092785564,3649.7382709278545,100.0,0.7950777068917517,5.462633451957295
4647,3156,3396.509772002452,256,262,0.050000000000000044,42,True,3156,240.50977200245254,3396.509772002452,98.85496183206106,0.8009958626535433,5.301526717557252
4648,3040,3306.9832027914913,256,256,0.050000000000000044,42,True,3040,266.98320279149186,3306.9832027914913,99.21875,0.8277800204548511,3.94140625
4649,2448,2712.744155160226,256,210,0.050000000000000044,42,True,2448,264.744155160225,2712.744155160226,88.0952380952381,0.8226594827275419,4.90952380952381
4650,2988,3248.808300554263,256,243,0.050000000000000044,42,True,2988,260.8083005542643,3248.808300554263,98.76543209876543,0.7998337519652705,5.139917695473251
4651,7064,7351.856274341008,512,482,0.050000000000000044,42,True,7064,287.85627434099945,7351.856274341008,97.71784232365145,0.7852574831607614,4.885892116182573
4652,1428,1658.0703964093523,128,147,0.050000000000000044,42,True,1428,230.07039640935193,1658.0703964093523,99.31972789115646,0.8035457747779781,6.1768707482993195
4653,1128,1118.6189548518653,64,125,0.050000000000000044,42,True,1128,-9.381045148134655,1118.6189548518653,25.6,0.7453554620874132,4.416
4654,3080,3332.994852639516,256,256,0.050000000000000044,42,True,3080,252.994852639513,3332.994852639516,99.609375,0.8232714856300103,5.2890625
4655,7216,7514.176975289047,512,500,0.050000000000000044,42,True,7216,298.1769752890526,7514.176975289047,99.0,0.7804747659333288,4.57
4656,652,644.8696979445368,64,92,0.050000000000000044,42,True,652,-7.1303020554633,644.8696979445368,13.043478260869565,0.7445134514907221,5.684782608695652
4657,1864,2055.2353972595,128,190,0.050000000000000044,42,True,1864,191.2353972595002,2055.2353972595,100.0,0.800338042357609,4.705263157894737
4658,4360,4657.629131750652,512,292,0.050000000000000044,42,True,4360,297.62913175065233,4657.629131750652,97.94520547945206,0.7922570175055166,5.1061643835616435
4659,628,610.2540892991547,64,86,0.050000000000000044,42,True,628,-17.74591070084529,610.2540892991547,56.97674418604651,0.7796775864678297,5.488372093023256
4660,7220,7517.11103705678,512,500,0.050000000000000044,42,True,7220,297.1110370567849,7517.11103705678,100.0,0.7965933760626875,3.616
4661,2908,3172.3605913177266,256,231,0.050000000000000044,42,True,2908,264.36059131772515,3172.3605913177266,99.56709956709956,0.7978054594388785,5.229437229437229
4662,2764,3027.56794536472,256,225,0.050000000000000044,42,True,2764,263.56794536471955,3027.56794536472,100.0,0.7894387913442978,5.817777777777778
4663,5396,5678.328475488561,512,374,0.050000000000000044,42,True,5396,282.32847548856216,5678.328475488561,99.46524064171123,0.8134686682253608,4.818181818181818
4664,2968,3232.9898401476994,256,236,0.050000000000000044,42,True,2968,264.9898401476987,3232.9898401476994,99.57627118644068,0.8076650209760363,4.987288135593221
4665,5236,5532.669076751952,512,364,0.050000000000000044,42,True,5236,296.66907675194665,5532.669076751952,100.0,0.796569506805064,4.906593406593407
4666,1520,1757.1767220815434,128,163,0.050000000000000044,42,True,1520,237.17672208154428,1757.1767220815434,100.0,0.8032014903790705,5.803680981595092
4667,2388,2652.8811119685447,256,204,0.050000000000000044,42,True,2388,264.8811119685445,2652.8811119685447,99.50980392156863,0.7936554879963872,5.333333333333333
4668,6372,6669.744607431471,512,433,0.050000000000000044,42,True,6372,297.74460743147233,6669.744607431471,100.0,0.7889915966125086,4.861431870669746
4669,4660,4952.0027067111605,512,315,0.050000000000000044,42,True,4660,292.00270671116056,4952.0027067111605,99.36507936507937,0.805197865886392,4.647619047619048
4670,3096,3353.334751613065,256,255,0.050000000000000044,42,True,3096,257.3347516130632,3353.334751613065,98.82352941176471,0.8215570840165342,4.137254901960785
4671,2480,2728.91799349561,256,213,0.050000000000000044,42,True,2480,248.917993495611,2728.91799349561,99.06103286384976,0.8211920871487938,5.338028169014085
4672,2520,2783.8578147045255,256,215,0.050000000000000044,42,True,2520,263.857814704526,2783.8578147045255,99.53488372093024,0.812148397373859,4.976744186046512
4673,424,417.26898106216004,32,68,0.050000000000000044,42,True,424,-6.731018937839812,417.26898106216004,4.411764705882353,0.7608353056254948,5.720588235294118
4674,2192,2416.2357870877668,128,208,0.050000000000000044,42,True,2192,224.23578708776776,2416.2357870877668,99.51923076923077,0.8101053238598114,4.4423076923076925
4675,2880,3139.783399359094,256,237,0.050000000000000044,42,True,2880,259.78339935909355,3139.783399359094,84.38818565400844,0.813761662282511,5.383966244725738
4676,3116,3358.03900293255,256,256,0.050000000000000044,42,True,3116,242.0390029325513,3358.03900293255,98.828125,0.7867011667904351,4.91015625
4677,1292,1485.1796510432728,64,144,0.050000000000000044,42,True,1292,193.17965104327268,1485.1796510432728,87.5,0.7977181482231359,4.625
4678,2088,2345.6810390663513,256,176,0.050000000000000044,42,True,2088,257.68103906635304,2345.6810390663513,99.43181818181819,0.8012872045556209,5.744318181818182
4679,5440,5733.566137303552,512,380,0.050000000000000044,42,True,5440,293.5661373035567,5733.566137303552,99.73684210526316,0.8006103448327478,5.042105263157895
4680,656,849.7805679888871,64,92,0.050000000000000044,42,True,656,193.78056798888716,849.7805679888871,98.91304347826087,0.7704821374146402,6.836956521739131
4681,6728,7028.099825968056,512,466,0.050000000000000044,42,True,6728,300.0998259680527,7028.099825968056,100.0,0.8033709633923259,4.371244635193133
4682,3180,3446.413882093245,256,262,0.050000000000000044,42,True,3180,266.41388209324765,3446.413882093245,99.61832061068702,0.8525033591579251,3.9580152671755724
4683,4784,5030.115975422426,512,333,0.050000000000000044,42,True,4784,246.11597542242706,5030.115975422426,99.69969969969969,0.7703197480555664,5.186186186186186
4684,9092,9344.766027033074,512,584,0.050000000000000044,42,True,9092,252.76602703307407,9344.766027033074,100.0,0.7842361402930734,4.015410958904109
4685,7360,7657.384494392759,512,515,0.050000000000000044,42,True,7360,297.3844943927578,7657.384494392759,99.6116504854369,0.7747972798601797,5.316504854368932
4686,4304,4592.397582652143,512,291,0.050000000000000044,42,True,4304,288.39758265214084,4592.397582652143,99.65635738831615,0.758348139825859,5.546391752577319
4687,2832,3088.1087063857813,256,233,0.050000000000000044,42,True,2832,256.1087063857801,3088.1087063857813,99.57081545064378,0.8053850972441631,5.1072961373390555
4688,5764,6051.97258491392,512,412,0.050000000000000044,42,True,5764,287.9725849139225,6051.97258491392,99.75728155339806,0.7851150937247111,4.924757281553398
4689,2000,2264.246824141283,256,162,0.050000000000000044,42,True,2000,264.2468241412832,2264.246824141283,100.0,0.8277775844472925,4.796296296296297
4690,3208,3471.787481284876,256,267,0.050000000000000044,42,True,3208,263.7874812848782,3471.787481284876,100.0,0.7755314267463066,4.543071161048689
4691,4584,4864.581400887369,512,311,0.050000000000000044,42,True,4584,280.58140088736866,4864.581400887369,99.35691318327974,0.8141023776581823,5.07395498392283
4692,1072,1304.4939956499097,128,119,0.050000000000000044,42,True,1072,232.4939956499096,1304.4939956499097,100.0,0.8099782880158178,6.453781512605042
4693,2284,2524.6090446056496,256,189,0.050000000000000044,42,True,2284,240.60904460564902,2524.6090446056496,98.41269841269842,0.8091505679021976,5.708994708994709
4694,3460,3723.3241637496417,256,289,0.050000000000000044,42,True,3460,263.3241637496433,3723.3241637496417,100.0,0.8030273129096979,4.7543252595155705
4695,1980,2201.2409439450007,128,184,0.050000000000000044,42,True,1980,221.24094394500267,2201.2409439450007,88.58695652173913,0.7945542680958203,5.195652173913044
4696,3188,3437.5429733999717,256,266,0.050000000000000044,42,True,3188,249.54297339997055,3437.5429733999717,95.11278195488721,0.7921424885529091,5.097744360902255
4697,2240,2230.672324389508,256,191,0.050000000000000044,42,True,2240,-9.327675610491415,2230.672324389508,4.18848167539267,0.7442889218901451,3.701570680628272
4698,3064,3322.8098271566687,256,252,0.050000000000000044,42,True,3064,258.80982715666914,3322.8098271566687,99.2063492063492,0.7897370089805513,5.5
4699,5268,5556.016708870054,512,363,0.050000000000000044,42,True,5268,288.01670887005025,5556.016708870054,99.72451790633609,0.7942347473225709,5.443526170798898
4700,7228,7224.031032408444,512,507,0.050000000000000044,42,True,7228,-3.9689675915481963,7224.031032408444,95.66074950690336,0.7853535376773092,4.560157790927022
4701,4196,4437.318524272236,256,345,0.050000000000000044,42,True,4196,241.31852427223902,4437.318524272236,99.1304347826087,0.8033458876037705,4.6521739130434785
4702,9284,9275.494259751775,1024,513,0.050000000000000044,42,True,9284,-8.505740248226994,9275.494259751775,86.74463937621833,0.7678577672340444,4.50682261208577
4703,5764,6042.964918458989,512,409,0.050000000000000044,42,True,5764,278.9649184589873,6042.964918458989,99.51100244498778,0.8095291388055901,4.374083129584352
4704,1628,1804.0777642936405,128,165,0.050000000000000044,42,True,1628,176.0777642936408,1804.0777642936405,98.18181818181819,0.8016896209580039,6.260606060606061
4705,2876,2860.225893600351,256,237,0.050000000000000044,42,True,2876,-15.774106399649446,2860.225893600351,74.68354430379746,0.7895072825236458,5.3924050632911396
4706,6544,6839.580282601414,512,454,0.050000000000000044,42,True,6544,295.58028260142237,6839.580282601414,100.0,0.7870277226765247,4.89647577092511
4707,5428,5724.39638897626,512,378,0.050000000000000044,42,True,5428,296.3963889762618,5724.39638897626,100.0,0.802497282072373,4.751322751322752
4708,5308,5601.472171060707,512,365,0.050000000000000044,42,True,5308,293.4721710607097,5601.472171060707,100.0,0.8017954643269245,4.821917808219178
4709,3512,3778.36479898766,256,293,0.050000000000000044,42,True,3512,266.36479898766385,3778.36479898766,100.0,0.7824453645526728,4.78839590443686
4710,2312,2580.1845552297164,256,196,0.050000000000000044,42,True,2312,268.1845552297165,2580.1845552297164,100.0,0.8012287313041703,5.989795918367347
4711,1128,1121.008191323693,128,121,0.050000000000000044,42,True,1128,-6.991808676307006,1121.008191323693,61.98347107438016,0.7588517453387347,5.404958677685951
4712,1380,1605.1020757753313,128,140,0.050000000000000044,42,True,1380,225.1020757753318,1605.1020757753313,99.28571428571429,0.8040858317445719,6.3428571428571425
4713,6720,7007.003961965135,512,450,0.050000000000000044,42,True,6720,287.00396196513464,7007.003961965135,81.77777777777777,0.7792045546054593,4.293333333333333
4714,5016,5312.829472911136,512,343,0.050000000000000044,42,True,5016,296.8294729111349,5312.829472911136,100.0,0.7950006217402504,4.664723032069971
4715,704,697.1228602486733,64,93,0.050000000000000044,42,True,704,-6.877139751326585,697.1228602486733,10.75268817204301,0.7402978081061365,4.956989247311828
4716,608,807.3319654566321,64,81,0.050000000000000044,42,True,608,199.3319654566322,807.3319654566321,79.01234567901234,0.8317053522456179,6.308641975308642
4717,1448,1672.3994190091696,128,142,0.050000000000000044,42,True,1448,224.39941900916912,1672.3994190091696,99.29577464788733,0.7994041134374635,5.894366197183099
4718,2540,2796.8015097208668,256,216,0.050000000000000044,42,True,2540,256.80150972086454,2796.8015097208668,99.53703703703704,0.8213711165421247,5.050925925925926
4719,4720,5009.417299441725,512,328,0.050000000000000044,42,True,4720,289.41729944172187,5009.417299441725,99.39024390243902,0.7918225898778255,4.570121951219512
4720,3188,3435.838433622902,256,266,0.050000000000000044,42,True,3188,247.83843362290264,3435.838433622902,99.24812030075188,0.8012088962693438,4.917293233082707
4721,732,711.7855546371077,64,103,0.050000000000000044,42,True,732,-20.214445362892533,711.7855546371077,13.592233009708737,0.7415966073657546,4.766990291262136
4722,2904,3164.3334208959395,256,237,0.050000000000000044,42,True,2904,260.3334208959406,3164.3334208959395,99.15611814345992,0.7970544397119368,5.69198312236287
4723,6228,6517.341617292082,512,423,0.050000000000000044,42,True,6228,289.3416172920781,6517.341617292082,99.76359338061465,0.791222937871659,4.839243498817967
4724,4744,5042.056674559898,512,330,0.050000000000000044,42,True,4744,298.0566745599022,5042.056674559898,99.6969696969697,0.7880322641326013,5.027272727272727
4725,520,514.7464316526647,32,80,0.050000000000000044,42,True,520,-5.253568347335431,514.7464316526647,11.25,0.739302801213323,5.65
4726,5448,5726.561597053558,512,381,0.050000000000000044,42,True,5448,278.56159705355816,5726.561597053558,99.4750656167979,0.7885473736438168,5.217847769028872
4727,4604,4902.120881386151,512,312,0.050000000000000044,42,True,4604,298.1208813861497,4902.120881386151,100.0,0.8129744390967704,5.003205128205129
4728,3176,3434.690271377367,256,262,0.050000000000000044,42,True,3176,258.6902713773682,3434.690271377367,94.27480916030534,0.786674514460942,5.278625954198473
4729,3168,3422.539528929853,256,260,0.050000000000000044,42,True,3168,254.53952892985154,3422.539528929853,99.61538461538461,0.7566929844460493,5.834615384615384
4730,4640,4919.657367363814,512,317,0.050000000000000044,42,True,4640,279.657367363819,4919.657367363814,99.36908517350157,0.7977589871637741,4.681388012618297
4731,4764,5043.587908999454,512,334,0.050000000000000044,42,True,4764,279.58790899945586,5043.587908999454,90.7185628742515,0.7860572411149241,4.592814371257485
4732,3072,3319.9000466542257,256,253,0.050000000000000044,42,True,3072,247.90004665422555,3319.9000466542257,99.2094861660079,0.8198544398798584,4.936758893280633
4733,2064,2320.850159695744,256,175,0.050000000000000044,42,True,2064,256.8501596957451,2320.850159695744,99.42857142857143,0.8016400391446983,6.005714285714285
4734,6252,6546.865015663363,512,424,0.050000000000000044,42,True,6252,294.86501566336466,6546.865015663363,100.0,0.7851482867674586,4.933962264150943
4735,3088,3269.0624710603497,256,256,0.050000000000000044,42,True,3088,181.06247106034877,3269.0624710603497,98.046875,0.8218874296010014,4.3828125
4736,4736,5022.653616895027,512,329,0.050000000000000044,42,True,4736,286.65361689502646,5022.653616895027,99.69604863221885,0.7995287831945206,4.911854103343465
4737,4616,4905.512562413428,512,315,0.050000000000000044,42,True,4616,289.5125624134281,4905.512562413428,99.68253968253968,0.8190652780794281,4.593650793650793
4738,2896,3108.5398715555607,256,231,0.050000000000000044,42,True,2896,212.53987155555973,3108.5398715555607,99.56709956709956,0.7878019728790132,5.818181818181818
4739,1120,1347.8123399897586,128,118,0.050000000000000044,42,True,1120,227.81233998975932,1347.8123399897586,99.15254237288136,0.7869303942058232,5.601694915254237
4740,2508,2757.2470288624772,256,209,0.050000000000000044,42,True,2508,249.24702886247877,2757.2470288624772,98.56459330143541,0.7652646044663713,6.143540669856459
4741,7344,7588.80285012794,512,514,0.050000000000000044,42,True,7344,244.80285012793775,7588.80285012794,99.80544747081711,0.7847841795979,3.914396887159533
4742,1492,1479.8549725077698,128,150,0.050000000000000044,42,True,1492,-12.145027492230442,1479.8549725077698,52.0,0.7407769913036684,6.126666666666667
4743,6896,7194.767036726711,512,473,0.050000000000000044,42,True,6896,298.76703672671414,7194.767036726711,97.67441860465117,0.7870209670154332,4.38477801268499
4744,7124,7412.082961599382,512,492,0.050000000000000044,42,True,7124,288.08296159938357,7412.082961599382,99.79674796747967,0.7640249642617684,4.961382113821138
4745,2732,2998.971212060198,256,222,0.050000000000000044,42,True,2732,266.97121206019364,2998.971212060198,99.09909909909909,0.7929308556107358,5.68018018018018
4746,836,1037.8118279569896,64,103,0.050000000000000044,42,True,836,201.81182795698922,1037.8118279569896,100.0,0.8058539851426663,5.58252427184466
4747,1468,1684.1047861589452,128,156,0.050000000000000044,42,True,1468,216.10478615894573,1684.1047861589452,98.07692307692308,0.792914263852827,5.993589743589744
4748,5828,6073.00863460332,512,412,0.050000000000000044,42,True,5828,245.00863460331885,6073.00863460332,99.75728155339806,0.7975918288462781,4.213592233009709
4749,4524,4808.581200004392,512,308,0.050000000000000044,42,True,4524,284.58120000438925,4808.581200004392,98.05194805194805,0.8005866812777414,5.25
4750,1100,1082.4287658223675,128,121,0.050000000000000044,42,True,1100,-17.571234177632586,1082.4287658223675,28.09917355371901,0.759769370710832,3.330578512396694
4751,1324,1558.4562634732606,128,137,0.050000000000000044,42,True,1324,234.45626347326083,1558.4562634732606,97.08029197080292,0.79011040854191,5.781021897810219
4752,5260,5550.75711011861,512,367,0.050000000000000044,42,True,5260,290.75711011861387,5550.75711011861,99.1825613079019,0.8195657797835566,4.256130790190736
4753,1436,1660.0142589995326,128,151,0.050000000000000044,42,True,1436,224.01425899953247,1660.0142589995326,99.33774834437087,0.7815278519279352,5.52317880794702
4754,9680,10011.258173934522,1024,546,0.050000000000000044,42,True,9680,331.2581739345269,10011.258173934522,99.45054945054945,0.7885218558660066,4.558608058608058
4755,1444,1603.8971944635691,128,149,0.050000000000000044,42,True,1444,159.89719446356946,1603.8971944635691,100.0,0.828755528467195,5.510067114093959
4756,816,811.5115124070762,64,97,0.050000000000000044,42,True,816,-4.488487592923949,811.5115124070762,6.185567010309279,0.7131178857022771,4.319587628865979
4757,1076,1060.7592214293118,128,116,0.050000000000000044,42,True,1076,-15.240778570688416,1060.7592214293118,23.275862068965516,0.729477127028587,5.9655172413793105
4758,1112,1347.465482784837,128,117,0.050000000000000044,42,True,1112,235.4654827848376,1347.465482784837,100.0,0.822232786310502,6.264957264957265
4759,3532,3789.6943302895456,256,298,0.050000000000000044,42,True,3532,257.69433028954495,3789.6943302895456,99.32885906040268,0.8289039247784737,4.694630872483222
4760,2888,3138.1420074143743,256,240,0.050000000000000044,42,True,2888,250.14200741437503,3138.1420074143743,99.16666666666667,0.8051189471497309,5.958333333333333
4761,10780,11102.55166397924,1024,629,0.050000000000000044,42,True,10780,322.551663979237,11102.55166397924,99.68203497615262,0.7921863626586539,3.642289348171701
4762,2452,2709.5373836982562,256,209,0.050000000000000044,42,True,2452,257.5373836982561,2709.5373836982562,99.52153110047847,0.8350128718759807,5.30622009569378
4763,4520,4505.830540015075,512,308,0.050000000000000044,42,True,4520,-14.16945998492241,4505.830540015075,88.63636363636364,0.7881855263901839,4.7727272727272725
4764,2376,2310.551610841678,256,199,0.050000000000000044,42,True,2376,-65.44838915832176,2310.551610841678,77.38693467336684,0.806232354291305,5.773869346733668
4765,1436,1646.932196410051,128,147,0.050000000000000044,42,True,1436,210.9321964100506,1646.932196410051,97.27891156462584,0.7899071849465544,6.210884353741497
4766,828,979.7970376981593,64,104,0.050000000000000044,42,True,828,151.7970376981597,979.7970376981593,90.38461538461539,0.7754086724476428,5.384615384615385
4767,3600,3863.823171258946,256,292,0.050000000000000044,42,True,3600,263.8231712589453,3863.823171258946,100.0,0.8132714996494409,4.986301369863014
4768,2296,2556.543611944721,256,192,0.050000000000000044,42,True,2296,260.54361194472153,2556.543611944721,100.0,0.8214963262866112,4.661458333333333
4769,1444,1677.1447061500824,128,149,0.050000000000000044,42,True,1444,233.1447061500825,1677.1447061500824,100.0,0.8185230044837715,5.771812080536913
4770,256,387.5756374807988,16,54,0.050000000000000044,42,True,256,131.57563748079875,387.5756374807988,61.111111111111114,0.7563753373090342,5.777777777777778
4771,4184,4478.294452752263,512,271,0.050000000000000044,42,True,4184,294.29445275226095,4478.294452752263,99.6309963099631,0.7831459764819751,5.870848708487085
4772,3084,3343.117584579069,256,252,0.050000000000000044,42,True,3084,259.1175845790716,3343.117584579069,99.60317460317461,0.7957027180092134,5.650793650793651
4773,4620,4909.231268143902,512,316,0.050000000000000044,42,True,4620,289.23126814390184,4909.231268143902,99.0506329113924,0.8042993362157165,5.424050632911392
4774,2480,2736.603138769517,256,212,0.050000000000000044,42,True,2480,256.60313876951534,2736.603138769517,99.05660377358491,0.8062885651385049,5.683962264150943
4775,7248,7503.474090567766,512,500,0.050000000000000044,42,True,7248,255.4740905677645,7503.474090567766,100.0,0.7991986667749945,3.954
4776,1316,1536.99597556232,128,134,0.050000000000000044,42,True,1316,220.99597556231961,1536.99597556232,99.25373134328358,0.7799646006730435,6.1716417910447765
4777,5220,5512.371625985986,512,352,0.050000000000000044,42,True,5220,292.3716259859842,5512.371625985986,99.7159090909091,0.7818221512374162,5.019886363636363
4778,5548,5836.3867597496355,512,391,0.050000000000000044,42,True,5548,288.3867597496389,5836.3867597496355,99.74424552429667,0.7857546119525912,4.524296675191816
4779,2200,2448.615738995756,256,180,0.050000000000000044,42,True,2200,248.6157389957561,2448.615738995756,98.33333333333333,0.8105341228152296,5.2555555555555555
4780,3144,3413.090732298459,256,260,0.050000000000000044,42,True,3144,269.0907322984592,3413.090732298459,100.0,0.7898087182163505,5.930769230769231
4781,976,1213.579980751331,128,104,0.050000000000000044,42,True,976,237.57998075133065,1213.579980751331,100.0,0.804312697501859,7.153846153846154
4782,2052,2300.8560647088334,256,171,0.050000000000000044,42,True,2052,248.8560647088335,2300.8560647088334,98.24561403508773,0.807733908675197,6.239766081871345
4783,2848,3104.8567614748663,256,233,0.050000000000000044,42,True,2848,256.8567614748681,3104.8567614748663,99.57081545064378,0.83304686878036,5.296137339055794
4784,984,1141.116460506104,64,116,0.050000000000000044,42,True,984,157.11646050610398,1141.116460506104,100.0,0.8115673868726825,5.681034482758621
4785,5208,5504.4286527514205,512,367,0.050000000000000044,42,True,5208,296.4286527514232,5504.4286527514205,98.91008174386921,0.8026306502767847,4.768392370572207
4786,976,974.956276086735,128,103,0.050000000000000044,42,True,976,-1.0437239132647882,974.956276086735,0.0,0.7017238764778121,5.019417475728155
4787,1288,1522.3212849690178,128,132,0.050000000000000044,42,True,1288,234.32128496901765,1522.3212849690178,83.33333333333333,0.7732528943555442,6.090909090909091
4788,1356,1588.1176967655906,128,143,0.050000000000000044,42,True,1356,232.11769676558978,1588.1176967655906,100.0,0.760720800774712,6.062937062937063
4789,2652,2916.5497581995996,256,227,0.050000000000000044,42,True,2652,264.54975819960015,2916.5497581995996,100.0,0.829440591176192,4.79295154185022
4790,2732,2953.4965993492183,256,217,0.050000000000000044,42,True,2732,221.496599349217,2953.4965993492183,100.0,0.8183312876941072,4.645161290322581
4791,5968,6256.777242976545,512,431,0.050000000000000044,42,True,5968,288.7772429765444,6256.777242976545,99.76798143851508,0.809764468731938,3.9303944315545243
4792,5328,5626.827792785633,512,370,0.050000000000000044,42,True,5328,298.8277927856348,5626.827792785633,99.72972972972973,0.8170523528146246,4.3108108108108105
4793,1540,1774.22014095961,128,164,0.050000000000000044,42,True,1540,234.22014095960967,1774.22014095961,99.39024390243902,0.7950545681827617,5.725609756097561
4794,3212,3469.210659166077,256,259,0.050000000000000044,42,True,3212,257.2106591660799,3469.210659166077,99.61389961389962,0.8081552912053624,5.837837837837838
4795,3428,3694.7797145781537,256,282,0.050000000000000044,42,True,3428,266.7797145781581,3694.7797145781537,99.64539007092199,0.8197836584343858,5.166666666666667
4796,3116,3290.327436548347,256,258,0.050000000000000044,42,True,3116,174.32743654834562,3290.327436548347,99.2248062015504,0.814604549770861,5.492248062015504
4797,1780,1936.667728493007,128,164,0.050000000000000044,42,True,1780,156.66772849300796,1936.667728493007,100.0,0.8274540972366421,4.378048780487805
4798,1656,1888.9731432480112,128,166,0.050000000000000044,42,True,1656,232.97314324801096,1888.9731432480112,99.39759036144578,0.8030799642921086,5.168674698795181
4799,5292,5592.776418910231,512,359,0.050000000000000044,42,True,5292,300.7764189102311,5592.776418910231,100.0,0.8122492681478409,5.069637883008356
4800,1132,1081.4302059947222,128,125,0.050000000000000044,42,True,1132,-50.56979400527788,1081.4302059947222,63.2,0.7783771089049499,5.688
4801,3424,3638.946119499757,256,285,0.050000000000000044,42,True,3424,214.94611949975894,3638.946119499757,97.54385964912281,0.8253459446262641,4.719298245614035
4802,1312,1544.0075546533233,128,133,0.050000000000000044,42,True,1312,232.00755465332443,1544.0075546533233,100.0,0.8213117452871038,6.007518796992481
4803,7120,7411.31447826745,512,491,0.050000000000000044,42,True,7120,291.31447826745415,7411.31447826745,99.79633401221996,0.7777852073325014,4.458248472505091
4804,3488,3743.9632103303206,256,292,0.050000000000000044,42,True,3488,255.9632103303187,3743.9632103303206,99.65753424657534,0.7915053845885346,5.36986301369863
4805,2896,3161.719846290585,256,235,0.050000000000000044,42,True,2896,265.719846290584,3161.719846290585,100.0,0.8204809914423612,4.782978723404256
4806,2332,2588.956530517163,256,196,0.050000000000000044,42,True,2332,256.95653051716107,2588.956530517163,98.9795918367347,0.8063564293335097,5.831632653061225
4807,736,720.0341466342824,64,99,0.050000000000000044,42,True,736,-15.965853365717617,720.0341466342824,14.141414141414142,0.7439986999473817,5.161616161616162
4808,2360,2629.00744176429,256,199,0.050000000000000044,42,True,2360,269.00744176428725,2629.00744176429,98.99497487437186,0.8162353521919773,4.271356783919598
4809,1568,1802.5915362366977,128,164,0.050000000000000044,42,True,1568,234.5915362366975,1802.5915362366977,100.0,0.806713705093002,6.067073170731708
4810,5012,5297.1508296580905,512,340,0.050000000000000044,42,True,5012,285.1508296580885,5297.1508296580905,99.70588235294117,0.8097911480890996,5.15
4811,6836,7124.690072292352,512,483,0.050000000000000044,42,True,6836,288.6900722923519,7124.690072292352,99.79296066252589,0.8278079042146527,3.900621118012422
4812,2328,2594.69025651223,256,196,0.050000000000000044,42,True,2328,266.6902565122291,2594.69025651223,100.0,0.8047212654555433,4.826530612244898
4813,2792,3049.5420638427713,256,223,0.050000000000000044,42,True,2792,257.54206384277086,3049.5420638427713,98.65470852017937,0.7912239186266451,5.112107623318385
4814,4784,5083.729390680999,512,326,0.050000000000000044,42,True,4784,299.72939068100357,5083.729390680999,100.0,0.7837608760065001,5.392638036809816
4815,3600,3849.199980881176,256,302,0.050000000000000044,42,True,3600,249.19998088117978,3849.199980881176,94.70198675496688,0.794244461336238,4.367549668874172
4816,1132,1332.0540136165673,64,126,0.050000000000000044,42,True,1132,200.0540136165673,1332.0540136165673,99.2063492063492,0.7815964332942781,4.365079365079365
4817,1264,1454.3131092556562,128,137,0.050000000000000044,42,True,1264,190.3131092556565,1454.3131092556562,100.0,0.7800472366889021,5.554744525547445
4818,1060,1053.676902344322,128,114,0.050000000000000044,42,True,1060,-6.323097655678609,1053.676902344322,6.140350877192983,0.7005212179096343,3.6140350877192984
4819,2496,2759.2371097694527,256,210,0.050000000000000044,42,True,2496,263.23710976945137,2759.2371097694527,99.52380952380952,0.7991991387897235,4.419047619047619
4820,2880,3147.296940216294,256,237,0.050000000000000044,42,True,2880,267.296940216295,3147.296940216294,99.57805907172995,0.7917146072841458,4.042194092827004
4821,2100,2266.013661043523,128,197,0.050000000000000044,42,True,2100,166.01366104352368,2266.013661043523,98.4771573604061,0.793053254619983,4.746192893401015
4822,2816,3074.7831787597734,256,232,0.050000000000000044,42,True,2816,258.7831787597745,3074.7831787597734,98.70689655172414,0.8322099579828012,4.969827586206897
4823,4660,4949.403450210373,512,326,0.050000000000000044,42,True,4660,289.4034502103787,4949.403450210373,99.38650306748467,0.787317083467844,4.776073619631902
4824,4272,4525.371690311141,512,283,0.050000000000000044,42,True,4272,253.371690311134,4525.371690311141,100.0,0.7796051105101175,5.724381625441696
4825,3124,3389.349239202523,256,261,0.050000000000000044,42,True,3124,265.3492392025221,3389.349239202523,99.61685823754789,0.7899769652033379,5.237547892720307
4826,4580,4862.3885318207995,512,311,0.050000000000000044,42,True,4580,282.3885318207981,4862.3885318207995,99.03536977491962,0.7963468913886542,5.057877813504823
4827,5564,5861.895012519231,512,402,0.050000000000000044,42,True,5564,297.895012519228,5861.895012519231,99.75124378109453,0.804596950149905,4.967661691542289
4828,4700,4998.465039754752,512,323,0.050000000000000044,42,True,4700,298.46503975475275,4998.465039754752,100.0,0.7950369829013526,4.773993808049536
4829,4320,4620.870413124598,512,292,0.050000000000000044,42,True,4320,300.8704131245977,4620.870413124598,99.65753424657534,0.8083686070409525,5.22945205479452
4830,3420,3646.1480507962265,256,286,0.050000000000000044,42,True,3420,226.14805079622502,3646.1480507962265,100.0,0.8219402069216694,4.748251748251748
4831,3168,3430.897621106908,256,262,0.050000000000000044,42,True,3168,262.89762110691015,3430.897621106908,99.61832061068702,0.804453297591231,4.755725190839694
4832,2320,2546.6748644933373,128,223,0.050000000000000044,42,True,2320,226.67486449333683,2546.6748644933373,37.219730941704036,0.8104916237553548,4.466367713004484
4833,2064,2047.6323236024166,128,193,0.050000000000000044,42,True,2064,-16.367676397582827,2047.6323236024166,71.50259067357513,0.7615813671502142,4.243523316062176
4834,3160,3424.016596540441,256,262,0.050000000000000044,42,True,3160,264.0165965404395,3424.016596540441,100.0,0.8178807832935315,5.0
4835,3224,3481.6409837724855,256,270,0.050000000000000044,42,True,3224,257.6409837724839,3481.6409837724855,98.88888888888889,0.7826657890765365,5.214814814814815
4836,3372,3611.6136684521966,256,278,0.050000000000000044,42,True,3372,239.6136684521949,3611.6136684521966,98.56115107913669,0.82506068268078,4.115107913669065
4837,664,858.5933221965481,64,88,0.050000000000000044,42,True,664,194.593322196548,858.5933221965481,97.72727272727273,0.8085148689467,4.7727272727272725
4838,3044,3258.9895882507217,256,252,0.050000000000000044,42,True,3044,214.98958825072123,3258.9895882507217,99.2063492063492,0.819939815374432,4.535714285714286
4839,4420,4706.001918797143,512,302,0.050000000000000044,42,True,4420,286.0019187971413,4706.001918797143,99.66887417218543,0.7921089669615959,5.4635761589403975
4840,2136,2369.9710093392737,128,199,0.050000000000000044,42,True,2136,233.97100933927325,2369.9710093392737,99.49748743718592,0.8270662415439181,4.839195979899498
4841,1816,2035.042319632528,128,178,0.050000000000000044,42,True,1816,219.04231963252755,2035.042319632528,98.31460674157303,0.8272169660447208,4.859550561797753
4842,624,815.9204250056629,64,86,0.050000000000000044,42,True,624,191.92042500566305,815.9204250056629,98.83720930232558,0.8099538277456155,5.0
4843,3568,3807.419608498213,256,292,0.050000000000000044,42,True,3568,239.41960849821203,3807.419608498213,97.6027397260274,0.8086478294481059,5.123287671232877
4844,3208,3474.28554423313,256,270,0.050000000000000044,42,True,3208,266.2855442331305,3474.28554423313,99.25925925925925,0.8443676129752451,5.185185185185185
4845,5028,5330.164311473993,512,343,0.050000000000000044,42,True,5028,302.16431147399186,5330.164311473993,93.29446064139941,0.789353700225442,4.967930029154519
4846,7080,7381.113615096275,512,486,0.050000000000000044,42,True,7080,301.11361509627676,7381.113615096275,99.38271604938272,0.810095058295567,4.584362139917696
4847,1768,2000.1214071007555,128,178,0.050000000000000044,42,True,1768,232.1214071007563,2000.1214071007555,100.0,0.8524425026195928,4.617977528089888
4848,3144,3406.014357382166,256,259,0.050000000000000044,42,True,3144,262.01435738216776,3406.014357382166,96.52509652509653,0.8236503134492086,5.301158301158301
4849,6140,6435.359114954126,512,412,0.050000000000000044,42,True,6140,295.35911495412586,6435.359114954126,100.0,0.8082551699431283,4.495145631067961
4850,2848,2820.353218913703,256,233,0.050000000000000044,42,True,2848,-27.646781086297246,2820.353218913703,96.56652360515021,0.8196242444744578,3.811158798283262
4851,3068,3334.6743463437433,256,251,0.050000000000000044,42,True,3068,266.674346343744,3334.6743463437433,99.60159362549801,0.7877220442913694,4.6892430278884465
4852,268,257.6574922205996,32,51,0.050000000000000044,42,True,268,-10.342507779400446,257.6574922205996,11.764705882352942,0.6904557608208622,6.980392156862745
4853,3440,3706.5147591981367,256,291,0.050000000000000044,42,True,3440,266.51475919813555,3706.5147591981367,100.0,0.8228051285056488,4.292096219931271
4854,3068,3322.9359793981234,256,248,0.050000000000000044,42,True,3068,254.93597939812486,3322.9359793981234,99.19354838709677,0.8242032897379472,4.737903225806452
4855,1268,1493.3232719735245,128,128,0.050000000000000044,42,True,1268,225.32327197352458,1493.3232719735245,96.875,0.8165889782536835,5.421875
4856,1444,1419.563319843676,128,151,0.050000000000000044,42,True,1444,-24.436680156323867,1419.563319843676,56.29139072847682,0.7562960679721339,5.887417218543046
4857,1396,1628.2506633151788,128,144,0.050000000000000044,42,True,1396,232.25066331517945,1628.2506633151788,100.0,0.8218845653076432,5.243055555555555
4858,3728,3996.607192070381,256,314,0.050000000000000044,42,True,3728,268.6071920703815,3996.607192070381,99.04458598726114,0.7830397400257963,4.197452229299363
4859,2500,2756.236359305406,256,201,0.050000000000000044,42,True,2500,256.23635930540775,2756.236359305406,98.50746268656717,0.7720938568089191,5.388059701492537
4860,3272,3539.733458154749,256,271,0.050000000000000044,42,True,3272,267.73345815474846,3539.733458154749,100.0,0.808374180797421,4.985239852398524
4861,5696,5984.812918057256,512,400,0.050000000000000044,42,True,5696,288.8129180572547,5984.812918057256,99.5,0.7873777114915056,4.2625
4862,2636,2884.0889887264216,256,225,0.050000000000000044,42,True,2636,248.08898872642035,2884.0889887264216,96.88888888888889,0.7881478581494037,5.475555555555555
4863,2824,3088.4816241576145,256,234,0.050000000000000044,42,True,2824,264.48162415761567,3088.4816241576145,100.0,0.785755141482745,5.816239316239316
4864,1708,1945.2657765713438,128,169,0.050000000000000044,42,True,1708,237.2657765713444,1945.2657765713438,91.71597633136095,0.7920912034884039,5.4674556213017755
4865,2808,3075.164629932716,256,230,0.050000000000000044,42,True,2808,267.164629932715,3075.164629932716,99.1304347826087,0.8152189484808643,4.534782608695652
4866,6552,6842.851120970313,512,456,0.050000000000000044,42,True,6552,290.8511209703094,6842.851120970313,99.56140350877193,0.8132671615834153,4.114035087719298
4867,2608,2855.0693704979644,256,225,0.050000000000000044,42,True,2608,247.0693704979643,2855.0693704979644,98.66666666666667,0.785074315553363,5.337777777777778
4868,5404,5704.040369178685,512,377,0.050000000000000044,42,True,5404,300.04036917868285,5704.040369178685,98.6737400530504,0.811361864052708,3.8620689655172415
4869,3044,3301.0515480628956,256,250,0.050000000000000044,42,True,3044,257.0515480628951,3301.0515480628956,99.2,0.8165600889036493,4.588
4870,1588,1807.497018982399,128,160,0.050000000000000044,42,True,1588,219.49701898239923,1807.497018982399,98.75,0.8209077223507905,5.45
4871,3700,3914.7358730787005,256,302,0.050000000000000044,42,True,3700,214.7358730786991,3914.7358730787005,99.66887417218543,0.7854178063351964,5.033112582781457
4872,2912,3174.0003233891157,256,240,0.050000000000000044,42,True,2912,262.00032338911797,3174.0003233891157,97.91666666666667,0.8190417260985223,5.229166666666667
4873,1360,1592.4030408474773,128,141,0.050000000000000044,42,True,1360,232.40304084747797,1592.4030408474773,97.87234042553192,0.7984153636557556,5.836879432624113
4874,5884,6180.991705069122,512,381,0.050000000000000044,42,True,5884,296.99170506912446,6180.991705069122,100.0,0.7741058800413843,5.414698162729659
4875,5344,5641.057521825603,512,368,0.050000000000000044,42,True,5344,297.05752182559746,5641.057521825603,100.0,0.8047082478940422,4.831521739130435
4876,5660,5947.8929089176445,512,403,0.050000000000000044,42,True,5660,287.89290891764097,5947.8929089176445,99.75186104218362,0.7886248069930915,4.327543424317618
4877,4232,4498.325096312679,256,323,0.050000000000000044,42,True,4232,266.32509631267766,4498.325096312679,100.0,0.8290796565237113,4.312693498452012
4878,2048,2283.4998408801607,128,189,0.050000000000000044,42,True,2048,235.49984088016,2283.4998408801607,98.94179894179894,0.8091042959017095,3.947089947089947
4879,2496,2755.781479909452,256,217,0.050000000000000044,42,True,2496,259.78147990945104,2755.781479909452,99.07834101382488,0.8012909031112924,4.6036866359447
4880,1816,2047.8118279569896,128,168,0.050000000000000044,42,True,1816,231.81182795698922,2047.8118279569896,100.0,0.8375247274022423,4.738095238095238
4881,4788,5084.527633656667,512,336,0.050000000000000044,42,True,4788,296.5276336566659,5084.527633656667,100.0,0.8002410005103068,4.449404761904762
4882,6352,6645.189707719435,512,427,0.050000000000000044,42,True,6352,293.1897077194319,6645.189707719435,100.0,0.7977535825227694,4.086651053864169
4883,3224,3483.372111893341,256,259,0.050000000000000044,42,True,3224,259.3721118933371,3483.372111893341,98.84169884169884,0.8024111642012987,4.694980694980695
4884,756,963.2867528747322,64,101,0.050000000000000044,42,True,756,207.28675287473226,963.2867528747322,99.00990099009901,0.828429670055004,4.435643564356436
4885,2264,2519.4450853279377,256,182,0.050000000000000044,42,True,2264,255.44508532793577,2519.4450853279377,99.45054945054945,0.785558870509558,4.736263736263736
4886,2988,3243.626017562454,256,247,0.050000000000000044,42,True,2988,255.62601756245022,3243.626017562454,99.59514170040485,0.7994275424953694,5.668016194331984
4887,3232,3498.8841130173996,256,271,0.050000000000000044,42,True,3232,266.8841130174001,3498.8841130173996,99.6309963099631,0.7880719200803251,5.645756457564576
4888,2052,2312.7034431417433,256,172,0.050000000000000044,42,True,2052,260.7034431417439,2312.7034431417433,99.4186046511628,0.802730946830775,5.843023255813954
4889,5688,5986.547933204174,512,397,0.050000000000000044,42,True,5688,298.54793320417645,5986.547933204174,96.97732997481108,0.8034872953452366,3.8513853904282116
4890,7116,7411.24401977497,512,486,0.050000000000000044,42,True,7116,295.24401977497115,7411.24401977497,99.58847736625515,0.7699906732892295,4.3312757201646095
4891,7116,7411.138246982823,512,484,0.050000000000000044,42,True,7116,295.1382469828239,7411.138246982823,100.0,0.7983782632020658,4.295454545454546
4892,5296,5585.663532823111,512,361,0.050000000000000044,42,True,5296,289.6635328231135,5585.663532823111,99.44598337950139,0.8073342710031025,4.986149584487535
4893,2468,2734.6658476795346,256,213,0.050000000000000044,42,True,2468,266.66584767953645,2734.6658476795346,99.53051643192488,0.7883544002016029,5.929577464788732
4894,3272,3533.9718314824577,256,263,0.050000000000000044,42,True,3272,261.9718314824608,3533.9718314824577,99.61977186311788,0.8241130748599427,4.977186311787072
4895,5904,6199.805740375353,512,422,0.050000000000000044,42,True,5904,295.8057403753499,6199.805740375353,99.0521327014218,0.8349747443464084,3.703791469194313
4896,2480,2748.6311881855167,256,212,0.050000000000000044,42,True,2480,268.63118818551754,2748.6311881855167,99.52830188679245,0.8078020846004756,5.127358490566038
4897,5932,6233.428074510907,512,421,0.050000000000000044,42,True,5932,301.42807451091113,6233.428074510907,100.0,0.7794219940158701,4.9429928741092635
4898,3484,3750.183914840759,256,290,0.050000000000000044,42,True,3484,266.1839148407609,3750.183914840759,99.65517241379311,0.8154442510974693,4.548275862068966
4899,3172,3429.846298297064,256,262,0.050000000000000044,42,True,3172,257.8462982970623,3429.846298297064,98.09160305343511,0.8103107188530041,4.408396946564886
4900,5336,5635.225719883025,512,372,0.050000000000000044,42,True,5336,299.2257198830257,5635.225719883025,99.73118279569893,0.7896355243607753,5.18010752688172
4901,4388,4673.410495846612,512,294,0.050000000000000044,42,True,4388,285.4104958466161,4673.410495846612,99.65986394557824,0.8012641108756546,4.877551020408164
4902,3352,3533.6749847016968,256,285,0.050000000000000044,42,True,3352,181.67498470169372,3533.6749847016968,99.29824561403508,0.8347214890557306,4.105263157894737
4903,4324,4571.074446066183,512,295,0.050000000000000044,42,True,4324,247.07444606617855,4571.074446066183,99.66101694915254,0.808667159740904,5.047457627118644
4904,7332,7629.889374823273,512,505,0.050000000000000044,42,True,7332,297.8893748232685,7629.889374823273,100.0,0.7717998735125866,4.3841584158415845
4905,3484,3750.087461588355,256,291,0.050000000000000044,42,True,3484,266.0874615883547,3750.087461588355,99.3127147766323,0.8346272065193177,4.9553264604811
4906,3072,3260.5807764473275,256,253,0.050000000000000044,42,True,3072,188.58077644732862,3260.5807764473275,100.0,0.8185275627578912,5.3438735177865615
4907,2464,2639.873271889401,128,228,0.050000000000000044,42,True,2464,175.87327188940094,2639.873271889401,96.9298245614035,0.8061222988011014,5.0131578947368425
4908,5316,5616.924518345245,512,376,0.050000000000000044,42,True,5316,300.9245183452455,5616.924518345245,100.0,0.8115303245797324,4.529255319148936
4909,2484,2743.2118323228297,256,212,0.050000000000000044,42,True,2484,259.21183232282937,2743.2118323228297,98.58490566037736,0.8198886089817603,5.75
4910,5080,5358.567422612687,512,344,0.050000000000000044,42,True,5080,278.5674226126864,5358.567422612687,99.4186046511628,0.7962454959451536,4.630813953488372
4911,4728,5026.625406512502,512,331,0.050000000000000044,42,True,4728,298.6254065125033,5026.625406512502,96.97885196374622,0.7876098734876709,4.743202416918429
4912,3016,3228.737484053215,256,243,0.050000000000000044,42,True,3016,212.73748405321672,3228.737484053215,99.58847736625515,0.7891704036876688,5.51440329218107
4913,3184,3441.9910089224454,256,258,0.050000000000000044,42,True,3184,257.99100892244337,3441.9910089224454,99.2248062015504,0.7973071284080563,4.534883720930233
4914,1648,1871.1731582007699,128,167,0.050000000000000044,42,True,1648,223.1731582007689,1871.1731582007699,99.40119760479043,0.8166553555232793,4.6946107784431135
4915,6844,7140.4173658186,512,466,0.050000000000000044,42,True,6844,296.41736581859635,7140.4173658186,99.78540772532189,0.7940023706895519,4.227467811158799
4916,892,1074.4580245457469,64,108,0.050000000000000044,42,True,892,182.45802454574644,1074.4580245457469,98.14814814814815,0.793545170988191,5.222222222222222
4917,5460,5707.011117662221,512,381,0.050000000000000044,42,True,5460,247.01111766222385,5707.011117662221,99.73753280839895,0.7950182084470483,4.2808398950131235
4918,2912,3176.899629872895,256,235,0.050000000000000044,42,True,2912,264.8996298728928,3176.899629872895,99.57446808510639,0.7720751521251693,5.025531914893617
4919,3280,3536.2305519841684,256,277,0.050000000000000044,42,True,3280,256.2305519841671,3536.2305519841684,99.63898916967509,0.79926126708424,5.2202166064981945
4920,6476,6413.206521739135,512,462,0.050000000000000044,42,True,6476,-62.793478260869556,6413.206521739135,82.03463203463204,0.7727245073154665,4.186147186147186
4921,3000,3264.8815515862434,256,245,0.050000000000000044,42,True,3000,264.8815515862437,3264.8815515862434,100.0,0.8149184546936906,5.191836734693878
4922,5256,5554.920995079276,512,372,0.050000000000000044,42,True,5256,298.9209950792783,5554.920995079276,100.0,0.8106270393272044,4.913978494623656
4923,1720,1957.7841089937865,128,171,0.050000000000000044,42,True,1720,237.78410899378642,1957.7841089937865,94.73684210526316,0.8051247401692339,4.7368421052631575
4924,1056,1283.3283134954856,128,114,0.050000000000000044,42,True,1056,227.32831349548619,1283.3283134954856,94.73684210526316,0.8004965395887423,5.7631578947368425
4925,392,384.75989769184116,32,64,0.050000000000000044,42,True,392,-7.24010230815896,384.75989769184116,39.0625,0.7334593357042161,6.78125
4926,3460,3674.948777143988,256,284,0.050000000000000044,42,True,3460,214.94877714398905,3674.948777143988,99.64788732394366,0.7700296362347143,4.693661971830986
4927,2964,3226.996101071816,256,248,0.050000000000000044,42,True,2964,262.9961010718169,3226.996101071816,100.0,0.7930407494957293,4.092741935483871
4928,1416,1653.5333653011603,128,146,0.050000000000000044,42,True,1416,237.53336530116002,1653.5333653011603,63.6986301369863,0.8017894700427368,5.47945205479452
4929,4804,5091.325723448361,512,334,0.050000000000000044,42,True,4804,287.3257234483584,5091.325723448361,98.50299401197604,0.7919468692979534,4.550898203592815
4930,3164,3428.110459276134,256,260,0.050000000000000044,42,True,3164,264.11045927613526,3428.110459276134,78.46153846153847,0.7759176740166404,4.834615384615384
4931,2120,2337.7448805869667,256,176,0.050000000000000044,42,True,2120,217.74488058696667,2337.7448805869667,99.43181818181819,0.8195888680288373,6.5397727272727275
4932,836,828.3585219574165,64,100,0.050000000000000044,42,True,836,-7.64147804258338,828.3585219574165,9.0,0.7324140545672804,5.19
4933,6408,6661.217403424929,512,435,0.050000000000000044,42,True,6408,253.2174034249303,6661.217403424929,100.0,0.8079415758105636,5.395402298850574
4934,1076,1310.5647160944925,128,118,0.050000000000000044,42,True,1076,234.56471609449278,1310.5647160944925,99.15254237288136,0.7874161140239498,5.737288135593221
4935,2960,3166.26754435959,256,239,0.050000000000000044,42,True,2960,206.26754435958813,3166.26754435959,98.74476987447699,0.8020461600568025,5.0
4936,1324,1548.2484227598093,128,137,0.050000000000000044,42,True,1324,224.24842275980947,1548.2484227598093,99.27007299270073,0.8116366167977378,6.116788321167883
4937,1220,1212.9841949303252,128,125,0.050000000000000044,42,True,1220,-7.015805069674599,1212.9841949303252,47.2,0.7212341467868838,5.008
4938,6988,7287.324830656019,512,484,0.050000000000000044,42,True,6988,299.3248306560197,7287.324830656019,99.79338842975207,0.7946981335140392,5.167355371900826
4939,4372,4661.44112835965,512,291,0.050000000000000044,42,True,4372,289.44112835965456,4661.44112835965,99.65635738831615,0.8060608079708328,5.43298969072165
4940,4944,4935.228029197797,512,343,0.050000000000000044,42,True,4944,-8.771970802202622,4935.228029197797,81.63265306122449,0.795141046480844,4.7317784256559765
4941,600,592.9703679478796,64,80,0.050000000000000044,42,True,600,-7.0296320521205935,592.9703679478796,5.0,0.6980186739846537,4.2625
4942,3192,3434.7630075429283,256,265,0.050000000000000044,42,True,3192,242.76300754293047,3434.7630075429283,93.20754716981132,0.7690002531218898,5.083018867924529
4943,1396,1630.732548458952,128,149,0.050000000000000044,42,True,1396,234.73254845895207,1630.732548458952,99.32885906040268,0.783297483319759,4.510067114093959
4944,460,453.1613605740608,32,75,0.050000000000000044,42,True,460,-6.838639425939286,453.1613605740608,5.333333333333333,0.723887284269097,4.56
4945,4736,5007.775510329942,512,321,0.050000000000000044,42,True,4736,271.7755103299414,5007.775510329942,92.83489096573209,0.7830662880906109,4.451713395638629
4946,3440,3705.3073561217934,256,285,0.050000000000000044,42,True,3440,265.30735612179586,3705.3073561217934,100.0,0.8241651853304186,4.796491228070176
4947,3220,3434.056378577551,256,268,0.050000000000000044,42,True,3220,214.05637857755409,3434.056378577551,99.25373134328358,0.77081929547842,5.906716417910448
4948,4596,4886.3931370590535,512,315,0.050000000000000044,42,True,4596,290.3931370590509,4886.3931370590535,98.41269841269842,0.7810287006266599,4.777777777777778
4949,1332,1559.1666053342483,128,138,0.050000000000000044,42,True,1332,227.16660533424775,1559.1666053342483,52.17391304347826,0.7786284383163824,4.086956521739131
4950,828,1029.5526820276496,64,101,0.050000000000000044,42,True,828,201.55268202764978,1029.5526820276496,100.0,0.8057833228055193,4.673267326732673
4951,596,533.1372294372295,64,84,0.050000000000000044,42,True,596,-62.8627705627706,533.1372294372295,35.714285714285715,0.7571672479616283,5.666666666666667
4952,2068,2303.3665588828944,128,195,0.050000000000000044,42,True,2068,235.36655888289386,2303.3665588828944,98.97435897435898,0.8132685865676856,4.420512820512821
4953,1672,1889.123833036737,128,170,0.050000000000000044,42,True,1672,217.12383303673627,1889.123833036737,98.23529411764706,0.7852311520335217,5.694117647058824
4954,10328,10598.774819140095,1024,596,0.050000000000000044,42,True,10328,270.7748191400943,10598.774819140095,99.66442953020135,0.8011752745262117,4.419463087248322
4955,3164,3426.3281410706627,256,261,0.050000000000000044,42,True,3164,262.3281410706642,3426.3281410706627,99.61685823754789,0.7954058844906752,5.432950191570881
4956,6212,6499.470713587487,512,415,0.050000000000000044,42,True,6212,287.4707135874878,6499.470713587487,99.75903614457832,0.8118576258616599,4.693975903614458
4957,7028,7317.656473477072,512,477,0.050000000000000044,42,True,7028,289.65647347707625,7317.656473477072,99.58071278825996,0.809170911186411,4.109014675052411
4958,3168,3433.4391020207804,256,266,0.050000000000000044,42,True,3168,265.4391020207793,3433.4391020207804,100.0,0.8294137871742108,5.180451127819549
4959,3300,3557.901467312563,256,282,0.050000000000000044,42,True,3300,257.9014673125632,3557.901467312563,99.64539007092199,0.8407165048761986,3.9326241134751774
4960,3520,3783.549002883196,256,280,0.050000000000000044,42,True,3520,263.5490028831949,3783.549002883196,97.14285714285714,0.8027253346504595,4.307142857142857
4961,6232,6485.92196394687,512,419,0.050000000000000044,42,True,6232,253.92196394686908,6485.92196394687,100.0,0.7987225961570615,4.737470167064439
4962,332,501.3654711246201,32,57,0.050000000000000044,42,True,332,169.36547112462003,501.3654711246201,96.49122807017544,0.8051702355446175,6.0701754385964914
4963,2468,2717.354242207113,256,210,0.050000000000000044,42,True,2468,249.3542422071136,2717.354242207113,71.9047619047619,0.7915934543548965,4.671428571428572
4964,3052,3309.3971740422535,256,249,0.050000000000000044,42,True,3052,257.3971740422543,3309.3971740422535,99.19678714859438,0.8113359858779002,4.718875502008032
4965,1368,1560.0203031638973,128,143,0.050000000000000044,42,True,1368,192.02030316389798,1560.0203031638973,100.0,0.84135043697499,5.531468531468532
4966,2452,2708.92104208216,256,209,0.050000000000000044,42,True,2452,256.92104208215994,2708.92104208216,98.08612440191388,0.8143895683040258,5.320574162679426
4967,3224,3482.981056145474,256,262,0.050000000000000044,42,True,3224,258.9810561454716,3482.981056145474,99.61832061068702,0.8150614958814029,4.843511450381679
4968,1452,1683.1143068126646,128,148,0.050000000000000044,42,True,1452,231.11430681266475,1683.1143068126646,99.32432432432432,0.8148078293454732,4.966216216216216
4969,3536,3783.589595537812,256,299,0.050000000000000044,42,True,3536,247.58959553781284,3783.589595537812,97.65886287625418,0.8228414763155836,4.377926421404682
4970,3056,3322.557190520228,256,250,0.050000000000000044,42,True,3056,266.557190520227,3322.557190520228,99.6,0.8162744849617137,5.496
4971,4812,5093.277981555031,512,327,0.050000000000000044,42,True,4812,281.27798155503297,5093.277981555031,99.38837920489297,0.7761383256765694,5.409785932721713
4972,628,627.9942897214987,64,87,0.050000000000000044,42,True,628,-0.005710278501300792,627.9942897214987,0.0,0.7596662926959078,4.126436781609195
4973,5408,5705.335452853601,512,376,0.050000000000000044,42,True,5408,297.335452853598,5705.335452853601,100.0,0.8316141268077302,4.651595744680851
4974,2568,2748.9710870951985,256,212,0.050000000000000044,42,True,2568,180.9710870952006,2748.9710870951985,99.52830188679245,0.8134011245495721,4.0424528301886795
4975,3228,3209.8651391138173,256,264,0.050000000000000044,42,True,3228,-18.134860886184924,3209.8651391138173,88.25757575757575,0.8368288368816633,3.727272727272727
4976,3260,3529.098384982879,256,267,0.050000000000000044,42,True,3260,269.0983849828774,3529.098384982879,100.0,0.8262523516325739,4.887640449438202
4977,2436,2678.13100322313,256,206,0.050000000000000044,42,True,2436,242.1310032231301,2678.13100322313,77.18446601941747,0.8437166621918358,5.199029126213592
4978,3036,3294.727956989249,256,244,0.050000000000000044,42,True,3036,258.7279569892473,3294.727956989249,99.59016393442623,0.8329087490671275,5.372950819672131
4979,2512,2772.8708971697747,256,209,0.050000000000000044,42,True,2512,260.8708971697741,2772.8708971697747,99.52153110047847,0.7828472107909686,4.741626794258373
4980,2352,2566.966683273135,256,198,0.050000000000000044,42,True,2352,214.96668327313486,2566.966683273135,99.4949494949495,0.8228083244023324,5.55050505050505
4981,3308,3566.7329586921605,256,278,0.050000000000000044,42,True,3308,258.73295869216173,3566.7329586921605,99.64028776978417,0.8319534184416665,4.942446043165468
4982,1412,1414.6360401061684,128,150,0.050000000000000044,42,True,1412,2.636040106168835,1414.6360401061684,0.0,0.7337472714575816,3.8
4983,3268,3536.2867365517795,256,275,0.050000000000000044,42,True,3268,268.2867365517783,3536.2867365517795,100.0,0.8423385000178026,4.5636363636363635
4984,1480,1713.8259496491373,128,147,0.050000000000000044,42,True,1480,233.82594964913633,1713.8259496491373,99.31972789115646,0.8263668569234357,5.7687074829931975
4985,3192,3449.526937125438,256,266,0.050000000000000044,42,True,3192,257.52693712543686,3449.526937125438,98.1203007518797,0.8500880932167155,4.541353383458647
4986,3304,3568.9487840445577,256,264,0.050000000000000044,42,True,3304,264.9487840445574,3568.9487840445577,99.62121212121212,0.804088099542001,3.606060606060606
4987,2352,2612.1269452298884,256,191,0.050000000000000044,42,True,2352,260.12694522988875,2612.1269452298884,96.33507853403141,0.8135000506301919,4.837696335078534
4988,2228,2219.935858616142,256,191,0.050000000000000044,42,True,2228,-8.064141383858974,2219.935858616142,8.900523560209423,0.7406493327152169,3.675392670157068
4989,3652,3917.8087572888244,256,305,0.050000000000000044,42,True,3652,265.8087572888247,3917.8087572888244,99.67213114754098,0.8242225834690405,3.904918032786885
4990,3092,3353.44167838873,256,252,0.050000000000000044,42,True,3092,261.44167838872994,3353.44167838873,98.80952380952381,0.8230970696860143,4.781746031746032
4991,2288,2532.989355270545,256,192,0.050000000000000044,42,True,2288,244.98935527054456,2532.989355270545,98.95833333333333,0.81534729332739,4.453125
4992,2844,2839.2449875289362,256,230,0.050000000000000044,42,True,2844,-4.7550124710664505,2839.2449875289362,94.34782608695652,0.8035681838319784,4.639130434782609
4993,2936,3146.3182773109247,256,243,0.050000000000000044,42,True,2936,210.31827731092434,3146.3182773109247,99.58847736625515,0.8069112505516677,5.279835390946502
4994,2872,3141.0729328883954,256,239,0.050000000000000044,42,True,2872,269.0729328883945,3141.0729328883954,100.0,0.8117989387197044,4.694560669456067
4995,2268,2538.552858750974,256,186,0.050000000000000044,42,True,2268,270.5528587509755,2538.552858750974,99.46236559139786,0.8123782828714995,6.247311827956989
4996,4680,4975.061769480142,512,320,0.050000000000000044,42,True,4680,295.0617694801462,4975.061769480142,100.0,0.8014491746459035,4.746875
4997,4676,4947.886021173227,512,322,0.050000000000000044,42,True,4676,271.88602117322625,4947.886021173227,99.06832298136646,0.800194525618989,4.565217391304348
4998,7704,7993.910678700809,512,519,0.050000000000000044,42,True,7704,289.910678700806,7993.910678700809,99.03660886319845,0.780177461978568,3.7591522157996144
4999,6296,6591.986468235424,512,423,0.050000000000000044,42,True,6296,295.9864682354164,6591.986468235424,100.0,0.7921501458124927,4.148936170212766
5000,8012,8307.327573043927,512,554,0.050000000000000044,42,True,8012,295.3275730439318,8307.327573043927,100.0,0.7826873478554074,3.411552346570397
